record_id,collection_round,route,airline,flight,departure_date,collection_time,booking_horizon,cabin,base_fare,fuel_surcharge,udf,convenience_fee,gst,total_fare,availability,source,quality_status,exclusion_reason
1,1,DEL-BOM,IndiGo,IN532,2026-08-15,2026-07-01,T+45,Economy,4416.0,349,174,290,581,5810.0,Available,Airline Site,Valid,
2,1,DEL-BOM,IndiGo,IN204,2026-08-15,2026-07-16,T+30,Economy,5959.0,470,235,392,784,7840.0,Available,Airline Site,Valid,
3,1,DEL-BOM,IndiGo,IN370,2026-08-15,2026-07-31,T+15,Economy,7379.0,583,291,486,971,9710.0,Available,OTA,Valid,
4,1,DEL-BOM,IndiGo,IN487,2026-08-15,2026-08-08,T+7,Economy,8816.0,696,348,580,1160,11600.0,Available,OTA,Valid,
5,1,DEL-BOM,IndiGo,IN982,2026-08-15,2026-08-14,T+1,Economy,9925.0,784,392,653,1306,13060.0,Available,Airline Site,Valid,
6,1,DEL-BOM,Air India,AI396,2026-08-15,2026-07-01,T+45,Economy,4301.0,340,170,283,566,5660.0,Available,Airline Site,Valid,
7,1,DEL-BOM,Air India,AI564,2026-08-15,2026-07-16,T+30,Economy,6118.0,483,242,402,805,8050.0,Available,OTA,Valid,
8,1,DEL-BOM,Air India,AI786,2026-08-15,2026-07-31,T+15,Economy,6878.0,543,272,452,905,9050.0,Available,Airline Site,Valid,
9,1,DEL-BOM,Air India,AI846,2026-08-15,2026-08-08,T+7,Economy,8277.0,653,327,544,1089,10890.0,Available,OTA,Valid,
10,1,DEL-BOM,Air India,AI755,2026-08-15,2026-08-14,T+1,Economy,8854.0,699,350,582,1165,11650.0,Available,Airline Site,Valid,
11,1,DEL-BOM,Akasa,AK334,2026-08-15,2026-07-01,T+45,Economy,4423.0,349,175,291,582,5820.0,Available,OTA,Valid,
12,1,DEL-BOM,Akasa,AK680,2026-08-15,2026-07-16,T+30,Economy,5655.0,446,223,372,744,7440.0,Available,OTA,Valid,
13,1,DEL-BOM,Akasa,AK758,2026-08-15,2026-07-31,T+15,Economy,6984.0,551,276,460,919,9190.0,Available,OTA,Valid,
14,1,DEL-BOM,Akasa,AK651,2026-08-15,2026-08-08,T+7,Economy,7661.0,605,302,504,1008,10080.0,Available,OTA,Valid,
15,1,DEL-BOM,Akasa,AK324,2026-08-15,2026-08-14,T+1,Economy,9614.0,759,380,632,1265,12650.0,Available,Airline Site,Valid,
16,1,DEL-BLR,IndiGo,IN742,2026-08-15,2026-07-01,T+45,Economy,2265.0,179,89,149,298,2980.0,Available,OTA,Valid,
17,1,DEL-BLR,IndiGo,IN710,2026-08-15,2026-07-16,T+30,Economy,3139.0,248,124,206,413,4130.0,Available,OTA,Valid,
18,1,DEL-BLR,IndiGo,IN111,2026-08-15,2026-07-31,T+15,Economy,4393.0,347,173,289,578,5780.0,Available,Airline Site,Valid,
19,1,DEL-BLR,IndiGo,IN373,2026-08-15,2026-08-08,T+7,Economy,4560.0,360,180,300,600,6000.0,Available,OTA,Valid,
20,1,DEL-BLR,IndiGo,IN564,2026-08-15,2026-08-14,T+1,Economy,4234.0,334,167,278,557,5570.0,Sold Out,OTA,Flagged,Sold out at collection time
21,1,DEL-BLR,Air India,AI208,2026-08-15,2026-07-01,T+45,Economy,2751.0,217,109,181,362,3620.0,Available,OTA,Valid,
22,1,DEL-BLR,Air India,AI303,2026-08-15,2026-07-16,T+30,Economy,3869.0,305,153,254,509,5090.0,Available,Airline Site,Valid,
23,1,DEL-BLR,Air India,AI643,2026-08-15,2026-07-31,T+15,Economy,4788.0,378,189,315,630,6300.0,Available,OTA,Valid,
24,1,DEL-BLR,Air India,AI471,2026-08-15,2026-08-08,T+7,Economy,5054.0,399,200,332,665,6650.0,Available,OTA,Valid,
25,1,DEL-BLR,Air India,AI680,2026-08-15,2026-08-14,T+1,Economy,5146.0,406,203,338,677,6770.0,Available,Airline Site,Valid,
26,1,DEL-BLR,Akasa,AK645,2026-08-15,2026-07-01,T+45,Economy,2705.0,214,107,178,356,3560.0,Available,Airline Site,Valid,
27,1,DEL-BLR,Akasa,AK269,2026-08-15,2026-07-16,T+30,Economy,3724.0,294,147,245,490,4900.0,Available,OTA,Valid,
28,1,DEL-BLR,Akasa,AK873,2026-08-15,2026-07-31,T+15,Economy,5008.0,395,198,330,659,6590.0,Available,Airline Site,Valid,
29,1,DEL-BLR,Akasa,AK787,2026-08-15,2026-08-08,T+7,Economy,5168.0,408,204,340,680,6800.0,Available,OTA,Valid,
30,1,DEL-BLR,Akasa,AK353,2026-08-15,2026-08-14,T+1,Economy,5829.0,460,230,384,767,7670.0,Available,OTA,Valid,
31,1,BOM-BLR,IndiGo,IN824,2026-08-15,2026-07-01,T+45,Economy,2189.0,173,86,144,288,2880.0,Available,Airline Site,Valid,
32,1,BOM-BLR,IndiGo,IN438,2026-08-15,2026-07-16,T+30,Economy,2805.0,221,111,184,369,3690.0,Available,Airline Site,Valid,
33,1,BOM-BLR,IndiGo,IN652,2026-08-15,2026-07-31,T+15,Economy,3670.0,290,145,242,483,4830.0,Available,OTA,Valid,
34,1,BOM-BLR,IndiGo,IN516,2026-08-15,2026-08-08,T+7,Economy,4005.0,316,158,264,527,5270.0,Available,Airline Site,Valid,
35,1,BOM-BLR,IndiGo,IN520,2026-08-15,2026-08-14,T+1,Economy,4712.0,372,186,310,620,6200.0,Available,Airline Site,Valid,
36,1,BOM-BLR,Air India,AI512,2026-08-15,2026-07-01,T+45,Economy,2258.0,178,89,148,297,2970.0,Available,Airline Site,Valid,
37,1,BOM-BLR,Air India,AI559,2026-08-15,2026-07-16,T+30,Economy,2964.0,234,117,195,390,3900.0,Available,Airline Site,Valid,
38,1,BOM-BLR,Air India,AI177,2026-08-15,2026-07-31,T+15,Economy,3701.0,292,146,244,487,4870.0,Available,Airline Site,Valid,
39,1,BOM-BLR,Air India,AI956,2026-08-15,2026-08-08,T+7,Economy,4035.0,319,159,266,531,5310.0,Sold Out,Airline Site,Flagged,Sold out at collection time
40,1,BOM-BLR,Air India,AI270,2026-08-15,2026-08-14,T+1,Economy,5275.0,416,208,347,694,6940.0,Available,OTA,Valid,
41,1,BOM-BLR,Akasa,AK488,2026-08-15,2026-07-01,T+45,Economy,2052.0,162,81,135,270,2700.0,Sold Out,OTA,Flagged,Sold out at collection time
42,1,BOM-BLR,Akasa,AK565,2026-08-15,2026-07-16,T+30,Economy,2812.0,222,111,185,370,3700.0,Available,OTA,Valid,
43,1,BOM-BLR,Akasa,AK159,2026-08-15,2026-07-31,T+15,Economy,3299.0,260,130,217,434,4340.0,Available,Airline Site,Valid,
44,1,BOM-BLR,Akasa,AK698,2026-08-15,2026-08-08,T+7,Economy,4089.0,323,161,269,538,5380.0,Available,Airline Site,Valid,
45,1,BOM-BLR,Akasa,AK971,2026-08-15,2026-08-14,T+1,Economy,3815.0,301,151,251,502,5020.0,Available,Airline Site,Valid,
46,1,DEL-CCU,IndiGo,IN352,2026-08-15,2026-07-01,T+45,Economy,2957.0,233,117,194,389,3890.0,Available,Airline Site,Valid,
47,1,DEL-CCU,IndiGo,IN697,2026-08-15,2026-07-16,T+30,Economy,3937.0,311,155,259,518,5180.0,Available,OTA,Valid,
48,1,DEL-CCU,IndiGo,IN833,2026-08-15,2026-07-31,T+15,Economy,5237.0,413,207,344,689,6890.0,Available,OTA,Valid,
49,1,DEL-CCU,IndiGo,IN407,2026-08-15,2026-08-08,T+7,Economy,5373.0,424,212,354,707,7070.0,Available,Airline Site,Valid,
50,1,DEL-CCU,IndiGo,IN676,2026-08-15,2026-08-14,T+1,Economy,5199.0,410,205,342,684,6840.0,Available,Airline Site,Valid,
51,1,DEL-CCU,Air India,AI457,2026-08-15,2026-07-01,T+45,Economy,3002.0,237,118,198,395,3950.0,Available,Airline Site,Valid,
52,1,DEL-CCU,Air India,AI953,2026-08-15,2026-07-16,T+30,Economy,3990.0,315,158,262,525,5250.0,Available,OTA,Valid,
53,1,DEL-CCU,Air India,AI769,2026-08-15,2026-07-31,T+15,Economy,5487.0,433,217,361,722,7220.0,Available,OTA,Valid,
54,1,DEL-CCU,Air India,AI999,2026-08-15,2026-08-08,T+7,Economy,6194.0,489,244,408,815,8150.0,Available,Airline Site,Valid,
55,1,DEL-CCU,Air India,AI259,2026-08-15,2026-08-14,T+1,Economy,6901.0,545,272,454,908,9080.0,Available,Airline Site,Valid,
56,1,DEL-CCU,Akasa,AK370,2026-08-15,2026-07-01,T+45,Economy,3200.0,253,126,210,421,4210.0,Available,OTA,Valid,
57,1,DEL-CCU,Akasa,AK194,2026-08-15,2026-07-16,T+30,Economy,4598.0,363,182,302,605,6050.0,Available,OTA,Valid,
58,1,DEL-CCU,Akasa,AK233,2026-08-15,2026-07-31,T+15,Economy,4864.0,384,192,320,640,6400.0,Available,OTA,Valid,
59,1,DEL-CCU,Akasa,AK822,2026-08-15,2026-08-08,T+7,Economy,5517.0,436,218,363,726,7260.0,Available,Airline Site,Valid,
60,1,DEL-CCU,Akasa,AK807,2026-08-15,2026-08-14,T+1,Economy,5989.0,473,236,394,788,7880.0,Available,Airline Site,Valid,
61,1,DEL-HYD,IndiGo,IN415,2026-08-15,2026-07-01,T+45,Economy,2949.0,233,116,194,388,3880.0,Available,Airline Site,Valid,
62,1,DEL-HYD,IndiGo,IN355,2026-08-15,2026-07-16,T+30,Economy,4195.0,331,166,276,552,5520.0,Available,OTA,Valid,
63,1,DEL-HYD,IndiGo,IN516,2026-08-15,2026-07-31,T+15,Economy,5525.0,436,218,364,727,7270.0,Available,Airline Site,Valid,
64,1,DEL-HYD,IndiGo,IN266,2026-08-15,2026-08-08,T+7,Economy,6125.0,484,242,403,806,8060.0,Available,Airline Site,Valid,
65,1,DEL-HYD,IndiGo,IN854,2026-08-15,2026-08-14,T+1,Economy,6475.0,511,256,426,852,8520.0,Available,OTA,Valid,
66,1,DEL-HYD,Air India,AI373,2026-08-15,2026-07-01,T+45,Economy,3200.0,253,126,210,421,4210.0,Available,Airline Site,Valid,
67,1,DEL-HYD,Air India,AI581,2026-08-15,2026-07-16,T+30,Economy,4066.0,321,160,268,535,5350.0,Available,OTA,Valid,
68,1,DEL-HYD,Air India,AI992,2026-08-15,2026-07-31,T+15,Economy,5282.0,417,208,348,695,6950.0,Available,Airline Site,Valid,
69,1,DEL-HYD,Air India,AI385,2026-08-15,2026-08-08,T+7,Economy,6102.0,482,241,402,803,8030.0,Available,OTA,Valid,
70,1,DEL-HYD,Air India,AI795,2026-08-15,2026-08-14,T+1,Economy,6141.0,485,242,404,808,8080.0,Available,OTA,Valid,
71,1,DEL-HYD,Akasa,AK282,2026-08-15,2026-07-01,T+45,Economy,3313.0,262,131,218,436,4360.0,Available,OTA,Valid,
72,1,DEL-HYD,Akasa,AK453,2026-08-15,2026-07-16,T+30,Economy,4126.0,326,163,272,543,5430.0,Available,OTA,Valid,
73,1,DEL-HYD,Akasa,AK218,2026-08-15,2026-07-31,T+15,Economy,5563.0,439,220,366,732,7320.0,Available,Airline Site,Valid,
74,1,DEL-HYD,Akasa,AK101,2026-08-15,2026-08-08,T+7,Economy,5814.0,459,230,382,765,7650.0,Available,Airline Site,Valid,
75,1,DEL-HYD,Akasa,AK780,2026-08-15,2026-08-14,T+1,Economy,6149.0,485,243,404,809,8090.0,Available,OTA,Valid,
76,1,BOM-HYD,IndiGo,IN782,2026-08-15,2026-07-01,T+45,Economy,2675.0,211,106,176,352,3520.0,Available,OTA,Valid,
77,1,BOM-HYD,IndiGo,IN296,2026-08-15,2026-07-16,T+30,Economy,3717.0,293,147,244,489,4890.0,Available,OTA,Valid,
78,1,BOM-HYD,IndiGo,IN730,2026-08-15,2026-07-31,T+15,Economy,4826.0,381,190,318,635,6350.0,Available,OTA,Valid,
79,1,BOM-HYD,IndiGo,IN393,2026-08-15,2026-08-08,T+7,Economy,4955.0,391,196,326,652,6520.0,Available,OTA,Valid,
80,1,BOM-HYD,IndiGo,IN318,2026-08-15,2026-08-14,T+1,Economy,5358.0,423,212,352,705,7050.0,Available,Airline Site,Valid,
81,1,BOM-HYD,Air India,AI734,2026-08-15,2026-07-01,T+45,Economy,3009.0,238,119,198,396,3960.0,Available,Airline Site,Valid,
82,1,BOM-HYD,Air India,AI303,2026-08-15,2026-07-16,T+30,Economy,4043.0,319,160,266,532,5320.0,Available,Airline Site,Valid,
83,1,BOM-HYD,Air India,AI970,2026-08-15,2026-07-31,T+15,Economy,4803.0,379,190,316,632,6320.0,Available,OTA,Valid,
84,1,BOM-HYD,Air India,AI299,2026-08-15,2026-08-08,T+7,Economy,5555.0,439,219,366,731,7310.0,Available,OTA,Valid,
85,1,BOM-HYD,Air India,AI771,2026-08-15,2026-08-14,T+1,Economy,5936.0,469,234,390,781,7810.0,Available,Airline Site,Valid,
86,1,BOM-HYD,Akasa,AK812,2026-08-15,2026-07-01,T+45,Economy,3101.0,245,122,204,408,4080.0,Available,Airline Site,Valid,
87,1,BOM-HYD,Akasa,AK224,2026-08-15,2026-07-16,T+30,Economy,4248.0,335,168,280,559,5590.0,Available,OTA,Valid,
88,1,BOM-HYD,Akasa,AK709,2026-08-15,2026-07-31,T+15,Economy,5510.0,435,218,362,725,7250.0,Available,OTA,Valid,
89,1,BOM-HYD,Akasa,AK616,2026-08-15,2026-08-08,T+7,Economy,5973.0,472,236,393,786,7860.0,Available,OTA,Valid,
90,1,BOM-HYD,Akasa,AK586,2026-08-15,2026-08-14,T+1,Economy,6871.0,542,271,452,904,9040.0,Available,Airline Site,Valid,
91,1,BLR-HYD,IndiGo,IN344,2026-08-15,2026-07-01,T+45,Economy,2515.0,199,99,166,331,3310.0,Available,Airline Site,Valid,
92,1,BLR-HYD,IndiGo,IN443,2026-08-15,2026-07-16,T+30,Economy,3427.0,271,135,226,451,4510.0,Available,Airline Site,Valid,
93,1,BLR-HYD,IndiGo,IN810,2026-08-15,2026-07-31,T+15,Economy,3907.0,308,154,257,514,5140.0,Available,Airline Site,Valid,
94,1,BLR-HYD,IndiGo,IN655,2026-08-15,2026-08-08,T+7,Economy,4264.0,337,168,280,561,5610.0,Available,Airline Site,Valid,
95,1,BLR-HYD,IndiGo,IN888,2026-08-15,2026-08-14,T+1,Economy,4720.0,373,186,310,621,6210.0,Available,Airline Site,Valid,
96,1,BLR-HYD,Air India,AI106,2026-08-15,2026-07-01,T+45,Economy,2797.0,221,110,184,368,3680.0,Available,OTA,Valid,
97,1,BLR-HYD,Air India,AI955,2026-08-15,2026-07-16,T+30,Economy,4005.0,316,158,264,527,5270.0,Available,Airline Site,Valid,
98,1,BLR-HYD,Air India,AI597,2026-08-15,2026-07-31,T+15,Economy,4712.0,372,186,310,620,6200.0,Sold Out,OTA,Flagged,Sold out at collection time
99,1,BLR-HYD,Air India,AI841,2026-08-15,2026-08-08,T+7,Economy,5609.0,443,221,369,738,7380.0,Available,OTA,Valid,
100,1,BLR-HYD,Air India,AI646,2026-08-15,2026-08-14,T+1,Economy,6467.0,511,255,426,851,8510.0,Sold Out,OTA,Flagged,Sold out at collection time
101,1,BLR-HYD,Akasa,AK538,2026-08-15,2026-07-01,T+45,Economy,2615.0,206,103,172,344,3440.0,Available,OTA,Valid,
102,1,BLR-HYD,Akasa,AK435,2026-08-15,2026-07-16,T+30,Economy,3427.0,271,135,226,451,4510.0,Available,OTA,Valid,
103,1,BLR-HYD,Akasa,AK384,2026-08-15,2026-07-31,T+15,Economy,4507.0,356,178,296,593,5930.0,Available,OTA,Valid,
104,1,BLR-HYD,Akasa,AK119,2026-08-15,2026-08-08,T+7,Economy,4651.0,367,184,306,612,6120.0,Available,Airline Site,Valid,
105,1,BLR-HYD,Akasa,AK765,2026-08-15,2026-08-14,T+1,Economy,6027.0,476,238,396,793,7930.0,Available,Airline Site,Valid,
106,1,DEL-MAA,IndiGo,IN256,2026-08-15,2026-07-01,T+45,Economy,2653.0,209,105,174,349,3490.0,Available,OTA,Valid,
107,1,DEL-MAA,IndiGo,IN323,2026-08-15,2026-07-16,T+30,Economy,3778.0,298,149,248,497,4970.0,Available,OTA,Valid,
108,1,DEL-MAA,IndiGo,IN721,2026-08-15,2026-07-31,T+15,Economy,4788.0,378,189,315,630,6300.0,Available,Airline Site,Valid,
109,1,DEL-MAA,IndiGo,IN418,2026-08-15,2026-08-08,T+7,Economy,5365.0,424,212,353,706,7060.0,Available,Airline Site,Valid,
110,1,DEL-MAA,IndiGo,IN484,2026-08-15,2026-08-14,T+1,Economy,6133.0,484,242,404,807,8070.0,Available,Airline Site,Valid,
111,1,DEL-MAA,Air India,AI204,2026-08-15,2026-07-01,T+45,Economy,2318.0,183,92,152,305,3050.0,Available,OTA,Valid,
112,1,DEL-MAA,Air India,AI223,2026-08-15,2026-07-16,T+30,Economy,3261.0,257,129,214,429,4290.0,Available,Airline Site,Valid,
113,1,DEL-MAA,Air India,AI479,2026-08-15,2026-07-31,T+15,Economy,3778.0,298,149,248,497,4970.0,Available,OTA,Valid,
114,1,DEL-MAA,Air India,AI601,2026-08-15,2026-08-08,T+7,Economy,3853.0,304,152,254,507,5070.0,Available,OTA,Valid,
115,1,DEL-MAA,Air India,AI824,2026-08-15,2026-08-14,T+1,Economy,4909.0,388,194,323,646,6460.0,Available,Airline Site,Valid,
116,1,DEL-MAA,Akasa,AK927,2026-08-15,2026-07-01,T+45,Economy,2592.0,205,102,170,341,3410.0,Available,OTA,Valid,
117,1,DEL-MAA,Akasa,AK706,2026-08-15,2026-07-16,T+30,Economy,3595.0,284,142,236,473,4730.0,Available,Airline Site,Valid,
118,1,DEL-MAA,Akasa,AK561,2026-08-15,2026-07-31,T+15,Economy,4636.0,366,183,305,610,6100.0,Available,OTA,Valid,
119,1,DEL-MAA,Akasa,AK444,2026-08-15,2026-08-08,T+7,Economy,5085.0,401,201,334,669,6690.0,Sold Out,OTA,Flagged,Sold out at collection time
120,1,DEL-MAA,Akasa,AK916,2026-08-15,2026-08-14,T+1,Economy,4826.0,381,190,318,635,6350.0,Available,OTA,Valid,
121,1,BOM-MAA,IndiGo,IN295,2026-08-15,2026-07-01,T+45,Economy,3952.0,312,156,260,520,5200.0,Available,OTA,Valid,
122,1,BOM-MAA,IndiGo,IN807,2026-08-15,2026-07-16,T+30,Economy,5579.0,440,220,367,734,7340.0,Available,OTA,Valid,
123,1,BOM-MAA,IndiGo,IN401,2026-08-15,2026-07-31,T+15,Economy,6657.0,526,263,438,876,8760.0,Available,Airline Site,Valid,
124,1,BOM-MAA,IndiGo,IN584,2026-08-15,2026-08-08,T+7,Economy,7387.0,583,292,486,972,9720.0,Available,OTA,Valid,
125,1,BOM-MAA,IndiGo,IN438,2026-08-15,2026-08-14,T+1,Economy,8230.0,650,325,542,1083,10830.0,Available,OTA,Valid,
126,1,BOM-MAA,Air India,AI297,2026-08-15,2026-07-01,T+45,Economy,3656.0,289,144,240,481,4810.0,Available,Airline Site,Valid,
127,1,BOM-MAA,Air India,AI383,2026-08-15,2026-07-16,T+30,Economy,4933.0,389,195,324,649,6490.0,Available,OTA,Valid,
128,1,BOM-MAA,Air India,AI403,2026-08-15,2026-07-31,T+15,Economy,7106.0,561,280,468,935,9350.0,Available,Airline Site,Valid,
129,1,BOM-MAA,Air India,AI229,2026-08-15,2026-08-08,T+7,Economy,6832.0,539,270,450,899,8990.0,Available,Airline Site,Valid,
130,1,BOM-MAA,Air India,AI229,2026-08-15,2026-08-14,T+1,Economy,7774.0,614,307,512,1023,10230.0,Available,OTA,Valid,
131,1,BOM-MAA,Akasa,AK590,2026-08-15,2026-07-01,T+45,Economy,3565.0,281,141,234,469,4690.0,Available,Airline Site,Valid,
132,1,BOM-MAA,Akasa,AK982,2026-08-15,2026-07-16,T+30,Economy,5085.0,401,201,334,669,6690.0,Available,Airline Site,Valid,
133,1,BOM-MAA,Akasa,AK744,2026-08-15,2026-07-31,T+15,Economy,5867.0,463,232,386,772,7720.0,Available,Airline Site,Valid,
134,1,BOM-MAA,Akasa,AK411,2026-08-15,2026-08-08,T+7,Economy,6308.0,498,249,415,830,8300.0,Available,Airline Site,Valid,
135,1,BOM-MAA,Akasa,AK720,2026-08-15,2026-08-14,T+1,Economy,6757.0,533,267,444,889,8890.0,Available,Airline Site,Valid,
136,1,CCU-BLR,IndiGo,IN702,2026-08-15,2026-07-01,T+45,Economy,2371.0,187,94,156,312,3120.0,Available,OTA,Valid,
137,1,CCU-BLR,IndiGo,IN857,2026-08-15,2026-07-16,T+30,Economy,3177.0,251,125,209,418,4180.0,Available,Airline Site,Valid,
138,1,CCU-BLR,IndiGo,IN183,2026-08-15,2026-07-31,T+15,Economy,4119.0,325,163,271,542,5420.0,Available,Airline Site,Valid,
139,1,CCU-BLR,IndiGo,IN518,2026-08-15,2026-08-08,T+7,Economy,4484.0,354,177,295,590,5900.0,Available,OTA,Valid,
140,1,CCU-BLR,IndiGo,IN823,2026-08-15,2026-08-14,T+1,Economy,4545.0,359,179,299,598,5980.0,Available,OTA,Valid,
141,1,CCU-BLR,Air India,AI910,2026-08-15,2026-07-01,T+45,Economy,2219.0,175,88,146,292,2920.0,Available,Airline Site,Valid,
142,1,CCU-BLR,Air India,AI763,2026-08-15,2026-07-16,T+30,Economy,3018.0,238,119,198,397,3970.0,Available,OTA,Valid,
143,1,CCU-BLR,Air India,AI269,2026-08-15,2026-07-31,T+15,Economy,3967.0,313,157,261,522,5220.0,Available,OTA,Valid,
144,1,CCU-BLR,Air India,AI411,2026-08-15,2026-08-08,T+7,Economy,4180.0,330,165,275,550,5500.0,Available,OTA,Valid,
145,1,CCU-BLR,Air India,AI182,2026-08-15,2026-08-14,T+1,Economy,4560.0,360,180,300,600,6000.0,Available,OTA,Valid,
146,1,CCU-BLR,Akasa,AK334,2026-08-15,2026-07-01,T+45,Economy,2493.0,197,98,164,328,3280.0,Available,Airline Site,Valid,
147,1,CCU-BLR,Akasa,AK375,2026-08-15,2026-07-16,T+30,Economy,3717.0,293,147,244,489,4890.0,Available,Airline Site,Valid,
148,1,CCU-BLR,Akasa,AK384,2026-08-15,2026-07-31,T+15,Economy,4377.0,346,173,288,576,5760.0,Available,OTA,Valid,
149,1,CCU-BLR,Akasa,AK193,2026-08-15,2026-08-08,T+7,Economy,4994.0,394,197,328,657,6570.0,Available,OTA,Valid,
150,1,CCU-BLR,Akasa,AK978,2026-08-15,2026-08-14,T+1,Economy,5047.0,398,199,332,664,6640.0,Available,OTA,Valid,
151,2,DEL-BOM,IndiGo,IN663,2026-08-16,2026-07-02,T+45,Economy,4126.0,326,163,272,543,5430.0,Sold Out,Airline Site,Flagged,Sold out at collection time
152,2,DEL-BOM,IndiGo,IN891,2026-08-16,2026-07-17,T+30,Economy,5289.0,418,209,348,696,6960.0,Available,Airline Site,Valid,
153,2,DEL-BOM,IndiGo,IN523,2026-08-16,2026-08-01,T+15,Economy,7122.0,562,281,468,937,9370.0,Available,OTA,Valid,
154,2,DEL-BOM,IndiGo,IN552,2026-08-16,2026-08-09,T+7,Economy,7859.0,620,310,517,1034,10340.0,Available,Airline Site,Valid,
155,2,DEL-BOM,IndiGo,IN394,2026-08-16,2026-08-15,T+1,Economy,7578.0,598,299,498,997,9970.0,Available,OTA,Valid,
156,2,DEL-BOM,Air India,AI345,2026-08-16,2026-07-02,T+45,Economy,3937.0,311,155,259,518,5180.0,Available,OTA,Valid,
157,2,DEL-BOM,Air India,AI195,2026-08-16,2026-07-17,T+30,Economy,5335.0,421,211,351,702,7020.0,Available,Airline Site,Valid,
158,2,DEL-BOM,Air India,AI952,2026-08-16,2026-08-01,T+15,Economy,6453.0,509,255,424,849,8490.0,Available,OTA,Valid,
159,2,DEL-BOM,Air India,AI954,2026-08-16,2026-08-09,T+7,Economy,7296.0,576,288,480,960,9600.0,Available,OTA,Valid,
160,2,DEL-BOM,Air India,AI492,2026-08-16,2026-08-15,T+1,Economy,7463.0,589,295,491,982,9820.0,Available,Airline Site,Valid,
161,2,DEL-BOM,Akasa,AK524,2026-08-16,2026-07-02,T+45,Economy,4605.0,364,182,303,606,6060.0,Available,OTA,Valid,
162,2,DEL-BOM,Akasa,AK405,2026-08-16,2026-07-17,T+30,Economy,6277.0,496,248,413,826,8260.0,Available,OTA,Valid,
163,2,DEL-BOM,Akasa,AK595,2026-08-16,2026-08-01,T+15,Economy,8223.0,649,325,541,1082,10820.0,Available,OTA,Valid,
164,2,DEL-BOM,Akasa,AK293,2026-08-16,2026-08-09,T+7,Economy,8368.0,661,330,550,1101,11010.0,Available,Airline Site,Valid,
165,2,DEL-BOM,Akasa,AK894,2026-08-16,2026-08-15,T+1,Economy,9189.0,725,363,604,1209,12090.0,Available,OTA,Valid,
166,2,DEL-BLR,IndiGo,IN779,2026-08-16,2026-07-02,T+45,Economy,2599.0,205,103,171,342,3420.0,Available,Airline Site,Valid,
167,2,DEL-BLR,IndiGo,IN614,2026-08-16,2026-07-17,T+30,Economy,3435.0,271,136,226,452,4520.0,Available,OTA,Valid,
168,2,DEL-BLR,IndiGo,IN550,2026-08-16,2026-08-01,T+15,Economy,4879.0,385,193,321,642,6420.0,Available,OTA,Valid,
169,2,DEL-BLR,IndiGo,IN991,2026-08-16,2026-08-09,T+7,Economy,4309.0,340,170,284,567,5670.0,Available,Airline Site,Valid,
170,2,DEL-BLR,IndiGo,IN371,2026-08-16,2026-08-15,T+1,Economy,4842.0,382,191,318,637,6370.0,Available,OTA,Valid,
171,2,DEL-BLR,Air India,AI979,2026-08-16,2026-07-02,T+45,Economy,2645.0,209,104,174,348,3480.0,Available,OTA,Valid,
172,2,DEL-BLR,Air India,AI599,2026-08-16,2026-07-17,T+30,Economy,3633.0,287,143,239,478,4780.0,Available,Airline Site,Valid,
173,2,DEL-BLR,Air India,AI800,2026-08-16,2026-08-01,T+15,Economy,4430.0,350,175,292,583,5830.0,Available,Airline Site,Valid,
174,2,DEL-BLR,Air India,AI200,2026-08-16,2026-08-09,T+7,Economy,5137.0,406,203,338,676,6760.0,Available,Airline Site,Valid,
175,2,DEL-BLR,Air India,AI129,2026-08-16,2026-08-15,T+1,Economy,5237.0,413,207,344,689,6890.0,Sold Out,Airline Site,Flagged,Sold out at collection time
176,2,DEL-BLR,Akasa,AK643,2026-08-16,2026-07-02,T+45,Economy,2363.0,187,93,156,311,3110.0,Available,Airline Site,Valid,
177,2,DEL-BLR,Akasa,AK991,2026-08-16,2026-07-17,T+30,Economy,3048.0,241,120,200,401,4010.0,Available,Airline Site,Valid,
178,2,DEL-BLR,Akasa,AK337,2026-08-16,2026-08-01,T+15,Economy,4126.0,326,163,272,543,5430.0,Available,OTA,Valid,
179,2,DEL-BLR,Akasa,AK923,2026-08-16,2026-08-09,T+7,Economy,4560.0,360,180,300,600,6000.0,Available,OTA,Valid,
180,2,DEL-BLR,Akasa,AK552,2026-08-16,2026-08-15,T+1,Economy,5001.0,395,197,329,658,6580.0,Available,OTA,Valid,
181,2,BOM-BLR,IndiGo,IN303,2026-08-16,2026-07-02,T+45,Economy,2258.0,178,89,148,297,2970.0,Available,OTA,Valid,
182,2,BOM-BLR,IndiGo,IN467,2026-08-16,2026-07-17,T+30,Economy,2819.0,223,111,186,371,3710.0,Available,OTA,Valid,
183,2,BOM-BLR,IndiGo,IN505,2026-08-16,2026-08-01,T+15,Economy,3474.0,274,137,228,457,4570.0,Available,Airline Site,Valid,
184,2,BOM-BLR,IndiGo,IN952,2026-08-16,2026-08-09,T+7,Economy,4621.0,365,182,304,608,6080.0,Available,OTA,Valid,
185,2,BOM-BLR,IndiGo,IN921,2026-08-16,2026-08-15,T+1,Economy,4697.0,371,185,309,618,6180.0,Available,Airline Site,Valid,
186,2,BOM-BLR,Air India,AI775,2026-08-16,2026-07-02,T+45,Economy,2325.0,184,92,153,306,3060.0,Available,Airline Site,Valid,
187,2,BOM-BLR,Air India,AI761,2026-08-16,2026-07-17,T+30,Economy,3223.0,254,127,212,424,4240.0,Sold Out,OTA,Flagged,Sold out at collection time
188,2,BOM-BLR,Air India,AI234,2026-08-16,2026-08-01,T+15,Economy,3518.0,278,139,232,463,4630.0,Available,OTA,Valid,
189,2,BOM-BLR,Air India,AI305,2026-08-16,2026-08-09,T+7,Economy,4142.0,327,164,272,545,5450.0,Available,OTA,Valid,
190,2,BOM-BLR,Air India,AI950,2026-08-16,2026-08-15,T+1,Economy,4803.0,379,190,316,632,6320.0,Available,OTA,Valid,
191,2,BOM-BLR,Akasa,AK923,2026-08-16,2026-07-02,T+45,Economy,2501.0,197,99,164,329,3290.0,Available,Airline Site,Valid,
192,2,BOM-BLR,Akasa,AK980,2026-08-16,2026-07-17,T+30,Economy,3245.0,256,128,214,427,4270.0,Available,OTA,Valid,
193,2,BOM-BLR,Akasa,AK474,2026-08-16,2026-08-01,T+15,Economy,4629.0,365,183,304,609,6090.0,Available,OTA,Valid,
194,2,BOM-BLR,Akasa,AK565,2026-08-16,2026-08-09,T+7,Economy,4126.0,326,163,272,543,5430.0,Available,OTA,Valid,
195,2,BOM-BLR,Akasa,AK480,2026-08-16,2026-08-15,T+1,Economy,5160.0,407,204,340,679,6790.0,Available,Airline Site,Valid,
196,2,DEL-CCU,IndiGo,IN724,2026-08-16,2026-07-02,T+45,Economy,3078.0,243,122,202,405,4050.0,Available,Airline Site,Valid,
197,2,DEL-CCU,IndiGo,IN817,2026-08-16,2026-07-17,T+30,Economy,4256.0,336,168,280,560,5600.0,Available,OTA,Valid,
198,2,DEL-CCU,IndiGo,IN138,2026-08-16,2026-08-01,T+15,Economy,4750.0,375,188,312,625,6250.0,Available,OTA,Valid,
199,2,DEL-CCU,IndiGo,IN650,2026-08-16,2026-08-09,T+7,Economy,5275.0,416,208,347,694,6940.0,Available,OTA,Valid,
200,2,DEL-CCU,IndiGo,IN813,2026-08-16,2026-08-15,T+1,Economy,6270.0,495,248,412,825,8250.0,Available,OTA,Valid,
201,2,DEL-CCU,Air India,AI770,2026-08-16,2026-07-02,T+45,Economy,3161.0,250,125,208,416,4160.0,Available,OTA,Valid,
202,2,DEL-CCU,Air India,AI386,2026-08-16,2026-07-17,T+30,Economy,4339.0,343,171,286,571,5710.0,Sold Out,OTA,Flagged,Sold out at collection time
203,2,DEL-CCU,Air India,AI341,2026-08-16,2026-08-01,T+15,Economy,4947.0,391,195,326,651,6510.0,Available,Airline Site,Valid,
204,2,DEL-CCU,Air India,AI760,2026-08-16,2026-08-09,T+7,Economy,6406.0,506,253,422,843,8430.0,Available,OTA,Valid,
205,2,DEL-CCU,Air India,AI968,2026-08-16,2026-08-15,T+1,Economy,6088.0,481,240,400,801,8010.0,Available,Airline Site,Valid,
206,2,DEL-CCU,Akasa,AK121,2026-08-16,2026-07-02,T+45,Economy,3154.0,249,124,208,415,4150.0,Available,OTA,Valid,
207,2,DEL-CCU,Akasa,AK678,2026-08-16,2026-07-17,T+30,Economy,4005.0,316,158,264,527,5270.0,Available,Airline Site,Valid,
208,2,DEL-CCU,Akasa,AK338,2026-08-16,2026-08-01,T+15,Economy,5517.0,436,218,363,726,7260.0,Available,Airline Site,Valid,
209,2,DEL-CCU,Akasa,AK383,2026-08-16,2026-08-09,T+7,Economy,6331.0,500,250,416,833,8330.0,Available,Airline Site,Valid,
210,2,DEL-CCU,Akasa,AK917,2026-08-16,2026-08-15,T+1,Economy,7113.0,562,281,468,936,9360.0,Available,Airline Site,Valid,
211,2,DEL-HYD,IndiGo,IN116,2026-08-16,2026-07-02,T+45,Economy,2888.0,228,114,190,380,3800.0,Available,Airline Site,Valid,
212,2,DEL-HYD,IndiGo,IN216,2026-08-16,2026-07-17,T+30,Economy,3679.0,290,145,242,484,4840.0,Available,OTA,Valid,
213,2,DEL-HYD,IndiGo,IN707,2026-08-16,2026-08-01,T+15,Economy,4788.0,378,189,315,630,6300.0,Available,Airline Site,Valid,
214,2,DEL-HYD,IndiGo,IN902,2026-08-16,2026-08-09,T+7,Economy,5791.0,457,229,381,762,7620.0,Available,OTA,Valid,
215,2,DEL-HYD,IndiGo,IN162,2026-08-16,2026-08-15,T+1,Economy,5920.0,467,234,390,779,7790.0,Available,OTA,Valid,
216,2,DEL-HYD,Air India,AI554,2026-08-16,2026-07-02,T+45,Economy,2949.0,233,116,194,388,3880.0,Available,Airline Site,Valid,
217,2,DEL-HYD,Air India,AI229,2026-08-16,2026-07-17,T+30,Economy,3762.0,297,148,248,495,4950.0,Available,OTA,Valid,
218,2,DEL-HYD,Air India,AI401,2026-08-16,2026-08-01,T+15,Economy,4856.0,383,192,320,639,6390.0,Available,OTA,Valid,
219,2,DEL-HYD,Air India,AI973,2026-08-16,2026-08-09,T+7,Economy,5054.0,399,200,332,665,6650.0,Available,Airline Site,Valid,
220,2,DEL-HYD,Air India,AI523,2026-08-16,2026-08-15,T+1,Economy,5928.0,468,234,390,780,7800.0,Available,OTA,Valid,
221,2,DEL-HYD,Akasa,AK420,2026-08-16,2026-07-02,T+45,Economy,2857.0,226,113,188,376,3760.0,Available,OTA,Valid,
222,2,DEL-HYD,Akasa,AK585,2026-08-16,2026-07-17,T+30,Economy,4173.0,329,165,274,549,5490.0,Available,Airline Site,Valid,
223,2,DEL-HYD,Akasa,AK856,2026-08-16,2026-08-01,T+15,Economy,4416.0,349,174,290,581,5810.0,Available,Airline Site,Valid,
224,2,DEL-HYD,Akasa,AK675,2026-08-16,2026-08-09,T+7,Economy,5555.0,439,219,366,731,7310.0,Available,Airline Site,Valid,
225,2,DEL-HYD,Akasa,AK868,2026-08-16,2026-08-15,T+1,Economy,5867.0,463,232,386,772,7720.0,Available,Airline Site,Valid,
226,2,BOM-HYD,IndiGo,IN317,2026-08-16,2026-07-02,T+45,Economy,2979.0,235,118,196,392,3920.0,Available,OTA,Valid,
227,2,BOM-HYD,IndiGo,IN965,2026-08-16,2026-07-17,T+30,Economy,3769.0,298,149,248,496,4960.0,Available,Airline Site,Valid,
228,2,BOM-HYD,IndiGo,IN926,2026-08-16,2026-08-01,T+15,Economy,5320.0,420,210,350,700,7000.0,Available,Airline Site,Valid,
229,2,BOM-HYD,IndiGo,IN810,2026-08-16,2026-08-09,T+7,Economy,5776.0,456,228,380,760,7600.0,Available,Airline Site,Valid,
230,2,BOM-HYD,IndiGo,IN447,2026-08-16,2026-08-15,T+1,Economy,5761.0,455,227,379,758,7580.0,Available,Airline Site,Valid,
231,2,BOM-HYD,Air India,AI245,2026-08-16,2026-07-02,T+45,Economy,3093.0,244,122,204,407,4070.0,Available,Airline Site,Valid,
232,2,BOM-HYD,Air India,AI485,2026-08-16,2026-07-17,T+30,Economy,3997.0,316,158,263,526,5260.0,Available,OTA,Valid,
233,2,BOM-HYD,Air India,AI432,2026-08-16,2026-08-01,T+15,Economy,4886.0,386,193,322,643,6430.0,Available,Airline Site,Valid,
234,2,BOM-HYD,Air India,AI872,2026-08-16,2026-08-09,T+7,Economy,6247.0,493,247,411,822,8220.0,Available,Airline Site,Valid,
235,2,BOM-HYD,Air India,AI597,2026-08-16,2026-08-15,T+1,Economy,6027.0,476,238,396,793,7930.0,Available,OTA,Valid,
236,2,BOM-HYD,Akasa,AK540,2026-08-16,2026-07-02,T+45,Economy,2714.0,214,107,178,357,3570.0,Available,OTA,Valid,
237,2,BOM-HYD,Akasa,AK325,2026-08-16,2026-07-17,T+30,Economy,3717.0,293,147,244,489,4890.0,Available,Airline Site,Valid,
238,2,BOM-HYD,Akasa,AK316,2026-08-16,2026-08-01,T+15,Economy,4211.0,332,166,277,554,5540.0,Available,OTA,Valid,
239,2,BOM-HYD,Akasa,AK609,2026-08-16,2026-08-09,T+7,Economy,4879.0,385,193,321,642,6420.0,Available,Airline Site,Valid,
240,2,BOM-HYD,Akasa,AK335,2026-08-16,2026-08-15,T+1,Economy,5130.0,405,202,338,675,6750.0,Available,OTA,Valid,
241,2,BLR-HYD,IndiGo,IN179,2026-08-16,2026-07-02,T+45,Economy,2728.0,215,108,180,359,3590.0,Available,OTA,Valid,
242,2,BLR-HYD,IndiGo,IN527,2026-08-16,2026-07-17,T+30,Economy,3869.0,305,153,254,509,5090.0,Available,OTA,Valid,
243,2,BLR-HYD,IndiGo,IN920,2026-08-16,2026-08-01,T+15,Economy,4278.0,338,169,282,563,5630.0,Available,OTA,Valid,
244,2,BLR-HYD,IndiGo,IN190,2026-08-16,2026-08-09,T+7,Economy,5829.0,460,230,384,767,7670.0,Available,Airline Site,Valid,
245,2,BLR-HYD,IndiGo,IN636,2026-08-16,2026-08-15,T+1,Economy,5365.0,424,212,353,706,7060.0,Available,OTA,Valid,
246,2,BLR-HYD,Air India,AI178,2026-08-16,2026-07-02,T+45,Economy,2789.0,220,110,184,367,3670.0,Available,Airline Site,Valid,
247,2,BLR-HYD,Air India,AI894,2026-08-16,2026-07-17,T+30,Economy,3656.0,289,144,240,481,4810.0,Available,Airline Site,Valid,
248,2,BLR-HYD,Air India,AI302,2026-08-16,2026-08-01,T+15,Economy,4332.0,342,171,285,570,5700.0,Available,Airline Site,Valid,
249,2,BLR-HYD,Air India,AI281,2026-08-16,2026-08-09,T+7,Economy,5533.0,437,218,364,728,7280.0,Available,OTA,Valid,
250,2,BLR-HYD,Air India,AI693,2026-08-16,2026-08-15,T+1,Economy,5541.0,437,219,364,729,7290.0,Available,OTA,Valid,
251,2,BLR-HYD,Akasa,AK169,2026-08-16,2026-07-02,T+45,Economy,2751.0,217,109,181,362,3620.0,Available,OTA,Valid,
252,2,BLR-HYD,Akasa,AK460,2026-08-16,2026-07-17,T+30,Economy,3952.0,312,156,260,520,5200.0,Available,OTA,Valid,
253,2,BLR-HYD,Akasa,AK477,2026-08-16,2026-08-01,T+15,Economy,4605.0,364,182,303,606,6060.0,Available,Airline Site,Valid,
254,2,BLR-HYD,Akasa,AK192,2026-08-16,2026-08-09,T+7,Economy,5624.0,444,222,370,740,7400.0,Available,OTA,Valid,
255,2,BLR-HYD,Akasa,AK910,2026-08-16,2026-08-15,T+1,Economy,5655.0,446,223,372,744,7440.0,Available,Airline Site,Valid,
256,2,DEL-MAA,IndiGo,IN587,2026-08-16,2026-07-02,T+45,Economy,2637.0,208,104,174,347,3470.0,Available,Airline Site,Valid,
257,2,DEL-MAA,IndiGo,IN957,2026-08-16,2026-07-17,T+30,Economy,3640.0,287,144,240,479,4790.0,Available,Airline Site,Valid,
258,2,DEL-MAA,IndiGo,IN353,2026-08-16,2026-08-01,T+15,Economy,4446.0,351,176,292,585,5850.0,Available,OTA,Valid,
259,2,DEL-MAA,IndiGo,IN472,2026-08-16,2026-08-09,T+7,Economy,5085.0,401,201,334,669,6690.0,Available,OTA,Valid,
260,2,DEL-MAA,IndiGo,IN795,2026-08-16,2026-08-15,T+1,Economy,5335.0,421,211,351,702,7020.0,Available,OTA,Valid,
261,2,DEL-MAA,Air India,AI390,2026-08-16,2026-07-02,T+45,Economy,2318.0,183,92,152,305,3050.0,Available,Airline Site,Valid,
262,2,DEL-MAA,Air India,AI244,2026-08-16,2026-07-17,T+30,Economy,3055.0,241,121,201,402,4020.0,Available,OTA,Valid,
263,2,DEL-MAA,Air India,AI501,2026-08-16,2026-08-01,T+15,Economy,4317.0,341,170,284,568,5680.0,Available,Airline Site,Valid,
264,2,DEL-MAA,Air India,AI910,2026-08-16,2026-08-09,T+7,Economy,4119.0,325,163,271,542,5420.0,Available,Airline Site,Valid,
265,2,DEL-MAA,Air India,AI856,2026-08-16,2026-08-15,T+1,Economy,4940.0,390,195,325,650,6500.0,Available,Airline Site,Valid,
266,2,DEL-MAA,Akasa,AK471,2026-08-16,2026-07-02,T+45,Economy,2562.0,202,101,168,337,3370.0,Available,Airline Site,Valid,
267,2,DEL-MAA,Akasa,AK296,2026-08-16,2026-07-17,T+30,Economy,3474.0,274,137,228,457,4570.0,Available,Airline Site,Valid,
268,2,DEL-MAA,Akasa,AK907,2026-08-16,2026-08-01,T+15,Economy,4043.0,319,160,266,532,5320.0,Available,Airline Site,Valid,
269,2,DEL-MAA,Akasa,AK732,2026-08-16,2026-08-09,T+7,Economy,5160.0,407,204,340,679,6790.0,Available,OTA,Valid,
270,2,DEL-MAA,Akasa,AK809,2026-08-16,2026-08-15,T+1,Economy,4704.0,371,186,310,619,6190.0,Available,Airline Site,Valid,
271,2,BOM-MAA,IndiGo,IN554,2026-08-16,2026-07-02,T+45,Economy,3610.0,285,142,238,475,4750.0,Available,OTA,Valid,
272,2,BOM-MAA,IndiGo,IN928,2026-08-16,2026-07-17,T+30,Economy,4582.0,362,181,302,603,6030.0,Available,Airline Site,Valid,
273,2,BOM-MAA,IndiGo,IN551,2026-08-16,2026-08-01,T+15,Economy,6065.0,479,239,399,798,7980.0,Available,OTA,Valid,
274,2,BOM-MAA,IndiGo,IN528,2026-08-16,2026-08-09,T+7,Economy,7144.0,564,282,470,940,9400.0,Available,Airline Site,Valid,
275,2,BOM-MAA,IndiGo,IN356,2026-08-16,2026-08-15,T+1,Economy,7585.0,599,299,499,998,9980.0,Available,OTA,Valid,
276,2,BOM-MAA,Air India,AI966,2026-08-16,2026-07-02,T+45,Economy,4104.0,324,162,270,540,5400.0,Available,Airline Site,Valid,
277,2,BOM-MAA,Air India,AI379,2026-08-16,2026-07-17,T+30,Economy,5609.0,443,221,369,738,7380.0,Available,Airline Site,Valid,
278,2,BOM-MAA,Air India,AI327,2026-08-16,2026-08-01,T+15,Economy,7426.0,586,293,488,977,9770.0,Available,OTA,Valid,
279,2,BOM-MAA,Air India,AI505,2026-08-16,2026-08-09,T+7,Economy,8649.0,683,341,569,1138,11380.0,Available,Airline Site,Valid,
280,2,BOM-MAA,Air India,AI329,2026-08-16,2026-08-15,T+1,Economy,8078.0,638,319,532,1063,10630.0,Sold Out,Airline Site,Flagged,Sold out at collection time
281,2,BOM-MAA,Akasa,AK240,2026-08-16,2026-07-02,T+45,Economy,4248.0,335,168,280,559,5590.0,Sold Out,OTA,Flagged,Sold out at collection time
282,2,BOM-MAA,Akasa,AK822,2026-08-16,2026-07-17,T+30,Economy,5646.0,446,223,372,743,7430.0,Available,Airline Site,Valid,
283,2,BOM-MAA,Akasa,AK320,2026-08-16,2026-08-01,T+15,Economy,7448.0,588,294,490,980,9800.0,Available,OTA,Valid,
284,2,BOM-MAA,Akasa,AK408,2026-08-16,2026-08-09,T+7,Economy,7106.0,561,280,468,935,9350.0,Available,Airline Site,Valid,
285,2,BOM-MAA,Akasa,AK568,2026-08-16,2026-08-15,T+1,Economy,8451.0,667,334,556,1112,11120.0,Available,OTA,Valid,
286,2,CCU-BLR,IndiGo,IN247,2026-08-16,2026-07-02,T+45,Economy,2189.0,173,86,144,288,2880.0,Available,Airline Site,Valid,
287,2,CCU-BLR,IndiGo,IN526,2026-08-16,2026-07-17,T+30,Economy,2995.0,236,118,197,394,3940.0,Available,Airline Site,Valid,
288,2,CCU-BLR,IndiGo,IN638,2026-08-16,2026-08-01,T+15,Economy,3762.0,297,148,248,495,4950.0,Available,Airline Site,Valid,
289,2,CCU-BLR,IndiGo,IN750,2026-08-16,2026-08-09,T+7,Economy,4082.0,322,161,268,537,5370.0,Available,OTA,Valid,
290,2,CCU-BLR,IndiGo,IN907,2026-08-16,2026-08-15,T+1,Economy,4112.0,325,162,270,541,5410.0,Available,Airline Site,Valid,
291,2,CCU-BLR,Air India,AI852,2026-08-16,2026-07-02,T+45,Economy,2606.0,206,103,172,343,3430.0,Available,Airline Site,Valid,
292,2,CCU-BLR,Air India,AI933,2026-08-16,2026-07-17,T+30,Economy,3275.0,259,129,216,431,4310.0,Available,OTA,Valid,
293,2,CCU-BLR,Air India,AI286,2026-08-16,2026-08-01,T+15,Economy,4765.0,376,188,314,627,6270.0,Available,Airline Site,Valid,
294,2,CCU-BLR,Air India,AI137,2026-08-16,2026-08-09,T+7,Economy,5213.0,412,206,343,686,6860.0,Available,Airline Site,Valid,
295,2,CCU-BLR,Air India,AI423,2026-08-16,2026-08-15,T+1,Economy,5693.0,449,225,374,749,7490.0,Available,OTA,Valid,
296,2,CCU-BLR,Akasa,AK871,2026-08-16,2026-07-02,T+45,Economy,2653.0,209,105,174,349,3490.0,Available,OTA,Valid,
297,2,CCU-BLR,Akasa,AK986,2026-08-16,2026-07-17,T+30,Economy,3626.0,286,143,238,477,4770.0,Available,OTA,Valid,
298,2,CCU-BLR,Akasa,AK509,2026-08-16,2026-08-01,T+15,Economy,4203.0,332,166,276,553,5530.0,Available,OTA,Valid,
299,2,CCU-BLR,Akasa,AK808,2026-08-16,2026-08-09,T+7,Economy,4795.0,379,189,316,631,6310.0,Available,OTA,Valid,
300,2,CCU-BLR,Akasa,AK180,2026-08-16,2026-08-15,T+1,Economy,5928.0,468,234,390,780,7800.0,Available,Airline Site,Valid,
301,3,DEL-BOM,IndiGo,IN413,2026-08-17,2026-07-03,T+45,Economy,4126.0,326,163,272,543,5430.0,Available,OTA,Valid,
302,3,DEL-BOM,IndiGo,IN557,2026-08-17,2026-07-18,T+30,Economy,5267.0,416,208,346,693,6930.0,Sold Out,OTA,Flagged,Sold out at collection time
303,3,DEL-BOM,IndiGo,IN754,2026-08-17,2026-08-02,T+15,Economy,7068.0,558,279,465,930,9300.0,Available,Airline Site,Valid,
304,3,DEL-BOM,IndiGo,IN472,2026-08-17,2026-08-10,T+7,Economy,7030.0,555,278,462,925,9250.0,Available,Airline Site,Valid,
305,3,DEL-BOM,IndiGo,IN722,2026-08-17,2026-08-16,T+1,Economy,8983.0,709,355,591,1182,11820.0,Available,OTA,Valid,
306,3,DEL-BOM,Air India,AI475,2026-08-17,2026-07-03,T+45,Economy,3914.0,309,154,258,515,5150.0,Available,Airline Site,Valid,
307,3,DEL-BOM,Air India,AI479,2026-08-17,2026-07-18,T+30,Economy,5312.0,419,210,350,699,6990.0,Available,Airline Site,Valid,
308,3,DEL-BOM,Air India,AI507,2026-08-17,2026-08-02,T+15,Economy,6643.0,524,262,437,874,8740.0,Available,OTA,Valid,
309,3,DEL-BOM,Air India,AI853,2026-08-17,2026-08-10,T+7,Economy,6688.0,528,264,440,880,8800.0,Available,OTA,Valid,
310,3,DEL-BOM,Air India,AI893,2026-08-17,2026-08-16,T+1,Economy,8375.0,661,331,551,1102,11020.0,Available,OTA,Valid,
311,3,DEL-BOM,Akasa,AK602,2026-08-17,2026-07-03,T+45,Economy,4043.0,319,160,266,532,5320.0,Available,Airline Site,Valid,
312,3,DEL-BOM,Akasa,AK830,2026-08-17,2026-07-18,T+30,Economy,5609.0,443,221,369,738,7380.0,Available,Airline Site,Valid,
313,3,DEL-BOM,Akasa,AK427,2026-08-17,2026-08-02,T+15,Economy,7410.0,585,292,488,975,9750.0,Available,Airline Site,Valid,
314,3,DEL-BOM,Akasa,AK407,2026-08-17,2026-08-10,T+7,Economy,7524.0,594,297,495,990,9900.0,Available,Airline Site,Valid,
315,3,DEL-BOM,Akasa,AK224,2026-08-17,2026-08-16,T+1,Economy,8672.0,685,342,570,1141,11410.0,Available,Airline Site,Valid,
316,3,DEL-BLR,IndiGo,IN578,2026-08-17,2026-07-03,T+45,Economy,2508.0,198,99,165,330,3300.0,Available,Airline Site,Valid,
317,3,DEL-BLR,IndiGo,IN416,2026-08-17,2026-07-18,T+30,Economy,3329.0,263,131,219,438,4380.0,Available,OTA,Valid,
318,3,DEL-BLR,IndiGo,IN943,2026-08-17,2026-08-02,T+15,Economy,4332.0,342,171,285,570,5700.0,Available,Airline Site,Valid,
319,3,DEL-BLR,IndiGo,IN560,2026-08-17,2026-08-10,T+7,Economy,5244.0,414,207,345,690,6900.0,Available,OTA,Valid,
320,3,DEL-BLR,IndiGo,IN664,2026-08-17,2026-08-16,T+1,Economy,4690.0,370,185,308,617,6170.0,Available,Airline Site,Valid,
321,3,DEL-BLR,Air India,AI989,2026-08-17,2026-07-03,T+45,Economy,2629.0,208,104,173,346,3460.0,Available,Airline Site,Valid,
322,3,DEL-BLR,Air India,AI265,2026-08-17,2026-07-18,T+30,Economy,3511.0,277,139,231,462,4620.0,Available,Airline Site,Valid,
323,3,DEL-BLR,Air India,AI390,2026-08-17,2026-08-02,T+15,Economy,4446.0,351,176,292,585,5850.0,Available,OTA,Valid,
324,3,DEL-BLR,Air India,AI381,2026-08-17,2026-08-10,T+7,Economy,4750.0,375,188,312,625,6250.0,Available,OTA,Valid,
325,3,DEL-BLR,Air India,AI756,2026-08-17,2026-08-16,T+1,Economy,5342.0,422,211,352,703,7030.0,Available,Airline Site,Valid,
326,3,DEL-BLR,Akasa,AK445,2026-08-17,2026-07-03,T+45,Economy,2394.0,189,94,158,315,3150.0,Available,Airline Site,Valid,
327,3,DEL-BLR,Akasa,AK146,2026-08-17,2026-07-18,T+30,Economy,3184.0,251,126,210,419,4190.0,Available,OTA,Valid,
328,3,DEL-BLR,Akasa,AK526,2026-08-17,2026-08-02,T+15,Economy,4157.0,328,164,274,547,5470.0,Available,Airline Site,Valid,
329,3,DEL-BLR,Akasa,AK396,2026-08-17,2026-08-10,T+7,Economy,4439.0,350,175,292,584,5840.0,Available,OTA,Valid,
330,3,DEL-BLR,Akasa,AK801,2026-08-17,2026-08-16,T+1,Economy,4803.0,379,190,316,632,6320.0,Available,OTA,Valid,
331,3,BOM-BLR,IndiGo,IN308,2026-08-17,2026-07-03,T+45,Economy,2029.0,160,80,134,267,2670.0,Available,Airline Site,Valid,
332,3,BOM-BLR,IndiGo,IN851,2026-08-17,2026-07-18,T+30,Economy,2714.0,214,107,178,357,3570.0,Available,OTA,Valid,
333,3,BOM-BLR,IndiGo,IN479,2026-08-17,2026-08-02,T+15,Economy,3693.0,292,146,243,486,4860.0,Available,Airline Site,Valid,
334,3,BOM-BLR,IndiGo,IN373,2026-08-17,2026-08-10,T+7,Economy,3670.0,290,145,242,483,4830.0,Available,Airline Site,Valid,
335,3,BOM-BLR,IndiGo,IN493,2026-08-17,2026-08-16,T+1,Economy,3670.0,290,145,242,483,4830.0,Available,OTA,Valid,
336,3,BOM-BLR,Air India,AI435,2026-08-17,2026-07-03,T+45,Economy,2075.0,164,82,136,273,2730.0,Available,OTA,Valid,
337,3,BOM-BLR,Air India,AI627,2026-08-17,2026-07-18,T+30,Economy,2691.0,212,106,177,354,3540.0,Available,OTA,Valid,
338,3,BOM-BLR,Air India,AI502,2026-08-17,2026-08-02,T+15,Economy,3504.0,277,138,230,461,4610.0,Available,Airline Site,Valid,
339,3,BOM-BLR,Air India,AI151,2026-08-17,2026-08-10,T+7,Economy,3701.0,292,146,244,487,4870.0,Available,OTA,Valid,
340,3,BOM-BLR,Air India,AI210,2026-08-17,2026-08-16,T+1,Economy,3944.0,311,156,260,519,5190.0,Available,OTA,Valid,
341,3,BOM-BLR,Akasa,AK510,2026-08-17,2026-07-03,T+45,Economy,2302.0,182,91,152,303,3030.0,Available,Airline Site,Valid,
342,3,BOM-BLR,Akasa,AK495,2026-08-17,2026-07-18,T+30,Economy,3048.0,241,120,200,401,4010.0,Available,OTA,Valid,
343,3,BOM-BLR,Akasa,AK725,2026-08-17,2026-08-02,T+15,Economy,4234.0,334,167,278,557,5570.0,Available,Airline Site,Valid,
344,3,BOM-BLR,Akasa,AK447,2026-08-17,2026-08-10,T+7,Economy,4355.0,344,172,286,573,5730.0,Available,OTA,Valid,
345,3,BOM-BLR,Akasa,AK621,2026-08-17,2026-08-16,T+1,Economy,4909.0,388,194,323,646,6460.0,Available,Airline Site,Valid,
346,3,DEL-CCU,IndiGo,IN567,2026-08-17,2026-07-03,T+45,Economy,2805.0,221,111,184,369,3690.0,Available,Airline Site,Valid,
347,3,DEL-CCU,IndiGo,IN266,2026-08-17,2026-07-18,T+30,Economy,3731.0,295,147,246,491,4910.0,Available,OTA,Valid,
348,3,DEL-CCU,IndiGo,IN621,2026-08-17,2026-08-02,T+15,Economy,4864.0,384,192,320,640,6400.0,Available,OTA,Valid,
349,3,DEL-CCU,IndiGo,IN439,2026-08-17,2026-08-10,T+7,Economy,5115.0,404,202,336,673,6730.0,Available,OTA,Valid,
350,3,DEL-CCU,IndiGo,IN842,2026-08-17,2026-08-16,T+1,Economy,5906.0,466,233,388,777,7770.0,Available,Airline Site,Valid,
351,3,DEL-CCU,Air India,AI894,2026-08-17,2026-07-03,T+45,Economy,3109.0,245,123,204,409,4090.0,Available,Airline Site,Valid,
352,3,DEL-CCU,Air India,AI274,2026-08-17,2026-07-18,T+30,Economy,4294.0,339,170,282,565,5650.0,Available,OTA,Valid,
353,3,DEL-CCU,Air India,AI132,2026-08-17,2026-08-02,T+15,Economy,4925.0,389,194,324,648,6480.0,Available,Airline Site,Valid,
354,3,DEL-CCU,Air India,AI528,2026-08-17,2026-08-10,T+7,Economy,5389.0,425,213,354,709,7090.0,Available,Airline Site,Valid,
355,3,DEL-CCU,Air India,AI582,2026-08-17,2026-08-16,T+1,Economy,6210.0,490,245,408,817,8170.0,Available,Airline Site,Valid,
356,3,DEL-CCU,Akasa,AK778,2026-08-17,2026-07-03,T+45,Economy,3154.0,249,124,208,415,4150.0,Available,OTA,Valid,
357,3,DEL-CCU,Akasa,AK645,2026-08-17,2026-07-18,T+30,Economy,4066.0,321,160,268,535,5350.0,Available,OTA,Valid,
358,3,DEL-CCU,Akasa,AK797,2026-08-17,2026-08-02,T+15,Economy,5646.0,446,223,372,743,7430.0,Available,OTA,Valid,
359,3,DEL-CCU,Akasa,AK352,2026-08-17,2026-08-10,T+7,Economy,5966.0,471,236,392,785,7850.0,Available,OTA,Valid,
360,3,DEL-CCU,Akasa,AK404,2026-08-17,2026-08-16,T+1,Economy,6118.0,483,242,402,805,8050.0,Available,Airline Site,Valid,
361,3,DEL-HYD,IndiGo,IN914,2026-08-17,2026-07-03,T+45,Economy,2979.0,235,118,196,392,3920.0,Available,OTA,Valid,
362,3,DEL-HYD,IndiGo,IN488,2026-08-17,2026-07-18,T+30,Economy,3861.0,305,152,254,508,5080.0,Available,OTA,Valid,
363,3,DEL-HYD,IndiGo,IN923,2026-08-17,2026-08-02,T+15,Economy,5510.0,435,218,362,725,7250.0,Available,Airline Site,Valid,
364,3,DEL-HYD,IndiGo,IN454,2026-08-17,2026-08-10,T+7,Economy,5403.0,427,213,356,711,7110.0,Available,OTA,Valid,
365,3,DEL-HYD,IndiGo,IN947,2026-08-17,2026-08-16,T+1,Economy,6270.0,495,248,412,825,8250.0,Available,OTA,Valid,
366,3,DEL-HYD,Air India,AI348,2026-08-17,2026-07-03,T+45,Economy,2781.0,220,110,183,366,3660.0,Available,Airline Site,Valid,
367,3,DEL-HYD,Air India,AI523,2026-08-17,2026-07-18,T+30,Economy,3693.0,292,146,243,486,4860.0,Available,OTA,Valid,
368,3,DEL-HYD,Air India,AI105,2026-08-17,2026-08-02,T+15,Economy,4400.0,347,174,290,579,5790.0,Available,Airline Site,Valid,
369,3,DEL-HYD,Air India,AI999,2026-08-17,2026-08-10,T+7,Economy,5237.0,413,207,344,689,6890.0,Available,Airline Site,Valid,
370,3,DEL-HYD,Air India,AI392,2026-08-17,2026-08-16,T+1,Economy,5867.0,463,232,386,772,7720.0,Available,Airline Site,Valid,
371,3,DEL-HYD,Akasa,AK970,2026-08-17,2026-07-03,T+45,Economy,3109.0,245,123,204,409,4090.0,Available,Airline Site,Valid,
372,3,DEL-HYD,Akasa,AK137,2026-08-17,2026-07-18,T+30,Economy,4180.0,330,165,275,550,5500.0,Available,OTA,Valid,
373,3,DEL-HYD,Akasa,AK866,2026-08-17,2026-08-02,T+15,Economy,5396.0,426,213,355,710,7100.0,Available,OTA,Valid,
374,3,DEL-HYD,Akasa,AK681,2026-08-17,2026-08-10,T+7,Economy,6080.0,480,240,400,800,8000.0,Available,OTA,Valid,
375,3,DEL-HYD,Akasa,AK656,2026-08-17,2026-08-16,T+1,Economy,6058.0,478,239,398,797,7970.0,Available,Airline Site,Valid,
376,3,BOM-HYD,IndiGo,IN266,2026-08-17,2026-07-03,T+45,Economy,2819.0,223,111,186,371,3710.0,Available,OTA,Valid,
377,3,BOM-HYD,IndiGo,IN445,2026-08-17,2026-07-18,T+30,Economy,3891.0,307,154,256,512,5120.0,Available,Airline Site,Valid,
378,3,BOM-HYD,IndiGo,IN515,2026-08-17,2026-08-02,T+15,Economy,4697.0,371,185,309,618,6180.0,Available,OTA,Valid,
379,3,BOM-HYD,IndiGo,IN289,2026-08-17,2026-08-10,T+7,Economy,4994.0,394,197,328,657,6570.0,Available,OTA,Valid,
380,3,BOM-HYD,IndiGo,IN367,2026-08-17,2026-08-16,T+1,Economy,5517.0,436,218,363,726,7260.0,Available,OTA,Valid,
381,3,BOM-HYD,Air India,AI840,2026-08-17,2026-07-03,T+45,Economy,3018.0,238,119,198,397,3970.0,Available,OTA,Valid,
382,3,BOM-HYD,Air India,AI163,2026-08-17,2026-07-18,T+30,Economy,4248.0,335,168,280,559,5590.0,Available,OTA,Valid,
383,3,BOM-HYD,Air India,AI614,2026-08-17,2026-08-02,T+15,Economy,4963.0,392,196,326,653,6530.0,Available,OTA,Valid,
384,3,BOM-HYD,Air India,AI402,2026-08-17,2026-08-10,T+7,Economy,6049.0,478,239,398,796,7960.0,Available,Airline Site,Valid,
385,3,BOM-HYD,Air India,AI256,2026-08-17,2026-08-16,T+1,Economy,5639.0,445,223,371,742,7420.0,Available,OTA,Valid,
386,3,BOM-HYD,Akasa,AK650,2026-08-17,2026-07-03,T+45,Economy,2857.0,226,113,188,376,3760.0,Available,Airline Site,Valid,
387,3,BOM-HYD,Akasa,AK710,2026-08-17,2026-07-18,T+30,Economy,4028.0,318,159,265,530,5300.0,Available,Airline Site,Valid,
388,3,BOM-HYD,Akasa,AK470,2026-08-17,2026-08-02,T+15,Economy,4895.0,386,193,322,644,6440.0,Available,Airline Site,Valid,
389,3,BOM-HYD,Akasa,AK617,2026-08-17,2026-08-10,T+7,Economy,4879.0,385,193,321,642,6420.0,Available,Airline Site,Valid,
390,3,BOM-HYD,Akasa,AK552,2026-08-17,2026-08-16,T+1,Economy,5441.0,430,215,358,716,7160.0,Available,Airline Site,Valid,
391,3,BLR-HYD,IndiGo,IN156,2026-08-17,2026-07-03,T+45,Economy,2629.0,208,104,173,346,3460.0,Available,OTA,Valid,
392,3,BLR-HYD,IndiGo,IN573,2026-08-17,2026-07-18,T+30,Economy,3451.0,272,136,227,454,4540.0,Available,OTA,Valid,
393,3,BLR-HYD,IndiGo,IN936,2026-08-17,2026-08-02,T+15,Economy,4659.0,368,184,306,613,6130.0,Sold Out,Airline Site,Flagged,Sold out at collection time
394,3,BLR-HYD,IndiGo,IN452,2026-08-17,2026-08-10,T+7,Economy,4933.0,389,195,324,649,6490.0,Available,Airline Site,Valid,
395,3,BLR-HYD,IndiGo,IN583,2026-08-17,2026-08-16,T+1,Economy,5761.0,455,227,379,758,7580.0,Sold Out,OTA,Flagged,Sold out at collection time
396,3,BLR-HYD,Air India,AI846,2026-08-17,2026-07-03,T+45,Economy,2501.0,197,99,164,329,3290.0,Available,OTA,Valid,
397,3,BLR-HYD,Air India,AI559,2026-08-17,2026-07-18,T+30,Economy,3375.0,266,133,222,444,4440.0,Available,OTA,Valid,
398,3,BLR-HYD,Air India,AI777,2026-08-17,2026-08-02,T+15,Economy,4157.0,328,164,274,547,5470.0,Available,Airline Site,Valid,
399,3,BLR-HYD,Air India,AI282,2026-08-17,2026-08-10,T+7,Economy,4795.0,379,189,316,631,6310.0,Available,OTA,Valid,
400,3,BLR-HYD,Air India,AI328,2026-08-17,2026-08-16,T+1,Economy,5130.0,405,202,338,675,6750.0,Available,Airline Site,Valid,
401,3,BLR-HYD,Akasa,AK534,2026-08-17,2026-07-03,T+45,Economy,2933.0,232,116,193,386,3860.0,Available,Airline Site,Valid,
402,3,BLR-HYD,Akasa,AK382,2026-08-17,2026-07-18,T+30,Economy,3747.0,296,148,246,493,4930.0,Available,Airline Site,Valid,
403,3,BLR-HYD,Akasa,AK729,2026-08-17,2026-08-02,T+15,Economy,4515.0,356,178,297,594,5940.0,Available,Airline Site,Valid,
404,3,BLR-HYD,Akasa,AK708,2026-08-17,2026-08-10,T+7,Economy,5008.0,395,198,330,659,6590.0,Sold Out,Airline Site,Flagged,Sold out at collection time
405,3,BLR-HYD,Akasa,AK549,2026-08-17,2026-08-16,T+1,Economy,5351.0,422,211,352,704,7040.0,Available,Airline Site,Valid,
406,3,DEL-MAA,IndiGo,IN339,2026-08-17,2026-07-03,T+45,Economy,2744.0,217,108,180,361,3610.0,Available,OTA,Valid,
407,3,DEL-MAA,IndiGo,IN938,2026-08-17,2026-07-18,T+30,Economy,3686.0,291,146,242,485,4850.0,Available,OTA,Valid,
408,3,DEL-MAA,IndiGo,IN633,2026-08-17,2026-08-02,T+15,Economy,5001.0,395,197,329,658,6580.0,Available,OTA,Valid,
409,3,DEL-MAA,IndiGo,IN705,2026-08-17,2026-08-10,T+7,Economy,4788.0,378,189,315,630,6300.0,Available,Airline Site,Valid,
410,3,DEL-MAA,IndiGo,IN607,2026-08-17,2026-08-16,T+1,Economy,5541.0,437,219,364,729,7290.0,Sold Out,OTA,Flagged,Sold out at collection time
411,3,DEL-MAA,Air India,AI426,2026-08-17,2026-07-03,T+45,Economy,2789.0,220,110,184,367,3670.0,Available,OTA,Valid,
412,3,DEL-MAA,Air India,AI872,2026-08-17,2026-07-18,T+30,Economy,3518.0,278,139,232,463,4630.0,Available,Airline Site,Valid,
413,3,DEL-MAA,Air India,AI824,2026-08-17,2026-08-02,T+15,Economy,4925.0,389,194,324,648,6480.0,Available,OTA,Valid,
414,3,DEL-MAA,Air India,AI526,2026-08-17,2026-08-10,T+7,Economy,5685.0,449,224,374,748,7480.0,Available,Airline Site,Valid,
415,3,DEL-MAA,Air India,AI438,2026-08-17,2026-08-16,T+1,Economy,5335.0,421,211,351,702,7020.0,Available,OTA,Valid,
416,3,DEL-MAA,Akasa,AK295,2026-08-17,2026-07-03,T+45,Economy,2736.0,216,108,180,360,3600.0,Available,OTA,Valid,
417,3,DEL-MAA,Akasa,AK994,2026-08-17,2026-07-18,T+30,Economy,3747.0,296,148,246,493,4930.0,Available,Airline Site,Valid,
418,3,DEL-MAA,Akasa,AK440,2026-08-17,2026-08-02,T+15,Economy,4674.0,369,184,308,615,6150.0,Available,Airline Site,Valid,
419,3,DEL-MAA,Akasa,AK859,2026-08-17,2026-08-10,T+7,Economy,4674.0,369,184,308,615,6150.0,Available,OTA,Valid,
420,3,DEL-MAA,Akasa,AK820,2026-08-17,2026-08-16,T+1,Economy,6088.0,481,240,400,801,8010.0,Available,Airline Site,Valid,
421,3,BOM-MAA,IndiGo,IN467,2026-08-17,2026-07-03,T+45,Economy,4135.0,326,163,272,544,5440.0,Available,OTA,Valid,
422,3,BOM-MAA,IndiGo,IN200,2026-08-17,2026-07-18,T+30,Economy,5579.0,440,220,367,734,7340.0,Available,OTA,Valid,
423,3,BOM-MAA,IndiGo,IN308,2026-08-17,2026-08-02,T+15,Economy,7288.0,575,288,480,959,9590.0,Available,OTA,Valid,
424,3,BOM-MAA,IndiGo,IN859,2026-08-17,2026-08-10,T+7,Economy,7144.0,564,282,470,940,9400.0,Available,OTA,Valid,
425,3,BOM-MAA,IndiGo,IN837,2026-08-17,2026-08-16,T+1,Economy,8512.0,672,336,560,1120,11200.0,Available,Airline Site,Valid,
426,3,BOM-MAA,Air India,AI351,2026-08-17,2026-07-03,T+45,Economy,3693.0,292,146,243,486,4860.0,Available,OTA,Valid,
427,3,BOM-MAA,Air India,AI840,2026-08-17,2026-07-18,T+30,Economy,4909.0,388,194,323,646,6460.0,Available,OTA,Valid,
428,3,BOM-MAA,Air India,AI460,2026-08-17,2026-08-02,T+15,Economy,6293.0,497,248,414,828,8280.0,Available,OTA,Valid,
429,3,BOM-MAA,Air India,AI757,2026-08-17,2026-08-10,T+7,Economy,6605.0,521,261,434,869,8690.0,Available,Airline Site,Valid,
430,3,BOM-MAA,Air India,AI937,2026-08-17,2026-08-16,T+1,Economy,7859.0,620,310,517,1034,10340.0,Available,Airline Site,Valid,
431,3,BOM-MAA,Akasa,AK824,2026-08-17,2026-07-03,T+45,Economy,3785.0,299,149,249,498,4980.0,Available,Airline Site,Valid,
432,3,BOM-MAA,Akasa,AK732,2026-08-17,2026-07-18,T+30,Economy,5153.0,407,203,339,678,6780.0,Available,OTA,Valid,
433,3,BOM-MAA,Akasa,AK644,2026-08-17,2026-08-02,T+15,Economy,6544.0,517,258,430,861,8610.0,Available,Airline Site,Valid,
434,3,BOM-MAA,Akasa,AK648,2026-08-17,2026-08-10,T+7,Economy,6558.0,518,259,432,863,8630.0,Available,Airline Site,Valid,
435,3,BOM-MAA,Akasa,AK540,2026-08-17,2026-08-16,T+1,Economy,7889.0,623,311,519,1038,10380.0,Available,Airline Site,Valid,
436,3,CCU-BLR,IndiGo,IN639,2026-08-17,2026-07-03,T+45,Economy,2211.0,175,87,146,291,2910.0,Available,OTA,Valid,
437,3,CCU-BLR,IndiGo,IN482,2026-08-17,2026-07-18,T+30,Economy,2933.0,232,116,193,386,3860.0,Available,OTA,Valid,
438,3,CCU-BLR,IndiGo,IN331,2026-08-17,2026-08-02,T+15,Economy,3990.0,315,158,262,525,5250.0,Available,Airline Site,Valid,
439,3,CCU-BLR,IndiGo,IN877,2026-08-17,2026-08-10,T+7,Economy,4484.0,354,177,295,590,5900.0,Sold Out,OTA,Flagged,Sold out at collection time
440,3,CCU-BLR,IndiGo,IN157,2026-08-17,2026-08-16,T+1,Economy,4446.0,351,176,292,585,5850.0,Available,Airline Site,Valid,
441,3,CCU-BLR,Air India,AI439,2026-08-17,2026-07-03,T+45,Economy,2265.0,179,89,149,298,2980.0,Available,Airline Site,Valid,
442,3,CCU-BLR,Air India,AI335,2026-08-17,2026-07-18,T+30,Economy,3261.0,257,129,214,429,4290.0,Available,OTA,Valid,
443,3,CCU-BLR,Air India,AI800,2026-08-17,2026-08-02,T+15,Economy,3739.0,295,148,246,492,4920.0,Available,Airline Site,Valid,
444,3,CCU-BLR,Air India,AI116,2026-08-17,2026-08-10,T+7,Economy,4013.0,317,158,264,528,5280.0,Available,Airline Site,Valid,
445,3,CCU-BLR,Air India,AI507,2026-08-17,2026-08-16,T+1,Economy,4886.0,386,193,322,643,6430.0,Available,OTA,Valid,
446,3,CCU-BLR,Akasa,AK498,2026-08-17,2026-07-03,T+45,Economy,2325.0,184,92,153,306,3060.0,Available,OTA,Valid,
447,3,CCU-BLR,Akasa,AK909,2026-08-17,2026-07-18,T+30,Economy,3078.0,243,122,202,405,4050.0,Available,Airline Site,Valid,
448,3,CCU-BLR,Akasa,AK154,2026-08-17,2026-08-02,T+15,Economy,3990.0,315,158,262,525,5250.0,Available,Airline Site,Valid,
449,3,CCU-BLR,Akasa,AK887,2026-08-17,2026-08-10,T+7,Economy,4591.0,362,181,302,604,6040.0,Available,OTA,Valid,
450,3,CCU-BLR,Akasa,AK749,2026-08-17,2026-08-16,T+1,Economy,5099.0,403,201,336,671,6710.0,Available,OTA,Valid,
451,4,DEL-BOM,IndiGo,IN796,2026-08-18,2026-07-04,T+45,Economy,4104.0,324,162,270,540,5400.0,Available,OTA,Valid,
452,4,DEL-BOM,IndiGo,IN917,2026-08-18,2026-07-19,T+30,Economy,5312.0,419,210,350,699,6990.0,Available,Airline Site,Valid,
453,4,DEL-BOM,IndiGo,IN828,2026-08-18,2026-08-03,T+15,Economy,6293.0,497,248,414,828,8280.0,Available,Airline Site,Valid,
454,4,DEL-BOM,IndiGo,IN209,2026-08-18,2026-08-11,T+7,Economy,8101.0,640,320,533,1066,10660.0,Available,OTA,Valid,
455,4,DEL-BOM,IndiGo,IN204,2026-08-18,2026-08-17,T+1,Economy,8368.0,661,330,550,1101,11010.0,Available,Airline Site,Valid,
456,4,DEL-BOM,Air India,AI205,2026-08-18,2026-07-04,T+45,Economy,4187.0,331,165,276,551,5510.0,Sold Out,OTA,Flagged,Sold out at collection time
457,4,DEL-BOM,Air India,AI903,2026-08-18,2026-07-19,T+30,Economy,5715.0,451,226,376,752,7520.0,Available,OTA,Valid,
458,4,DEL-BOM,Air India,AI897,2026-08-18,2026-08-03,T+15,Economy,6399.0,505,253,421,842,8420.0,Available,Airline Site,Valid,
459,4,DEL-BOM,Air India,AI489,2026-08-18,2026-08-11,T+7,Economy,7859.0,620,310,517,1034,10340.0,Available,OTA,Valid,
460,4,DEL-BOM,Air India,AI164,2026-08-18,2026-08-17,T+1,Economy,8064.0,637,318,530,1061,10610.0,Available,OTA,Valid,
461,4,DEL-BOM,Akasa,AK357,2026-08-18,2026-07-04,T+45,Economy,4066.0,321,160,268,535,5350.0,Available,OTA,Valid,
462,4,DEL-BOM,Akasa,AK209,2026-08-18,2026-07-19,T+30,Economy,5593.0,442,221,368,736,7360.0,Available,Airline Site,Valid,
463,4,DEL-BOM,Akasa,AK735,2026-08-18,2026-08-03,T+15,Economy,7645.0,604,302,503,1006,10060.0,Available,OTA,Valid,
464,4,DEL-BOM,Akasa,AK943,2026-08-18,2026-08-11,T+7,Economy,7737.0,611,305,509,1018,10180.0,Available,Airline Site,Valid,
465,4,DEL-BOM,Akasa,AK811,2026-08-18,2026-08-17,T+1,Economy,8101.0,640,320,533,1066,10660.0,Available,OTA,Valid,
466,4,DEL-BLR,IndiGo,IN748,2026-08-18,2026-07-04,T+45,Economy,2470.0,195,98,162,325,3250.0,Available,Airline Site,Valid,
467,4,DEL-BLR,IndiGo,IN904,2026-08-18,2026-07-19,T+30,Economy,3177.0,251,125,209,418,4180.0,Available,Airline Site,Valid,
468,4,DEL-BLR,IndiGo,IN658,2026-08-18,2026-08-03,T+15,Economy,4416.0,349,174,290,581,5810.0,Available,Airline Site,Valid,
469,4,DEL-BLR,IndiGo,IN825,2026-08-18,2026-08-11,T+7,Economy,5054.0,399,200,332,665,6650.0,Available,OTA,Valid,
470,4,DEL-BLR,IndiGo,IN968,2026-08-18,2026-08-17,T+1,Economy,5199.0,410,205,342,684,6840.0,Available,OTA,Valid,
471,4,DEL-BLR,Air India,AI358,2026-08-18,2026-07-04,T+45,Economy,2546.0,201,100,168,335,3350.0,Available,OTA,Valid,
472,4,DEL-BLR,Air India,AI712,2026-08-18,2026-07-19,T+30,Economy,3504.0,277,138,230,461,4610.0,Available,OTA,Valid,
473,4,DEL-BLR,Air India,AI990,2026-08-18,2026-08-03,T+15,Economy,4515.0,356,178,297,594,5940.0,Available,Airline Site,Valid,
474,4,DEL-BLR,Air India,AI931,2026-08-18,2026-08-11,T+7,Economy,5130.0,405,202,338,675,6750.0,Available,Airline Site,Valid,
475,4,DEL-BLR,Air India,AI780,2026-08-18,2026-08-17,T+1,Economy,4651.0,367,184,306,612,6120.0,Available,Airline Site,Valid,
476,4,DEL-BLR,Akasa,AK870,2026-08-18,2026-07-04,T+45,Economy,2539.0,200,100,167,334,3340.0,Available,OTA,Valid,
477,4,DEL-BLR,Akasa,AK327,2026-08-18,2026-07-19,T+30,Economy,3161.0,250,125,208,416,4160.0,Available,Airline Site,Valid,
478,4,DEL-BLR,Akasa,AK890,2026-08-18,2026-08-03,T+15,Economy,4211.0,332,166,277,554,5540.0,Available,Airline Site,Valid,
479,4,DEL-BLR,Akasa,AK207,2026-08-18,2026-08-11,T+7,Economy,4461.0,352,176,294,587,5870.0,Available,Airline Site,Valid,
480,4,DEL-BLR,Akasa,AK245,2026-08-18,2026-08-17,T+1,Economy,4757.0,376,188,313,626,6260.0,Available,OTA,Valid,
481,4,BOM-BLR,IndiGo,IN548,2026-08-18,2026-07-04,T+45,Economy,2097.0,166,83,138,276,2760.0,Available,OTA,Valid,
482,4,BOM-BLR,IndiGo,IN929,2026-08-18,2026-07-19,T+30,Economy,2744.0,217,108,180,361,3610.0,Available,Airline Site,Valid,
483,4,BOM-BLR,IndiGo,IN793,2026-08-18,2026-08-03,T+15,Economy,3853.0,304,152,254,507,5070.0,Available,Airline Site,Valid,
484,4,BOM-BLR,IndiGo,IN438,2026-08-18,2026-08-11,T+7,Economy,3990.0,315,158,262,525,5250.0,Available,OTA,Valid,
485,4,BOM-BLR,IndiGo,IN288,2026-08-18,2026-08-17,T+1,Economy,3960.0,313,156,260,521,5210.0,Available,OTA,Valid,
486,4,BOM-BLR,Air India,AI560,2026-08-18,2026-07-04,T+45,Economy,2235.0,176,88,147,294,2940.0,Available,OTA,Valid,
487,4,BOM-BLR,Air India,AI385,2026-08-18,2026-07-19,T+30,Economy,2721.0,215,107,179,358,3580.0,Available,Airline Site,Valid,
488,4,BOM-BLR,Air India,AI649,2026-08-18,2026-08-03,T+15,Economy,3838.0,303,152,252,505,5050.0,Available,OTA,Valid,
489,4,BOM-BLR,Air India,AI786,2026-08-18,2026-08-11,T+7,Economy,3755.0,296,148,247,494,4940.0,Available,OTA,Valid,
490,4,BOM-BLR,Air India,AI701,2026-08-18,2026-08-17,T+1,Economy,4560.0,360,180,300,600,6000.0,Available,OTA,Valid,
491,4,BOM-BLR,Akasa,AK822,2026-08-18,2026-07-04,T+45,Economy,2424.0,191,96,160,319,3190.0,Available,Airline Site,Valid,
492,4,BOM-BLR,Akasa,AK344,2026-08-18,2026-07-19,T+30,Economy,3245.0,256,128,214,427,4270.0,Available,Airline Site,Valid,
493,4,BOM-BLR,Akasa,AK497,2026-08-18,2026-08-03,T+15,Economy,3861.0,305,152,254,508,5080.0,Available,Airline Site,Valid,
494,4,BOM-BLR,Akasa,AK598,2026-08-18,2026-08-11,T+7,Economy,4545.0,359,179,299,598,5980.0,Available,Airline Site,Valid,
495,4,BOM-BLR,Akasa,AK243,2026-08-18,2026-08-17,T+1,Economy,4886.0,386,193,322,643,6430.0,Available,OTA,Valid,
496,4,DEL-CCU,IndiGo,IN299,2026-08-18,2026-07-04,T+45,Economy,3253.0,257,128,214,428,4280.0,Available,OTA,Valid,
497,4,DEL-CCU,IndiGo,IN827,2026-08-18,2026-07-19,T+30,Economy,4339.0,343,171,286,571,5710.0,Available,OTA,Valid,
498,4,DEL-CCU,IndiGo,IN914,2026-08-18,2026-08-03,T+15,Economy,5190.0,410,205,342,683,6830.0,Available,OTA,Valid,
499,4,DEL-CCU,IndiGo,IN395,2026-08-18,2026-08-11,T+7,Economy,5403.0,427,213,356,711,7110.0,Available,OTA,Valid,
500,4,DEL-CCU,IndiGo,IN607,2026-08-18,2026-08-17,T+1,Economy,6809.0,538,269,448,896,8960.0,Available,Airline Site,Valid,
501,4,DEL-CCU,Air India,AI475,2026-08-18,2026-07-04,T+45,Economy,3085.0,244,122,203,406,4060.0,Available,Airline Site,Valid,
502,4,DEL-CCU,Air India,AI323,2026-08-18,2026-07-19,T+30,Economy,4278.0,338,169,282,563,5630.0,Available,Airline Site,Valid,
503,4,DEL-CCU,Air India,AI353,2026-08-18,2026-08-03,T+15,Economy,5525.0,436,218,364,727,7270.0,Available,Airline Site,Valid,
504,4,DEL-CCU,Air India,AI936,2026-08-18,2026-08-11,T+7,Economy,5693.0,449,225,374,749,7490.0,Available,Airline Site,Valid,
505,4,DEL-CCU,Air India,AI930,2026-08-18,2026-08-17,T+1,Economy,6551.0,517,259,431,862,8620.0,Available,OTA,Valid,
506,4,DEL-CCU,Akasa,AK730,2026-08-18,2026-07-04,T+45,Economy,3237.0,256,128,213,426,4260.0,Available,Airline Site,Valid,
507,4,DEL-CCU,Akasa,AK683,2026-08-18,2026-07-19,T+30,Economy,4643.0,367,183,306,611,6110.0,Available,OTA,Valid,
508,4,DEL-CCU,Akasa,AK820,2026-08-18,2026-08-03,T+15,Economy,5517.0,436,218,363,726,7260.0,Available,OTA,Valid,
509,4,DEL-CCU,Akasa,AK795,2026-08-18,2026-08-11,T+7,Economy,6764.0,534,267,445,890,8900.0,Available,Airline Site,Valid,
510,4,DEL-CCU,Akasa,AK160,2026-08-18,2026-08-17,T+1,Economy,7448.0,588,294,490,980,9800.0,Available,Airline Site,Valid,
511,4,DEL-HYD,IndiGo,IN353,2026-08-18,2026-07-04,T+45,Economy,2736.0,216,108,180,360,3600.0,Available,OTA,Valid,
512,4,DEL-HYD,IndiGo,IN375,2026-08-18,2026-07-19,T+30,Economy,3747.0,296,148,246,493,4930.0,Available,OTA,Valid,
513,4,DEL-HYD,IndiGo,IN887,2026-08-18,2026-08-03,T+15,Economy,4697.0,371,185,309,618,6180.0,Available,OTA,Valid,
514,4,DEL-HYD,IndiGo,IN565,2026-08-18,2026-08-11,T+7,Economy,5571.0,440,220,366,733,7330.0,Available,OTA,Valid,
515,4,DEL-HYD,IndiGo,IN967,2026-08-18,2026-08-17,T+1,Economy,5845.0,461,231,384,769,7690.0,Available,OTA,Valid,
516,4,DEL-HYD,Air India,AI914,2026-08-18,2026-07-04,T+45,Economy,3123.0,247,123,206,411,4110.0,Available,Airline Site,Valid,
517,4,DEL-HYD,Air India,AI606,2026-08-18,2026-07-19,T+30,Economy,4453.0,352,176,293,586,5860.0,Available,OTA,Valid,
518,4,DEL-HYD,Air India,AI679,2026-08-18,2026-08-03,T+15,Economy,5061.0,400,200,333,666,6660.0,Available,OTA,Valid,
519,4,DEL-HYD,Air India,AI147,2026-08-18,2026-08-11,T+7,Economy,6384.0,504,252,420,840,8400.0,Available,OTA,Valid,
520,4,DEL-HYD,Air India,AI261,2026-08-18,2026-08-17,T+1,Economy,5624.0,444,222,370,740,7400.0,Available,Airline Site,Valid,
521,4,DEL-HYD,Akasa,AK235,2026-08-18,2026-07-04,T+45,Economy,3366.0,266,133,222,443,4430.0,Available,OTA,Valid,
522,4,DEL-HYD,Akasa,AK380,2026-08-18,2026-07-19,T+30,Economy,4339.0,343,171,286,571,5710.0,Available,OTA,Valid,
523,4,DEL-HYD,Akasa,AK764,2026-08-18,2026-08-03,T+15,Economy,5244.0,414,207,345,690,6900.0,Available,OTA,Valid,
524,4,DEL-HYD,Akasa,AK873,2026-08-18,2026-08-11,T+7,Economy,6429.0,508,254,423,846,8460.0,Available,Airline Site,Valid,
525,4,DEL-HYD,Akasa,AK588,2026-08-18,2026-08-17,T+1,Economy,6749.0,533,266,444,888,8880.0,Available,Airline Site,Valid,
526,4,BOM-HYD,IndiGo,IN223,2026-08-18,2026-07-04,T+45,Economy,2843.0,224,112,187,374,3740.0,Available,OTA,Valid,
527,4,BOM-HYD,IndiGo,IN334,2026-08-18,2026-07-19,T+30,Economy,3967.0,313,157,261,522,5220.0,Available,Airline Site,Valid,
528,4,BOM-HYD,IndiGo,IN406,2026-08-18,2026-08-03,T+15,Economy,4469.0,353,176,294,588,5880.0,Available,Airline Site,Valid,
529,4,BOM-HYD,IndiGo,IN170,2026-08-18,2026-08-11,T+7,Economy,5646.0,446,223,372,743,7430.0,Available,Airline Site,Valid,
530,4,BOM-HYD,IndiGo,IN459,2026-08-18,2026-08-17,T+1,Economy,5852.0,462,231,385,770,7700.0,Available,Airline Site,Valid,
531,4,BOM-HYD,Air India,AI322,2026-08-18,2026-07-04,T+45,Economy,3131.0,247,124,206,412,4120.0,Available,Airline Site,Valid,
532,4,BOM-HYD,Air India,AI847,2026-08-18,2026-07-19,T+30,Economy,3960.0,313,156,260,521,5210.0,Available,OTA,Valid,
533,4,BOM-HYD,Air India,AI383,2026-08-18,2026-08-03,T+15,Economy,5038.0,398,199,332,663,6630.0,Available,Airline Site,Valid,
534,4,BOM-HYD,Air India,AI722,2026-08-18,2026-08-11,T+7,Economy,6035.0,476,238,397,794,7940.0,Available,Airline Site,Valid,
535,4,BOM-HYD,Air India,AI408,2026-08-18,2026-08-17,T+1,Economy,6970.0,550,275,458,917,9170.0,Available,Airline Site,Valid,
536,4,BOM-HYD,Akasa,AK912,2026-08-18,2026-07-04,T+45,Economy,2964.0,234,117,195,390,3900.0,Available,OTA,Valid,
537,4,BOM-HYD,Akasa,AK753,2026-08-18,2026-07-19,T+30,Economy,3990.0,315,158,262,525,5250.0,Available,Airline Site,Valid,
538,4,BOM-HYD,Akasa,AK235,2026-08-18,2026-08-03,T+15,Economy,5814.0,459,230,382,765,7650.0,Available,OTA,Valid,
539,4,BOM-HYD,Akasa,AK881,2026-08-18,2026-08-11,T+7,Economy,5632.0,445,222,370,741,7410.0,Available,Airline Site,Valid,
540,4,BOM-HYD,Akasa,AK368,2026-08-18,2026-08-17,T+1,Economy,5312.0,419,210,350,699,6990.0,Available,Airline Site,Valid,
541,4,BLR-HYD,IndiGo,IN885,2026-08-18,2026-07-04,T+45,Economy,2645.0,209,104,174,348,3480.0,Available,OTA,Valid,
542,4,BLR-HYD,IndiGo,IN730,2026-08-18,2026-07-19,T+30,Economy,3344.0,264,132,220,440,4400.0,Available,Airline Site,Valid,
543,4,BLR-HYD,IndiGo,IN308,2026-08-18,2026-08-03,T+15,Economy,4271.0,337,169,281,562,5620.0,Available,Airline Site,Valid,
544,4,BLR-HYD,IndiGo,IN749,2026-08-18,2026-08-11,T+7,Economy,4925.0,389,194,324,648,6480.0,Available,Airline Site,Valid,
545,4,BLR-HYD,IndiGo,IN966,2026-08-18,2026-08-17,T+1,Economy,5024.0,397,198,330,661,6610.0,Available,Airline Site,Valid,
546,4,BLR-HYD,Air India,AI723,2026-08-18,2026-07-04,T+45,Economy,2440.0,193,96,160,321,3210.0,Available,Airline Site,Valid,
547,4,BLR-HYD,Air India,AI818,2026-08-18,2026-07-19,T+30,Economy,3184.0,251,126,210,419,4190.0,Sold Out,OTA,Flagged,Sold out at collection time
548,4,BLR-HYD,Air India,AI901,2026-08-18,2026-08-03,T+15,Economy,4529.0,358,179,298,596,5960.0,Available,OTA,Valid,
549,4,BLR-HYD,Air India,AI899,2026-08-18,2026-08-11,T+7,Economy,4173.0,329,165,274,549,5490.0,Available,Airline Site,Valid,
550,4,BLR-HYD,Air India,AI926,2026-08-18,2026-08-17,T+1,Economy,5130.0,405,202,338,675,6750.0,Available,Airline Site,Valid,
551,4,BLR-HYD,Akasa,AK608,2026-08-18,2026-07-04,T+45,Economy,2553.0,202,101,168,336,3360.0,Available,OTA,Valid,
552,4,BLR-HYD,Akasa,AK270,2026-08-18,2026-07-19,T+30,Economy,3306.0,261,130,218,435,4350.0,Available,OTA,Valid,
553,4,BLR-HYD,Akasa,AK790,2026-08-18,2026-08-03,T+15,Economy,4651.0,367,184,306,612,6120.0,Available,Airline Site,Valid,
554,4,BLR-HYD,Akasa,AK979,2026-08-18,2026-08-11,T+7,Economy,4895.0,386,193,322,644,6440.0,Available,Airline Site,Valid,
555,4,BLR-HYD,Akasa,AK253,2026-08-18,2026-08-17,T+1,Economy,4545.0,359,179,299,598,5980.0,Available,Airline Site,Valid,
556,4,DEL-MAA,IndiGo,IN429,2026-08-18,2026-07-04,T+45,Economy,2721.0,215,107,179,358,3580.0,Available,OTA,Valid,
557,4,DEL-MAA,IndiGo,IN481,2026-08-18,2026-07-19,T+30,Economy,3496.0,276,138,230,460,4600.0,Available,Airline Site,Valid,
558,4,DEL-MAA,IndiGo,IN147,2026-08-18,2026-08-03,T+15,Economy,4439.0,350,175,292,584,5840.0,Available,Airline Site,Valid,
559,4,DEL-MAA,IndiGo,IN892,2026-08-18,2026-08-11,T+7,Economy,5715.0,451,226,376,752,7520.0,Available,OTA,Valid,
560,4,DEL-MAA,IndiGo,IN477,2026-08-18,2026-08-17,T+1,Economy,4978.0,393,196,328,655,6550.0,Available,OTA,Valid,
561,4,DEL-MAA,Air India,AI605,2026-08-18,2026-07-04,T+45,Economy,2629.0,208,104,173,346,3460.0,Available,Airline Site,Valid,
562,4,DEL-MAA,Air India,AI915,2026-08-18,2026-07-19,T+30,Economy,3686.0,291,146,242,485,4850.0,Available,Airline Site,Valid,
563,4,DEL-MAA,Air India,AI654,2026-08-18,2026-08-03,T+15,Economy,4743.0,374,187,312,624,6240.0,Available,Airline Site,Valid,
564,4,DEL-MAA,Air India,AI773,2026-08-18,2026-08-11,T+7,Economy,5335.0,421,211,351,702,7020.0,Available,OTA,Valid,
565,4,DEL-MAA,Air India,AI343,2026-08-18,2026-08-17,T+1,Economy,4864.0,384,192,320,640,6400.0,Available,Airline Site,Valid,
566,4,DEL-MAA,Akasa,AK144,2026-08-18,2026-07-04,T+45,Economy,2728.0,215,108,180,359,3590.0,Available,OTA,Valid,
567,4,DEL-MAA,Akasa,AK865,2026-08-18,2026-07-19,T+30,Economy,3792.0,299,150,250,499,4990.0,Available,Airline Site,Valid,
568,4,DEL-MAA,Akasa,AK503,2026-08-18,2026-08-03,T+15,Economy,4743.0,374,187,312,624,6240.0,Available,Airline Site,Valid,
569,4,DEL-MAA,Akasa,AK342,2026-08-18,2026-08-11,T+7,Economy,5282.0,417,208,348,695,6950.0,Available,OTA,Valid,
570,4,DEL-MAA,Akasa,AK951,2026-08-18,2026-08-17,T+1,Economy,6141.0,485,242,404,808,8080.0,Available,OTA,Valid,
571,4,BOM-MAA,IndiGo,IN888,2026-08-18,2026-07-04,T+45,Economy,3626.0,286,143,238,477,4770.0,Available,Airline Site,Valid,
572,4,BOM-MAA,IndiGo,IN421,2026-08-18,2026-07-19,T+30,Economy,4750.0,375,188,312,625,6250.0,Available,OTA,Valid,
573,4,BOM-MAA,IndiGo,IN415,2026-08-18,2026-08-03,T+15,Economy,6757.0,533,267,444,889,8890.0,Available,Airline Site,Valid,
574,4,BOM-MAA,IndiGo,IN411,2026-08-18,2026-08-11,T+7,Economy,6467.0,511,255,426,851,8510.0,Available,Airline Site,Valid,
575,4,BOM-MAA,IndiGo,IN251,2026-08-18,2026-08-17,T+1,Economy,7144.0,564,282,470,940,9400.0,Available,Airline Site,Valid,
576,4,BOM-MAA,Air India,AI406,2026-08-18,2026-07-04,T+45,Economy,4157.0,328,164,274,547,5470.0,Available,Airline Site,Valid,
577,4,BOM-MAA,Air India,AI563,2026-08-18,2026-07-19,T+30,Economy,5403.0,427,213,356,711,7110.0,Available,Airline Site,Valid,
578,4,BOM-MAA,Air India,AI912,2026-08-18,2026-08-03,T+15,Economy,6521.0,515,257,429,858,8580.0,Available,Airline Site,Valid,
579,4,BOM-MAA,Air India,AI327,2026-08-18,2026-08-11,T+7,Economy,7387.0,583,292,486,972,9720.0,Available,OTA,Valid,
580,4,BOM-MAA,Air India,AI760,2026-08-18,2026-08-17,T+1,Economy,8451.0,667,334,556,1112,11120.0,Available,OTA,Valid,
581,4,BOM-MAA,Akasa,AK302,2026-08-18,2026-07-04,T+45,Economy,4355.0,344,172,286,573,5730.0,Available,OTA,Valid,
582,4,BOM-MAA,Akasa,AK967,2026-08-18,2026-07-19,T+30,Economy,5784.0,457,228,380,761,7610.0,Available,OTA,Valid,
583,4,BOM-MAA,Akasa,AK151,2026-08-18,2026-08-03,T+15,Economy,6840.0,540,270,450,900,9000.0,Available,OTA,Valid,
584,4,BOM-MAA,Akasa,AK130,2026-08-18,2026-08-11,T+7,Economy,8504.0,671,336,560,1119,11190.0,Available,OTA,Valid,
585,4,BOM-MAA,Akasa,AK291,2026-08-18,2026-08-17,T+1,Economy,7767.0,613,307,511,1022,10220.0,Available,OTA,Valid,
586,4,CCU-BLR,IndiGo,IN402,2026-08-18,2026-07-04,T+45,Economy,2204.0,174,87,145,290,2900.0,Available,OTA,Valid,
587,4,CCU-BLR,IndiGo,IN240,2026-08-18,2026-07-19,T+30,Economy,2827.0,223,112,186,372,3720.0,Available,Airline Site,Valid,
588,4,CCU-BLR,IndiGo,IN913,2026-08-18,2026-08-03,T+15,Economy,3974.0,314,157,262,523,5230.0,Sold Out,OTA,Flagged,Sold out at collection time
589,4,CCU-BLR,IndiGo,IN657,2026-08-18,2026-08-11,T+7,Economy,4453.0,352,176,293,586,5860.0,Available,OTA,Valid,
590,4,CCU-BLR,IndiGo,IN497,2026-08-18,2026-08-17,T+1,Economy,4994.0,394,197,328,657,6570.0,Available,Airline Site,Valid,
591,4,CCU-BLR,Air India,AI897,2026-08-18,2026-07-04,T+45,Economy,2432.0,192,96,160,320,3200.0,Available,OTA,Valid,
592,4,CCU-BLR,Air India,AI338,2026-08-18,2026-07-19,T+30,Economy,3275.0,259,129,216,431,4310.0,Available,Airline Site,Valid,
593,4,CCU-BLR,Air India,AI646,2026-08-18,2026-08-03,T+15,Economy,3785.0,299,149,249,498,4980.0,Available,Airline Site,Valid,
594,4,CCU-BLR,Air India,AI689,2026-08-18,2026-08-11,T+7,Economy,4879.0,385,193,321,642,6420.0,Available,OTA,Valid,
595,4,CCU-BLR,Air India,AI965,2026-08-18,2026-08-17,T+1,Economy,4750.0,375,188,312,625,6250.0,Available,Airline Site,Valid,
596,4,CCU-BLR,Akasa,AK705,2026-08-18,2026-07-04,T+45,Economy,2539.0,200,100,167,334,3340.0,Sold Out,OTA,Flagged,Sold out at collection time
597,4,CCU-BLR,Akasa,AK676,2026-08-18,2026-07-19,T+30,Economy,3587.0,283,142,236,472,4720.0,Available,OTA,Valid,
598,4,CCU-BLR,Akasa,AK138,2026-08-18,2026-08-03,T+15,Economy,4218.0,333,166,278,555,5550.0,Available,Airline Site,Valid,
599,4,CCU-BLR,Akasa,AK589,2026-08-18,2026-08-11,T+7,Economy,4704.0,371,186,310,619,6190.0,Sold Out,Airline Site,Flagged,Sold out at collection time
600,4,CCU-BLR,Akasa,AK281,2026-08-18,2026-08-17,T+1,Economy,5411.0,427,214,356,712,7120.0,Available,OTA,Valid,
601,5,DEL-BOM,IndiGo,IN213,2026-08-19,2026-07-05,T+45,Economy,3853.0,304,152,254,507,5070.0,Available,OTA,Valid,
602,5,DEL-BOM,IndiGo,IN778,2026-08-19,2026-07-20,T+30,Economy,5579.0,440,220,367,734,7340.0,Available,Airline Site,Valid,
603,5,DEL-BOM,IndiGo,IN261,2026-08-19,2026-08-04,T+15,Economy,6415.0,506,253,422,844,8440.0,Available,OTA,Valid,
604,5,DEL-BOM,IndiGo,IN764,2026-08-19,2026-08-12,T+7,Economy,8132.0,642,321,535,1070,10700.0,Available,OTA,Valid,
605,5,DEL-BOM,IndiGo,IN279,2026-08-19,2026-08-18,T+1,Economy,7486.0,591,296,492,985,9850.0,Available,OTA,Valid,
606,5,DEL-BOM,Air India,AI686,2026-08-19,2026-07-05,T+45,Economy,4028.0,318,159,265,530,5300.0,Available,Airline Site,Valid,
607,5,DEL-BOM,Air India,AI928,2026-08-19,2026-07-20,T+30,Economy,5031.0,397,199,331,662,6620.0,Available,Airline Site,Valid,
608,5,DEL-BOM,Air India,AI608,2026-08-19,2026-08-04,T+15,Economy,6688.0,528,264,440,880,8800.0,Available,Airline Site,Valid,
609,5,DEL-BOM,Air India,AI271,2026-08-19,2026-08-12,T+7,Economy,7166.0,566,283,472,943,9430.0,Available,Airline Site,Valid,
610,5,DEL-BOM,Air India,AI846,2026-08-19,2026-08-18,T+1,Economy,8649.0,683,341,569,1138,11380.0,Available,OTA,Valid,
611,5,DEL-BOM,Akasa,AK458,2026-08-19,2026-07-05,T+45,Economy,3869.0,305,153,254,509,5090.0,Available,Airline Site,Valid,
612,5,DEL-BOM,Akasa,AK548,2026-08-19,2026-07-20,T+30,Economy,5160.0,407,204,340,679,6790.0,Available,Airline Site,Valid,
613,5,DEL-BOM,Akasa,AK487,2026-08-19,2026-08-04,T+15,Economy,6992.0,552,276,460,920,9200.0,Available,OTA,Valid,
614,5,DEL-BOM,Akasa,AK984,2026-08-19,2026-08-12,T+7,Economy,6567.0,518,259,432,864,8640.0,Available,Airline Site,Valid,
615,5,DEL-BOM,Akasa,AK966,2026-08-19,2026-08-18,T+1,Economy,6939.0,548,274,456,913,9130.0,Sold Out,Airline Site,Flagged,Sold out at collection time
616,5,DEL-BLR,IndiGo,IN484,2026-08-19,2026-07-05,T+45,Economy,2653.0,209,105,174,349,3490.0,Available,Airline Site,Valid,
617,5,DEL-BLR,IndiGo,IN195,2026-08-19,2026-07-20,T+30,Economy,3762.0,297,148,248,495,4950.0,Available,OTA,Valid,
618,5,DEL-BLR,IndiGo,IN769,2026-08-19,2026-08-04,T+15,Economy,4765.0,376,188,314,627,6270.0,Available,OTA,Valid,
619,5,DEL-BLR,IndiGo,IN310,2026-08-19,2026-08-12,T+7,Economy,4598.0,363,182,302,605,6050.0,Available,OTA,Valid,
620,5,DEL-BLR,IndiGo,IN847,2026-08-19,2026-08-18,T+1,Economy,5821.0,460,230,383,766,7660.0,Available,OTA,Valid,
621,5,DEL-BLR,Air India,AI662,2026-08-19,2026-07-05,T+45,Economy,2371.0,187,94,156,312,3120.0,Available,Airline Site,Valid,
622,5,DEL-BLR,Air India,AI189,2026-08-19,2026-07-20,T+30,Economy,2957.0,233,117,194,389,3890.0,Available,OTA,Valid,
623,5,DEL-BLR,Air India,AI274,2026-08-19,2026-08-04,T+15,Economy,3709.0,293,146,244,488,4880.0,Available,Airline Site,Valid,
624,5,DEL-BLR,Air India,AI903,2026-08-19,2026-08-12,T+7,Economy,4370.0,345,172,288,575,5750.0,Available,OTA,Valid,
625,5,DEL-BLR,Air India,AI757,2026-08-19,2026-08-18,T+1,Economy,5221.0,412,206,344,687,6870.0,Available,Airline Site,Valid,
626,5,DEL-BLR,Akasa,AK145,2026-08-19,2026-07-05,T+45,Economy,2379.0,188,94,156,313,3130.0,Available,OTA,Valid,
627,5,DEL-BLR,Akasa,AK677,2026-08-19,2026-07-20,T+30,Economy,3237.0,256,128,213,426,4260.0,Available,Airline Site,Valid,
628,5,DEL-BLR,Akasa,AK654,2026-08-19,2026-08-04,T+15,Economy,3747.0,296,148,246,493,4930.0,Available,Airline Site,Valid,
629,5,DEL-BLR,Akasa,AK938,2026-08-19,2026-08-12,T+7,Economy,4720.0,373,186,310,621,6210.0,Available,OTA,Valid,
630,5,DEL-BLR,Akasa,AK406,2026-08-19,2026-08-18,T+1,Economy,4917.0,388,194,324,647,6470.0,Available,Airline Site,Valid,
631,5,BOM-BLR,IndiGo,IN735,2026-08-19,2026-07-05,T+45,Economy,2424.0,191,96,160,319,3190.0,Available,OTA,Valid,
632,5,BOM-BLR,IndiGo,IN316,2026-08-19,2026-07-20,T+30,Economy,3200.0,253,126,210,421,4210.0,Available,Airline Site,Valid,
633,5,BOM-BLR,IndiGo,IN799,2026-08-19,2026-08-04,T+15,Economy,3617.0,286,143,238,476,4760.0,Available,Airline Site,Valid,
634,5,BOM-BLR,IndiGo,IN844,2026-08-19,2026-08-12,T+7,Economy,4795.0,379,189,316,631,6310.0,Available,Airline Site,Valid,
635,5,BOM-BLR,IndiGo,IN665,2026-08-19,2026-08-18,T+1,Economy,4393.0,347,173,289,578,5780.0,Available,OTA,Valid,
636,5,BOM-BLR,Air India,AI817,2026-08-19,2026-07-05,T+45,Economy,2166.0,171,86,142,285,2850.0,Available,OTA,Valid,
637,5,BOM-BLR,Air India,AI680,2026-08-19,2026-07-20,T+30,Economy,2812.0,222,111,185,370,3700.0,Available,Airline Site,Valid,
638,5,BOM-BLR,Air India,AI203,2026-08-19,2026-08-04,T+15,Economy,4126.0,326,163,272,543,5430.0,Available,OTA,Valid,
639,5,BOM-BLR,Air India,AI770,2026-08-19,2026-08-12,T+7,Economy,4507.0,356,178,296,593,5930.0,Available,OTA,Valid,
640,5,BOM-BLR,Air India,AI247,2026-08-19,2026-08-18,T+1,Economy,3967.0,313,157,261,522,5220.0,Available,OTA,Valid,
641,5,BOM-BLR,Akasa,AK343,2026-08-19,2026-07-05,T+45,Economy,2007.0,158,79,132,264,2640.0,Sold Out,OTA,Flagged,Sold out at collection time
642,5,BOM-BLR,Akasa,AK120,2026-08-19,2026-07-20,T+30,Economy,2941.0,232,116,194,387,3870.0,Available,OTA,Valid,
643,5,BOM-BLR,Akasa,AK978,2026-08-19,2026-08-04,T+15,Economy,3382.0,267,134,222,445,4450.0,Available,Airline Site,Valid,
644,5,BOM-BLR,Akasa,AK407,2026-08-19,2026-08-12,T+7,Economy,4157.0,328,164,274,547,5470.0,Available,OTA,Valid,
645,5,BOM-BLR,Akasa,AK846,2026-08-19,2026-08-18,T+1,Economy,4325.0,341,171,284,569,5690.0,Available,Airline Site,Valid,
646,5,DEL-CCU,IndiGo,IN877,2026-08-19,2026-07-05,T+45,Economy,2888.0,228,114,190,380,3800.0,Available,OTA,Valid,
647,5,DEL-CCU,IndiGo,IN262,2026-08-19,2026-07-20,T+30,Economy,4005.0,316,158,264,527,5270.0,Available,OTA,Valid,
648,5,DEL-CCU,IndiGo,IN682,2026-08-19,2026-08-04,T+15,Economy,4591.0,362,181,302,604,6040.0,Sold Out,Airline Site,Flagged,Sold out at collection time
649,5,DEL-CCU,IndiGo,IN159,2026-08-19,2026-08-12,T+7,Economy,5723.0,452,226,376,753,7530.0,Available,OTA,Valid,
650,5,DEL-CCU,IndiGo,IN303,2026-08-19,2026-08-18,T+1,Economy,5107.0,403,202,336,672,6720.0,Available,OTA,Valid,
651,5,DEL-CCU,Air India,AI131,2026-08-19,2026-07-05,T+45,Economy,2957.0,233,117,194,389,3890.0,Available,OTA,Valid,
652,5,DEL-CCU,Air India,AI991,2026-08-19,2026-07-20,T+30,Economy,4051.0,320,160,266,533,5330.0,Available,OTA,Valid,
653,5,DEL-CCU,Air India,AI364,2026-08-19,2026-08-04,T+15,Economy,5085.0,401,201,334,669,6690.0,Available,Airline Site,Valid,
654,5,DEL-CCU,Air India,AI266,2026-08-19,2026-08-12,T+7,Economy,5396.0,426,213,355,710,7100.0,Available,Airline Site,Valid,
655,5,DEL-CCU,Air India,AI793,2026-08-19,2026-08-18,T+1,Economy,6710.0,530,265,442,883,8830.0,Available,OTA,Valid,
656,5,DEL-CCU,Akasa,AK798,2026-08-19,2026-07-05,T+45,Economy,3116.0,246,123,205,410,4100.0,Sold Out,Airline Site,Flagged,Sold out at collection time
657,5,DEL-CCU,Akasa,AK108,2026-08-19,2026-07-20,T+30,Economy,4187.0,331,165,276,551,5510.0,Available,OTA,Valid,
658,5,DEL-CCU,Akasa,AK381,2026-08-19,2026-08-04,T+15,Economy,5427.0,428,214,357,714,7140.0,Available,OTA,Valid,
659,5,DEL-CCU,Akasa,AK323,2026-08-19,2026-08-12,T+7,Economy,6149.0,485,243,404,809,8090.0,Available,OTA,Valid,
660,5,DEL-CCU,Akasa,AK778,2026-08-19,2026-08-18,T+1,Economy,6080.0,480,240,400,800,8000.0,Available,OTA,Valid,
661,5,DEL-HYD,IndiGo,IN593,2026-08-19,2026-07-05,T+45,Economy,3078.0,243,122,202,405,4050.0,Available,OTA,Valid,
662,5,DEL-HYD,IndiGo,IN367,2026-08-19,2026-07-20,T+30,Economy,4264.0,337,168,280,561,5610.0,Available,OTA,Valid,
663,5,DEL-HYD,IndiGo,IN346,2026-08-19,2026-08-04,T+15,Economy,4856.0,383,192,320,639,6390.0,Available,OTA,Valid,
664,5,DEL-HYD,IndiGo,IN838,2026-08-19,2026-08-12,T+7,Economy,6004.0,474,237,395,790,7900.0,Sold Out,OTA,Flagged,Sold out at collection time
665,5,DEL-HYD,IndiGo,IN528,2026-08-19,2026-08-18,T+1,Economy,6802.0,537,268,448,895,8950.0,Available,Airline Site,Valid,
666,5,DEL-HYD,Air India,AI451,2026-08-19,2026-07-05,T+45,Economy,3093.0,244,122,204,407,4070.0,Available,Airline Site,Valid,
667,5,DEL-HYD,Air India,AI587,2026-08-19,2026-07-20,T+30,Economy,4225.0,334,167,278,556,5560.0,Available,OTA,Valid,
668,5,DEL-HYD,Air India,AI960,2026-08-19,2026-08-04,T+15,Economy,5275.0,416,208,347,694,6940.0,Available,Airline Site,Valid,
669,5,DEL-HYD,Air India,AI858,2026-08-19,2026-08-12,T+7,Economy,5450.0,430,215,358,717,7170.0,Available,Airline Site,Valid,
670,5,DEL-HYD,Air India,AI770,2026-08-19,2026-08-18,T+1,Economy,6977.0,551,275,459,918,9180.0,Available,OTA,Valid,
671,5,DEL-HYD,Akasa,AK439,2026-08-19,2026-07-05,T+45,Economy,2812.0,222,111,185,370,3700.0,Available,OTA,Valid,
672,5,DEL-HYD,Akasa,AK154,2026-08-19,2026-07-20,T+30,Economy,3709.0,293,146,244,488,4880.0,Available,Airline Site,Valid,
673,5,DEL-HYD,Akasa,AK222,2026-08-19,2026-08-04,T+15,Economy,4690.0,370,185,308,617,6170.0,Available,OTA,Valid,
674,5,DEL-HYD,Akasa,AK991,2026-08-19,2026-08-12,T+7,Economy,5335.0,421,211,351,702,7020.0,Available,Airline Site,Valid,
675,5,DEL-HYD,Akasa,AK683,2026-08-19,2026-08-18,T+1,Economy,6339.0,500,250,417,834,8340.0,Available,OTA,Valid,
676,5,BOM-HYD,IndiGo,IN440,2026-08-19,2026-07-05,T+45,Economy,3025.0,239,119,199,398,3980.0,Available,Airline Site,Valid,
677,5,BOM-HYD,IndiGo,IN562,2026-08-19,2026-07-20,T+30,Economy,3983.0,314,157,262,524,5240.0,Available,Airline Site,Valid,
678,5,BOM-HYD,IndiGo,IN904,2026-08-19,2026-08-04,T+15,Economy,5244.0,414,207,345,690,6900.0,Available,Airline Site,Valid,
679,5,BOM-HYD,IndiGo,IN539,2026-08-19,2026-08-12,T+7,Economy,5351.0,422,211,352,704,7040.0,Available,OTA,Valid,
680,5,BOM-HYD,IndiGo,IN304,2026-08-19,2026-08-18,T+1,Economy,5943.0,469,235,391,782,7820.0,Available,Airline Site,Valid,
681,5,BOM-HYD,Air India,AI118,2026-08-19,2026-07-05,T+45,Economy,3123.0,247,123,206,411,4110.0,Available,Airline Site,Valid,
682,5,BOM-HYD,Air India,AI419,2026-08-19,2026-07-20,T+30,Economy,4165.0,329,164,274,548,5480.0,Available,OTA,Valid,
683,5,BOM-HYD,Air India,AI166,2026-08-19,2026-08-04,T+15,Economy,5244.0,414,207,345,690,6900.0,Available,OTA,Valid,
684,5,BOM-HYD,Air India,AI632,2026-08-19,2026-08-12,T+7,Economy,6460.0,510,255,425,850,8500.0,Available,OTA,Valid,
685,5,BOM-HYD,Air India,AI237,2026-08-19,2026-08-18,T+1,Economy,6293.0,497,248,414,828,8280.0,Available,OTA,Valid,
686,5,BOM-HYD,Akasa,AK931,2026-08-19,2026-07-05,T+45,Economy,2896.0,229,114,190,381,3810.0,Available,Airline Site,Valid,
687,5,BOM-HYD,Akasa,AK316,2026-08-19,2026-07-20,T+30,Economy,3785.0,299,149,249,498,4980.0,Available,Airline Site,Valid,
688,5,BOM-HYD,Akasa,AK911,2026-08-19,2026-08-04,T+15,Economy,4491.0,355,177,296,591,5910.0,Sold Out,OTA,Flagged,Sold out at collection time
689,5,BOM-HYD,Akasa,AK708,2026-08-19,2026-08-12,T+7,Economy,5685.0,449,224,374,748,7480.0,Available,Airline Site,Valid,
690,5,BOM-HYD,Akasa,AK806,2026-08-19,2026-08-18,T+1,Economy,5754.0,454,227,378,757,7570.0,Available,OTA,Valid,
691,5,BLR-HYD,IndiGo,IN811,2026-08-19,2026-07-05,T+45,Economy,2622.0,207,104,172,345,3450.0,Available,Airline Site,Valid,
692,5,BLR-HYD,IndiGo,IN778,2026-08-19,2026-07-20,T+30,Economy,3565.0,281,141,234,469,4690.0,Available,Airline Site,Valid,
693,5,BLR-HYD,IndiGo,IN623,2026-08-19,2026-08-04,T+15,Economy,4591.0,362,181,302,604,6040.0,Available,Airline Site,Valid,
694,5,BLR-HYD,IndiGo,IN609,2026-08-19,2026-08-12,T+7,Economy,4895.0,386,193,322,644,6440.0,Available,Airline Site,Valid,
695,5,BLR-HYD,IndiGo,IN306,2026-08-19,2026-08-18,T+1,Economy,5913.0,467,233,389,778,7780.0,Available,OTA,Valid,
696,5,BLR-HYD,Air India,AI312,2026-08-19,2026-07-05,T+45,Economy,2546.0,201,100,168,335,3350.0,Available,OTA,Valid,
697,5,BLR-HYD,Air India,AI787,2026-08-19,2026-07-20,T+30,Economy,3268.0,258,129,215,430,4300.0,Available,Airline Site,Valid,
698,5,BLR-HYD,Air India,AI252,2026-08-19,2026-08-04,T+15,Economy,4667.0,368,184,307,614,6140.0,Available,Airline Site,Valid,
699,5,BLR-HYD,Air India,AI362,2026-08-19,2026-08-12,T+7,Economy,4925.0,389,194,324,648,6480.0,Available,OTA,Valid,
700,5,BLR-HYD,Air India,AI575,2026-08-19,2026-08-18,T+1,Economy,5700.0,450,225,375,750,7500.0,Available,Airline Site,Valid,
701,5,BLR-HYD,Akasa,AK793,2026-08-19,2026-07-05,T+45,Economy,2827.0,223,112,186,372,3720.0,Available,Airline Site,Valid,
702,5,BLR-HYD,Akasa,AK146,2026-08-19,2026-07-20,T+30,Economy,3709.0,293,146,244,488,4880.0,Sold Out,Airline Site,Flagged,Sold out at collection time
703,5,BLR-HYD,Akasa,AK466,2026-08-19,2026-08-04,T+15,Economy,4902.0,387,194,322,645,6450.0,Available,OTA,Valid,
704,5,BLR-HYD,Akasa,AK934,2026-08-19,2026-08-12,T+7,Economy,5693.0,449,225,374,749,7490.0,Available,Airline Site,Valid,
705,5,BLR-HYD,Akasa,AK378,2026-08-19,2026-08-18,T+1,Economy,5791.0,457,229,381,762,7620.0,Available,OTA,Valid,
706,5,DEL-MAA,IndiGo,IN812,2026-08-19,2026-07-05,T+45,Economy,2562.0,202,101,168,337,3370.0,Available,Airline Site,Valid,
707,5,DEL-MAA,IndiGo,IN594,2026-08-19,2026-07-20,T+30,Economy,3443.0,272,136,226,453,4530.0,Available,OTA,Valid,
708,5,DEL-MAA,IndiGo,IN467,2026-08-19,2026-08-04,T+15,Economy,4142.0,327,164,272,545,5450.0,Available,Airline Site,Valid,
709,5,DEL-MAA,IndiGo,IN521,2026-08-19,2026-08-12,T+7,Economy,4917.0,388,194,324,647,6470.0,Available,Airline Site,Valid,
710,5,DEL-MAA,IndiGo,IN821,2026-08-19,2026-08-18,T+1,Economy,4947.0,391,195,326,651,6510.0,Available,Airline Site,Valid,
711,5,DEL-MAA,Air India,AI635,2026-08-19,2026-07-05,T+45,Economy,2758.0,218,109,182,363,3630.0,Available,Airline Site,Valid,
712,5,DEL-MAA,Air India,AI593,2026-08-19,2026-07-20,T+30,Economy,3778.0,298,149,248,497,4970.0,Available,OTA,Valid,
713,5,DEL-MAA,Air India,AI727,2026-08-19,2026-08-04,T+15,Economy,4491.0,355,177,296,591,5910.0,Available,Airline Site,Valid,
714,5,DEL-MAA,Air India,AI607,2026-08-19,2026-08-12,T+7,Economy,5244.0,414,207,345,690,6900.0,Available,Airline Site,Valid,
715,5,DEL-MAA,Air India,AI438,2026-08-19,2026-08-18,T+1,Economy,5920.0,467,234,390,779,7790.0,Available,Airline Site,Valid,
716,5,DEL-MAA,Akasa,AK936,2026-08-19,2026-07-05,T+45,Economy,2531.0,200,100,166,333,3330.0,Available,OTA,Valid,
717,5,DEL-MAA,Akasa,AK190,2026-08-19,2026-07-20,T+30,Economy,3427.0,271,135,226,451,4510.0,Available,OTA,Valid,
718,5,DEL-MAA,Akasa,AK863,2026-08-19,2026-08-04,T+15,Economy,4294.0,339,170,282,565,5650.0,Available,Airline Site,Valid,
719,5,DEL-MAA,Akasa,AK662,2026-08-19,2026-08-12,T+7,Economy,4575.0,361,181,301,602,6020.0,Sold Out,Airline Site,Flagged,Sold out at collection time
720,5,DEL-MAA,Akasa,AK752,2026-08-19,2026-08-18,T+1,Economy,5685.0,449,224,374,748,7480.0,Available,Airline Site,Valid,
721,5,BOM-MAA,IndiGo,IN936,2026-08-19,2026-07-05,T+45,Economy,3967.0,313,157,261,522,5220.0,Available,OTA,Valid,
722,5,BOM-MAA,IndiGo,IN714,2026-08-19,2026-07-20,T+30,Economy,5221.0,412,206,344,687,6870.0,Available,OTA,Valid,
723,5,BOM-MAA,IndiGo,IN877,2026-08-19,2026-08-04,T+15,Economy,6733.0,532,266,443,886,8860.0,Available,Airline Site,Valid,
724,5,BOM-MAA,IndiGo,IN919,2026-08-19,2026-08-12,T+7,Economy,7220.0,570,285,475,950,9500.0,Available,OTA,Valid,
725,5,BOM-MAA,IndiGo,IN268,2026-08-19,2026-08-18,T+1,Economy,8041.0,635,317,529,1058,10580.0,Available,OTA,Valid,
726,5,BOM-MAA,Air India,AI972,2026-08-19,2026-07-05,T+45,Economy,3549.0,280,140,234,467,4670.0,Available,OTA,Valid,
727,5,BOM-MAA,Air India,AI446,2026-08-19,2026-07-20,T+30,Economy,4985.0,394,197,328,656,6560.0,Available,OTA,Valid,
728,5,BOM-MAA,Air India,AI788,2026-08-19,2026-08-04,T+15,Economy,5655.0,446,223,372,744,7440.0,Available,OTA,Valid,
729,5,BOM-MAA,Air India,AI616,2026-08-19,2026-08-12,T+7,Economy,6802.0,537,268,448,895,8950.0,Available,OTA,Valid,
730,5,BOM-MAA,Air India,AI666,2026-08-19,2026-08-18,T+1,Economy,6551.0,517,259,431,862,8620.0,Available,OTA,Valid,
731,5,BOM-MAA,Akasa,AK808,2026-08-19,2026-07-05,T+45,Economy,4355.0,344,172,286,573,5730.0,Available,Airline Site,Valid,
732,5,BOM-MAA,Akasa,AK720,2026-08-19,2026-07-20,T+30,Economy,5510.0,435,218,362,725,7250.0,Available,OTA,Valid,
733,5,BOM-MAA,Akasa,AK809,2026-08-19,2026-08-04,T+15,Economy,7152.0,565,282,470,941,9410.0,Available,OTA,Valid,
734,5,BOM-MAA,Akasa,AK401,2026-08-19,2026-08-12,T+7,Economy,7760.0,613,306,510,1021,10210.0,Available,Airline Site,Valid,
735,5,BOM-MAA,Akasa,AK866,2026-08-19,2026-08-18,T+1,Economy,7912.0,625,312,520,1041,10410.0,Available,OTA,Valid,
736,5,CCU-BLR,IndiGo,IN739,2026-08-19,2026-07-05,T+45,Economy,2629.0,208,104,173,346,3460.0,Available,OTA,Valid,
737,5,CCU-BLR,IndiGo,IN827,2026-08-19,2026-07-20,T+30,Economy,3717.0,293,147,244,489,4890.0,Available,Airline Site,Valid,
738,5,CCU-BLR,IndiGo,IN430,2026-08-19,2026-08-04,T+15,Economy,4605.0,364,182,303,606,6060.0,Available,OTA,Valid,
739,5,CCU-BLR,IndiGo,IN783,2026-08-19,2026-08-12,T+7,Economy,5146.0,406,203,338,677,6770.0,Available,OTA,Valid,
740,5,CCU-BLR,IndiGo,IN113,2026-08-19,2026-08-18,T+1,Economy,5890.0,465,232,388,775,7750.0,Available,Airline Site,Valid,
741,5,CCU-BLR,Air India,AI373,2026-08-19,2026-07-05,T+45,Economy,2341.0,185,92,154,308,3080.0,Available,Airline Site,Valid,
742,5,CCU-BLR,Air India,AI249,2026-08-19,2026-07-20,T+30,Economy,3481.0,275,137,229,458,4580.0,Available,OTA,Valid,
743,5,CCU-BLR,Air India,AI467,2026-08-19,2026-08-04,T+15,Economy,3861.0,305,152,254,508,5080.0,Available,Airline Site,Valid,
744,5,CCU-BLR,Air India,AI675,2026-08-19,2026-08-12,T+7,Economy,4704.0,371,186,310,619,6190.0,Available,OTA,Valid,
745,5,CCU-BLR,Air India,AI917,2026-08-19,2026-08-18,T+1,Economy,4643.0,367,183,306,611,6110.0,Available,Airline Site,Valid,
746,5,CCU-BLR,Akasa,AK801,2026-08-19,2026-07-05,T+45,Economy,2744.0,217,108,180,361,3610.0,Available,Airline Site,Valid,
747,5,CCU-BLR,Akasa,AK735,2026-08-19,2026-07-20,T+30,Economy,3336.0,263,132,220,439,4390.0,Available,OTA,Valid,
748,5,CCU-BLR,Akasa,AK821,2026-08-19,2026-08-04,T+15,Economy,4955.0,391,196,326,652,6520.0,Available,OTA,Valid,
749,5,CCU-BLR,Akasa,AK717,2026-08-19,2026-08-12,T+7,Economy,5342.0,422,211,352,703,7030.0,Available,Airline Site,Valid,
750,5,CCU-BLR,Akasa,AK799,2026-08-19,2026-08-18,T+1,Economy,5047.0,398,199,332,664,6640.0,Available,Airline Site,Valid,
751,6,DEL-BOM,IndiGo,IN370,2026-08-20,2026-07-06,T+45,Economy,3899.0,308,154,256,513,5130.0,Available,OTA,Valid,
752,6,DEL-BOM,IndiGo,IN258,2026-08-20,2026-07-21,T+30,Economy,5001.0,395,197,329,658,6580.0,Sold Out,OTA,Flagged,Sold out at collection time
753,6,DEL-BOM,IndiGo,IN740,2026-08-20,2026-08-05,T+15,Economy,6954.0,549,274,458,915,9150.0,Available,OTA,Valid,
754,6,DEL-BOM,IndiGo,IN466,2026-08-20,2026-08-13,T+7,Economy,7470.0,590,295,492,983,9830.0,Available,OTA,Valid,
755,6,DEL-BOM,IndiGo,IN633,2026-08-20,2026-08-19,T+1,Economy,8277.0,653,327,544,1089,10890.0,Available,Airline Site,Valid,
756,6,DEL-BOM,Air India,AI326,2026-08-20,2026-07-06,T+45,Economy,4096.0,323,162,270,539,5390.0,Available,OTA,Valid,
757,6,DEL-BOM,Air India,AI870,2026-08-20,2026-07-21,T+30,Economy,5480.0,433,216,360,721,7210.0,Available,OTA,Valid,
758,6,DEL-BOM,Air India,AI764,2026-08-20,2026-08-05,T+15,Economy,7987.0,631,315,526,1051,10510.0,Sold Out,OTA,Flagged,Sold out at collection time
759,6,DEL-BOM,Air India,AI728,2026-08-20,2026-08-13,T+7,Economy,8018.0,633,316,528,1055,10550.0,Available,Airline Site,Valid,
760,6,DEL-BOM,Air India,AI428,2026-08-20,2026-08-19,T+1,Economy,9554.0,754,377,628,1257,12570.0,Available,Airline Site,Valid,
761,6,DEL-BOM,Akasa,AK629,2026-08-20,2026-07-06,T+45,Economy,4119.0,325,163,271,542,5420.0,Available,OTA,Valid,
762,6,DEL-BOM,Akasa,AK598,2026-08-20,2026-07-21,T+30,Economy,5646.0,446,223,372,743,7430.0,Sold Out,Airline Site,Flagged,Sold out at collection time
763,6,DEL-BOM,Akasa,AK198,2026-08-20,2026-08-05,T+15,Economy,6673.0,527,263,439,878,8780.0,Available,Airline Site,Valid,
764,6,DEL-BOM,Akasa,AK744,2026-08-20,2026-08-13,T+7,Economy,7957.0,628,314,524,1047,10470.0,Available,OTA,Valid,
765,6,DEL-BOM,Akasa,AK948,2026-08-20,2026-08-19,T+1,Economy,8983.0,709,355,591,1182,11820.0,Available,OTA,Valid,
766,6,DEL-BLR,IndiGo,IN570,2026-08-20,2026-07-06,T+45,Economy,2645.0,209,104,174,348,3480.0,Available,Airline Site,Valid,
767,6,DEL-BLR,IndiGo,IN913,2026-08-20,2026-07-21,T+30,Economy,3366.0,266,133,222,443,4430.0,Available,Airline Site,Valid,
768,6,DEL-BLR,IndiGo,IN364,2026-08-20,2026-08-05,T+15,Economy,4582.0,362,181,302,603,6030.0,Available,OTA,Valid,
769,6,DEL-BLR,IndiGo,IN117,2026-08-20,2026-08-13,T+7,Economy,5221.0,412,206,344,687,6870.0,Available,Airline Site,Valid,
770,6,DEL-BLR,IndiGo,IN733,2026-08-20,2026-08-19,T+1,Economy,5571.0,440,220,366,733,7330.0,Available,Airline Site,Valid,
771,6,DEL-BLR,Air India,AI208,2026-08-20,2026-07-06,T+45,Economy,2653.0,209,105,174,349,3490.0,Available,OTA,Valid,
772,6,DEL-BLR,Air India,AI548,2026-08-20,2026-07-21,T+30,Economy,3488.0,275,138,230,459,4590.0,Available,Airline Site,Valid,
773,6,DEL-BLR,Air India,AI239,2026-08-20,2026-08-05,T+15,Economy,4377.0,346,173,288,576,5760.0,Available,OTA,Valid,
774,6,DEL-BLR,Air India,AI793,2026-08-20,2026-08-13,T+7,Economy,5267.0,416,208,346,693,6930.0,Available,OTA,Valid,
775,6,DEL-BLR,Air India,AI995,2026-08-20,2026-08-19,T+1,Economy,5646.0,446,223,372,743,7430.0,Available,Airline Site,Valid,
776,6,DEL-BLR,Akasa,AK660,2026-08-20,2026-07-06,T+45,Economy,2249.0,178,89,148,296,2960.0,Available,OTA,Valid,
777,6,DEL-BLR,Akasa,AK843,2026-08-20,2026-07-21,T+30,Economy,2987.0,236,118,196,393,3930.0,Available,OTA,Valid,
778,6,DEL-BLR,Akasa,AK245,2026-08-20,2026-08-05,T+15,Economy,4241.0,335,167,279,558,5580.0,Available,Airline Site,Valid,
779,6,DEL-BLR,Akasa,AK217,2026-08-20,2026-08-13,T+7,Economy,4317.0,341,170,284,568,5680.0,Available,Airline Site,Valid,
780,6,DEL-BLR,Akasa,AK662,2026-08-20,2026-08-19,T+1,Economy,5107.0,403,202,336,672,6720.0,Available,Airline Site,Valid,
781,6,BOM-BLR,IndiGo,IN598,2026-08-20,2026-07-06,T+45,Economy,2052.0,162,81,135,270,2700.0,Available,OTA,Valid,
782,6,BOM-BLR,IndiGo,IN202,2026-08-20,2026-07-21,T+30,Economy,2637.0,208,104,174,347,3470.0,Available,Airline Site,Valid,
783,6,BOM-BLR,IndiGo,IN561,2026-08-20,2026-08-05,T+15,Economy,3679.0,290,145,242,484,4840.0,Available,OTA,Valid,
784,6,BOM-BLR,IndiGo,IN680,2026-08-20,2026-08-13,T+7,Economy,3907.0,308,154,257,514,5140.0,Available,OTA,Valid,
785,6,BOM-BLR,IndiGo,IN420,2026-08-20,2026-08-19,T+1,Economy,4477.0,353,177,294,589,5890.0,Available,Airline Site,Valid,
786,6,BOM-BLR,Air India,AI468,2026-08-20,2026-07-06,T+45,Economy,2280.0,180,90,150,300,3000.0,Available,OTA,Valid,
787,6,BOM-BLR,Air India,AI467,2026-08-20,2026-07-21,T+30,Economy,3253.0,257,128,214,428,4280.0,Available,OTA,Valid,
788,6,BOM-BLR,Air India,AI721,2026-08-20,2026-08-05,T+15,Economy,3883.0,307,153,256,511,5110.0,Available,OTA,Valid,
789,6,BOM-BLR,Air India,AI651,2026-08-20,2026-08-13,T+7,Economy,4605.0,364,182,303,606,6060.0,Available,Airline Site,Valid,
790,6,BOM-BLR,Air India,AI969,2026-08-20,2026-08-19,T+1,Economy,5054.0,399,200,332,665,6650.0,Available,Airline Site,Valid,
791,6,BOM-BLR,Akasa,AK317,2026-08-20,2026-07-06,T+45,Economy,2387.0,188,94,157,314,3140.0,Available,OTA,Valid,
792,6,BOM-BLR,Akasa,AK583,2026-08-20,2026-07-21,T+30,Economy,3291.0,260,130,216,433,4330.0,Available,Airline Site,Valid,
793,6,BOM-BLR,Akasa,AK890,2026-08-20,2026-08-05,T+15,Economy,3831.0,302,151,252,504,5040.0,Available,OTA,Valid,
794,6,BOM-BLR,Akasa,AK192,2026-08-20,2026-08-13,T+7,Economy,4073.0,322,161,268,536,5360.0,Available,Airline Site,Valid,
795,6,BOM-BLR,Akasa,AK925,2026-08-20,2026-08-19,T+1,Economy,5054.0,399,200,332,665,6650.0,Available,Airline Site,Valid,
796,6,DEL-CCU,IndiGo,IN679,2026-08-20,2026-07-06,T+45,Economy,2835.0,224,112,186,373,3730.0,Available,Airline Site,Valid,
797,6,DEL-CCU,IndiGo,IN467,2026-08-20,2026-07-21,T+30,Economy,3914.0,309,154,258,515,5150.0,Sold Out,OTA,Flagged,Sold out at collection time
798,6,DEL-CCU,IndiGo,IN339,2026-08-20,2026-08-05,T+15,Economy,4477.0,353,177,294,589,5890.0,Sold Out,Airline Site,Flagged,Sold out at collection time
799,6,DEL-CCU,IndiGo,IN497,2026-08-20,2026-08-13,T+7,Economy,5434.0,429,214,358,715,7150.0,Available,OTA,Valid,
800,6,DEL-CCU,IndiGo,IN764,2026-08-20,2026-08-19,T+1,Economy,6072.0,479,240,400,799,7990.0,Available,OTA,Valid,
801,6,DEL-CCU,Air India,AI278,2026-08-20,2026-07-06,T+45,Economy,3245.0,256,128,214,427,4270.0,Available,OTA,Valid,
802,6,DEL-CCU,Air India,AI955,2026-08-20,2026-07-21,T+30,Economy,4332.0,342,171,285,570,5700.0,Available,OTA,Valid,
803,6,DEL-CCU,Air India,AI628,2026-08-20,2026-08-05,T+15,Economy,5494.0,434,217,362,723,7230.0,Available,OTA,Valid,
804,6,DEL-CCU,Air India,AI718,2026-08-20,2026-08-13,T+7,Economy,6080.0,480,240,400,800,8000.0,Sold Out,Airline Site,Flagged,Sold out at collection time
805,6,DEL-CCU,Air India,AI626,2026-08-20,2026-08-19,T+1,Economy,6353.0,502,251,418,836,8360.0,Available,Airline Site,Valid,
806,6,DEL-CCU,Akasa,AK936,2026-08-20,2026-07-06,T+45,Economy,2843.0,224,112,187,374,3740.0,Available,Airline Site,Valid,
807,6,DEL-CCU,Akasa,AK216,2026-08-20,2026-07-21,T+30,Economy,3739.0,295,148,246,492,4920.0,Available,OTA,Valid,
808,6,DEL-CCU,Akasa,AK762,2026-08-20,2026-08-05,T+15,Economy,4811.0,380,190,316,633,6330.0,Available,Airline Site,Valid,
809,6,DEL-CCU,Akasa,AK706,2026-08-20,2026-08-13,T+7,Economy,4917.0,388,194,324,647,6470.0,Available,Airline Site,Valid,
810,6,DEL-CCU,Akasa,AK270,2026-08-20,2026-08-19,T+1,Economy,6133.0,484,242,404,807,8070.0,Available,Airline Site,Valid,
811,6,DEL-HYD,IndiGo,IN999,2026-08-20,2026-07-06,T+45,Economy,2964.0,234,117,195,390,3900.0,Available,OTA,Valid,
812,6,DEL-HYD,IndiGo,IN721,2026-08-20,2026-07-21,T+30,Economy,4112.0,325,162,270,541,5410.0,Available,OTA,Valid,
813,6,DEL-HYD,IndiGo,IN715,2026-08-20,2026-08-05,T+15,Economy,4765.0,376,188,314,627,6270.0,Available,Airline Site,Valid,
814,6,DEL-HYD,IndiGo,IN271,2026-08-20,2026-08-13,T+7,Economy,5693.0,449,225,374,749,7490.0,Available,OTA,Valid,
815,6,DEL-HYD,IndiGo,IN170,2026-08-20,2026-08-19,T+1,Economy,6597.0,521,260,434,868,8680.0,Available,OTA,Valid,
816,6,DEL-HYD,Air India,AI616,2026-08-20,2026-07-06,T+45,Economy,2781.0,220,110,183,366,3660.0,Available,Airline Site,Valid,
817,6,DEL-HYD,Air India,AI729,2026-08-20,2026-07-21,T+30,Economy,3724.0,294,147,245,490,4900.0,Available,Airline Site,Valid,
818,6,DEL-HYD,Air India,AI717,2026-08-20,2026-08-05,T+15,Economy,4386.0,346,173,288,577,5770.0,Available,Airline Site,Valid,
819,6,DEL-HYD,Air India,AI764,2026-08-20,2026-08-13,T+7,Economy,5798.0,458,229,382,763,7630.0,Available,OTA,Valid,
820,6,DEL-HYD,Air India,AI642,2026-08-20,2026-08-19,T+1,Economy,5298.0,418,209,348,697,6970.0,Available,OTA,Valid,
821,6,DEL-HYD,Akasa,AK859,2026-08-20,2026-07-06,T+45,Economy,3177.0,251,125,209,418,4180.0,Available,Airline Site,Valid,
822,6,DEL-HYD,Akasa,AK884,2026-08-20,2026-07-21,T+30,Economy,4165.0,329,164,274,548,5480.0,Available,Airline Site,Valid,
823,6,DEL-HYD,Akasa,AK518,2026-08-20,2026-08-05,T+15,Economy,5259.0,415,208,346,692,6920.0,Available,Airline Site,Valid,
824,6,DEL-HYD,Akasa,AK691,2026-08-20,2026-08-13,T+7,Economy,6353.0,502,251,418,836,8360.0,Available,Airline Site,Valid,
825,6,DEL-HYD,Akasa,AK923,2026-08-20,2026-08-19,T+1,Economy,6102.0,482,241,402,803,8030.0,Available,OTA,Valid,
826,6,BOM-HYD,IndiGo,IN648,2026-08-20,2026-07-06,T+45,Economy,2819.0,223,111,186,371,3710.0,Available,OTA,Valid,
827,6,BOM-HYD,IndiGo,IN506,2026-08-20,2026-07-21,T+30,Economy,4028.0,318,159,265,530,5300.0,Available,OTA,Valid,
828,6,BOM-HYD,IndiGo,IN283,2026-08-20,2026-08-05,T+15,Economy,4933.0,389,195,324,649,6490.0,Available,OTA,Valid,
829,6,BOM-HYD,IndiGo,IN452,2026-08-20,2026-08-13,T+7,Economy,5038.0,398,199,332,663,6630.0,Available,OTA,Valid,
830,6,BOM-HYD,IndiGo,IN775,2026-08-20,2026-08-19,T+1,Economy,6263.0,494,247,412,824,8240.0,Available,Airline Site,Valid,
831,6,BOM-HYD,Air India,AI319,2026-08-20,2026-07-06,T+45,Economy,2812.0,222,111,185,370,3700.0,Available,OTA,Valid,
832,6,BOM-HYD,Air India,AI800,2026-08-20,2026-07-21,T+30,Economy,4051.0,320,160,266,533,5330.0,Available,Airline Site,Valid,
833,6,BOM-HYD,Air India,AI923,2026-08-20,2026-08-05,T+15,Economy,4819.0,380,190,317,634,6340.0,Available,Airline Site,Valid,
834,6,BOM-HYD,Air India,AI190,2026-08-20,2026-08-13,T+7,Economy,5419.0,428,214,356,713,7130.0,Available,Airline Site,Valid,
835,6,BOM-HYD,Air India,AI841,2026-08-20,2026-08-19,T+1,Economy,5677.0,448,224,374,747,7470.0,Available,OTA,Valid,
836,6,BOM-HYD,Akasa,AK711,2026-08-20,2026-07-06,T+45,Economy,3009.0,238,119,198,396,3960.0,Available,Airline Site,Valid,
837,6,BOM-HYD,Akasa,AK306,2026-08-20,2026-07-21,T+30,Economy,4059.0,320,160,267,534,5340.0,Available,OTA,Valid,
838,6,BOM-HYD,Akasa,AK622,2026-08-20,2026-08-05,T+15,Economy,4826.0,381,190,318,635,6350.0,Available,Airline Site,Valid,
839,6,BOM-HYD,Akasa,AK468,2026-08-20,2026-08-13,T+7,Economy,5807.0,458,229,382,764,7640.0,Available,Airline Site,Valid,
840,6,BOM-HYD,Akasa,AK382,2026-08-20,2026-08-19,T+1,Economy,6536.0,516,258,430,860,8600.0,Available,OTA,Valid,
841,6,BLR-HYD,IndiGo,IN820,2026-08-20,2026-07-06,T+45,Economy,2546.0,201,100,168,335,3350.0,Available,Airline Site,Valid,
842,6,BLR-HYD,IndiGo,IN672,2026-08-20,2026-07-21,T+30,Economy,3610.0,285,142,238,475,4750.0,Available,OTA,Valid,
843,6,BLR-HYD,IndiGo,IN331,2026-08-20,2026-08-05,T+15,Economy,4408.0,348,174,290,580,5800.0,Available,Airline Site,Valid,
844,6,BLR-HYD,IndiGo,IN104,2026-08-20,2026-08-13,T+7,Economy,4872.0,385,192,320,641,6410.0,Available,OTA,Valid,
845,6,BLR-HYD,IndiGo,IN615,2026-08-20,2026-08-19,T+1,Economy,5342.0,422,211,352,703,7030.0,Available,Airline Site,Valid,
846,6,BLR-HYD,Air India,AI932,2026-08-20,2026-07-06,T+45,Economy,2896.0,229,114,190,381,3810.0,Available,OTA,Valid,
847,6,BLR-HYD,Air India,AI676,2026-08-20,2026-07-21,T+30,Economy,4021.0,317,159,264,529,5290.0,Available,Airline Site,Valid,
848,6,BLR-HYD,Air India,AI569,2026-08-20,2026-08-05,T+15,Economy,5199.0,410,205,342,684,6840.0,Available,Airline Site,Valid,
849,6,BLR-HYD,Air India,AI491,2026-08-20,2026-08-13,T+7,Economy,5244.0,414,207,345,690,6900.0,Available,Airline Site,Valid,
850,6,BLR-HYD,Air India,AI423,2026-08-20,2026-08-19,T+1,Economy,5883.0,464,232,387,774,7740.0,Available,OTA,Valid,
851,6,BLR-HYD,Akasa,AK354,2026-08-20,2026-07-06,T+45,Economy,2736.0,216,108,180,360,3600.0,Available,OTA,Valid,
852,6,BLR-HYD,Akasa,AK177,2026-08-20,2026-07-21,T+30,Economy,3769.0,298,149,248,496,4960.0,Available,Airline Site,Valid,
853,6,BLR-HYD,Akasa,AK687,2026-08-20,2026-08-05,T+15,Economy,4499.0,355,178,296,592,5920.0,Available,Airline Site,Valid,
854,6,BLR-HYD,Akasa,AK853,2026-08-20,2026-08-13,T+7,Economy,4963.0,392,196,326,653,6530.0,Available,OTA,Valid,
855,6,BLR-HYD,Akasa,AK355,2026-08-20,2026-08-19,T+1,Economy,4955.0,391,196,326,652,6520.0,Available,OTA,Valid,
856,6,DEL-MAA,IndiGo,IN779,2026-08-20,2026-07-06,T+45,Economy,2363.0,187,93,156,311,3110.0,Available,Airline Site,Valid,
857,6,DEL-MAA,IndiGo,IN143,2026-08-20,2026-07-21,T+30,Economy,3268.0,258,129,215,430,4300.0,Available,OTA,Valid,
858,6,DEL-MAA,IndiGo,IN688,2026-08-20,2026-08-05,T+15,Economy,4073.0,322,161,268,536,5360.0,Available,OTA,Valid,
859,6,DEL-MAA,IndiGo,IN623,2026-08-20,2026-08-13,T+7,Economy,4165.0,329,164,274,548,5480.0,Available,Airline Site,Valid,
860,6,DEL-MAA,IndiGo,IN638,2026-08-20,2026-08-19,T+1,Economy,4917.0,388,194,324,647,6470.0,Available,OTA,Valid,
861,6,DEL-MAA,Air India,AI981,2026-08-20,2026-07-06,T+45,Economy,2728.0,215,108,180,359,3590.0,Available,Airline Site,Valid,
862,6,DEL-MAA,Air India,AI630,2026-08-20,2026-07-21,T+30,Economy,3617.0,286,143,238,476,4760.0,Available,Airline Site,Valid,
863,6,DEL-MAA,Air India,AI694,2026-08-20,2026-08-05,T+15,Economy,4165.0,329,164,274,548,5480.0,Available,OTA,Valid,
864,6,DEL-MAA,Air India,AI661,2026-08-20,2026-08-13,T+7,Economy,5251.0,415,207,346,691,6910.0,Available,OTA,Valid,
865,6,DEL-MAA,Air India,AI474,2026-08-20,2026-08-19,T+1,Economy,5586.0,441,220,368,735,7350.0,Available,OTA,Valid,
866,6,DEL-MAA,Akasa,AK974,2026-08-20,2026-07-06,T+45,Economy,2371.0,187,94,156,312,3120.0,Available,OTA,Valid,
867,6,DEL-MAA,Akasa,AK689,2026-08-20,2026-07-21,T+30,Economy,3032.0,239,120,200,399,3990.0,Available,Airline Site,Valid,
868,6,DEL-MAA,Akasa,AK668,2026-08-20,2026-08-05,T+15,Economy,4325.0,341,171,284,569,5690.0,Available,OTA,Valid,
869,6,DEL-MAA,Akasa,AK856,2026-08-20,2026-08-13,T+7,Economy,4287.0,338,169,282,564,5640.0,Available,Airline Site,Valid,
870,6,DEL-MAA,Akasa,AK969,2026-08-20,2026-08-19,T+1,Economy,4469.0,353,176,294,588,5880.0,Available,OTA,Valid,
871,6,BOM-MAA,IndiGo,IN507,2026-08-20,2026-07-06,T+45,Economy,3792.0,299,150,250,499,4990.0,Available,Airline Site,Valid,
872,6,BOM-MAA,IndiGo,IN587,2026-08-20,2026-07-21,T+30,Economy,4909.0,388,194,323,646,6460.0,Available,Airline Site,Valid,
873,6,BOM-MAA,IndiGo,IN469,2026-08-20,2026-08-05,T+15,Economy,6293.0,497,248,414,828,8280.0,Available,OTA,Valid,
874,6,BOM-MAA,IndiGo,IN459,2026-08-20,2026-08-13,T+7,Economy,6840.0,540,270,450,900,9000.0,Available,Airline Site,Valid,
875,6,BOM-MAA,IndiGo,IN651,2026-08-20,2026-08-19,T+1,Economy,7866.0,621,310,518,1035,10350.0,Available,OTA,Valid,
876,6,BOM-MAA,Air India,AI854,2026-08-20,2026-07-06,T+45,Economy,3815.0,301,151,251,502,5020.0,Available,Airline Site,Valid,
877,6,BOM-MAA,Air India,AI746,2026-08-20,2026-07-21,T+30,Economy,5016.0,396,198,330,660,6600.0,Available,Airline Site,Valid,
878,6,BOM-MAA,Air India,AI531,2026-08-20,2026-08-05,T+15,Economy,6840.0,540,270,450,900,9000.0,Available,OTA,Valid,
879,6,BOM-MAA,Air India,AI265,2026-08-20,2026-08-13,T+7,Economy,7569.0,598,299,498,996,9960.0,Available,OTA,Valid,
880,6,BOM-MAA,Air India,AI373,2026-08-20,2026-08-19,T+1,Economy,7304.0,577,288,480,961,9610.0,Available,OTA,Valid,
881,6,BOM-MAA,Akasa,AK471,2026-08-20,2026-07-06,T+45,Economy,3838.0,303,152,252,505,5050.0,Available,OTA,Valid,
882,6,BOM-MAA,Akasa,AK123,2026-08-20,2026-07-21,T+30,Economy,4917.0,388,194,324,647,6470.0,Available,Airline Site,Valid,
883,6,BOM-MAA,Akasa,AK817,2026-08-20,2026-08-05,T+15,Economy,6757.0,533,267,444,889,8890.0,Available,Airline Site,Valid,
884,6,BOM-MAA,Akasa,AK165,2026-08-20,2026-08-13,T+7,Economy,6399.0,505,253,421,842,8420.0,Available,OTA,Valid,
885,6,BOM-MAA,Akasa,AK506,2026-08-20,2026-08-19,T+1,Economy,7479.0,590,295,492,984,9840.0,Available,Airline Site,Valid,
886,6,CCU-BLR,IndiGo,IN499,2026-08-20,2026-07-06,T+45,Economy,2576.0,203,102,170,339,3390.0,Available,Airline Site,Valid,
887,6,CCU-BLR,IndiGo,IN229,2026-08-20,2026-07-21,T+30,Economy,3474.0,274,137,228,457,4570.0,Available,Airline Site,Valid,
888,6,CCU-BLR,IndiGo,IN981,2026-08-20,2026-08-05,T+15,Economy,3907.0,308,154,257,514,5140.0,Available,OTA,Valid,
889,6,CCU-BLR,IndiGo,IN378,2026-08-20,2026-08-13,T+7,Economy,4803.0,379,190,316,632,6320.0,Available,Airline Site,Valid,
890,6,CCU-BLR,IndiGo,IN281,2026-08-20,2026-08-19,T+1,Economy,5731.0,452,226,377,754,7540.0,Available,OTA,Valid,
891,6,CCU-BLR,Air India,AI636,2026-08-20,2026-07-06,T+45,Economy,2523.0,199,100,166,332,3320.0,Available,OTA,Valid,
892,6,CCU-BLR,Air India,AI332,2026-08-20,2026-07-21,T+30,Economy,3565.0,281,141,234,469,4690.0,Available,OTA,Valid,
893,6,CCU-BLR,Air India,AI259,2026-08-20,2026-08-05,T+15,Economy,4096.0,323,162,270,539,5390.0,Available,Airline Site,Valid,
894,6,CCU-BLR,Air India,AI239,2026-08-20,2026-08-13,T+7,Economy,4842.0,382,191,318,637,6370.0,Available,OTA,Valid,
895,6,CCU-BLR,Air India,AI603,2026-08-20,2026-08-19,T+1,Economy,5199.0,410,205,342,684,6840.0,Available,OTA,Valid,
896,6,CCU-BLR,Akasa,AK711,2026-08-20,2026-07-06,T+45,Economy,2401.0,190,95,158,316,3160.0,Available,Airline Site,Valid,
897,6,CCU-BLR,Akasa,AK674,2026-08-20,2026-07-21,T+30,Economy,3139.0,248,124,206,413,4130.0,Available,Airline Site,Valid,
898,6,CCU-BLR,Akasa,AK499,2026-08-20,2026-08-05,T+15,Economy,3792.0,299,150,250,499,4990.0,Available,Airline Site,Valid,
899,6,CCU-BLR,Akasa,AK345,2026-08-20,2026-08-13,T+7,Economy,4187.0,331,165,276,551,5510.0,Available,OTA,Valid,
900,6,CCU-BLR,Akasa,AK928,2026-08-20,2026-08-19,T+1,Economy,4591.0,362,181,302,604,6040.0,Available,Airline Site,Valid,
901,7,DEL-BOM,IndiGo,IN732,2026-08-21,2026-07-07,T+45,Economy,4051.0,320,160,266,533,5330.0,Available,OTA,Valid,
902,7,DEL-BOM,IndiGo,IN150,2026-08-21,2026-07-22,T+30,Economy,5061.0,400,200,333,666,6660.0,Available,Airline Site,Valid,
903,7,DEL-BOM,IndiGo,IN375,2026-08-21,2026-08-06,T+15,Economy,6254.0,494,247,412,823,8230.0,Available,OTA,Valid,
904,7,DEL-BOM,IndiGo,IN254,2026-08-21,2026-08-14,T+7,Economy,7835.0,619,309,516,1031,10310.0,Sold Out,Airline Site,Flagged,Sold out at collection time
905,7,DEL-BOM,IndiGo,IN918,2026-08-21,2026-08-20,T+1,Economy,7744.0,611,306,510,1019,10190.0,Available,OTA,Valid,
906,7,DEL-BOM,Air India,AI963,2026-08-21,2026-07-07,T+45,Economy,4211.0,332,166,277,554,5540.0,Available,Airline Site,Valid,
907,7,DEL-BOM,Air India,AI173,2026-08-21,2026-07-22,T+30,Economy,5517.0,436,218,363,726,7260.0,Available,Airline Site,Valid,
908,7,DEL-BOM,Air India,AI936,2026-08-21,2026-08-06,T+15,Economy,6931.0,547,274,456,912,9120.0,Available,Airline Site,Valid,
909,7,DEL-BOM,Air India,AI354,2026-08-21,2026-08-14,T+7,Economy,7463.0,589,295,491,982,9820.0,Available,OTA,Valid,
910,7,DEL-BOM,Air India,AI303,2026-08-21,2026-08-20,T+1,Economy,8338.0,658,329,548,1097,10970.0,Available,Airline Site,Valid,
911,7,DEL-BOM,Akasa,AK797,2026-08-21,2026-07-07,T+45,Economy,4294.0,339,170,282,565,5650.0,Available,OTA,Valid,
912,7,DEL-BOM,Akasa,AK862,2026-08-21,2026-07-22,T+30,Economy,5639.0,445,223,371,742,7420.0,Available,Airline Site,Valid,
913,7,DEL-BOM,Akasa,AK303,2026-08-21,2026-08-06,T+15,Economy,7014.0,554,277,462,923,9230.0,Available,Airline Site,Valid,
914,7,DEL-BOM,Akasa,AK215,2026-08-21,2026-08-14,T+7,Economy,8626.0,681,340,568,1135,11350.0,Available,OTA,Valid,
915,7,DEL-BOM,Akasa,AK382,2026-08-21,2026-08-20,T+1,Economy,8186.0,646,323,538,1077,10770.0,Available,OTA,Valid,
916,7,DEL-BLR,IndiGo,IN586,2026-08-21,2026-07-07,T+45,Economy,2280.0,180,90,150,300,3000.0,Available,Airline Site,Valid,
917,7,DEL-BLR,IndiGo,IN261,2026-08-21,2026-07-22,T+30,Economy,2910.0,230,115,192,383,3830.0,Available,OTA,Valid,
918,7,DEL-BLR,IndiGo,IN740,2026-08-21,2026-08-06,T+15,Economy,4264.0,337,168,280,561,5610.0,Available,OTA,Valid,
919,7,DEL-BLR,IndiGo,IN910,2026-08-21,2026-08-14,T+7,Economy,4423.0,349,175,291,582,5820.0,Available,OTA,Valid,
920,7,DEL-BLR,IndiGo,IN907,2026-08-21,2026-08-20,T+1,Economy,4377.0,346,173,288,576,5760.0,Available,OTA,Valid,
921,7,DEL-BLR,Air India,AI805,2026-08-21,2026-07-07,T+45,Economy,2584.0,204,102,170,340,3400.0,Available,Airline Site,Valid,
922,7,DEL-BLR,Air India,AI823,2026-08-21,2026-07-22,T+30,Economy,3352.0,265,132,220,441,4410.0,Available,OTA,Valid,
923,7,DEL-BLR,Air India,AI680,2026-08-21,2026-08-06,T+15,Economy,4507.0,356,178,296,593,5930.0,Available,OTA,Valid,
924,7,DEL-BLR,Air India,AI988,2026-08-21,2026-08-14,T+7,Economy,4765.0,376,188,314,627,6270.0,Available,Airline Site,Valid,
925,7,DEL-BLR,Air India,AI402,2026-08-21,2026-08-20,T+1,Economy,4681.0,370,185,308,616,6160.0,Available,OTA,Valid,
926,7,DEL-BLR,Akasa,AK851,2026-08-21,2026-07-07,T+45,Economy,2463.0,194,97,162,324,3240.0,Available,Airline Site,Valid,
927,7,DEL-BLR,Akasa,AK735,2026-08-21,2026-07-22,T+30,Economy,3344.0,264,132,220,440,4400.0,Available,Airline Site,Valid,
928,7,DEL-BLR,Akasa,AK496,2026-08-21,2026-08-06,T+15,Economy,4325.0,341,171,284,569,5690.0,Available,OTA,Valid,
929,7,DEL-BLR,Akasa,AK389,2026-08-21,2026-08-14,T+7,Economy,4819.0,380,190,317,634,6340.0,Available,OTA,Valid,
930,7,DEL-BLR,Akasa,AK168,2026-08-21,2026-08-20,T+1,Economy,4522.0,357,178,298,595,5950.0,Sold Out,Airline Site,Flagged,Sold out at collection time
931,7,BOM-BLR,IndiGo,IN132,2026-08-21,2026-07-07,T+45,Economy,1968.0,155,78,130,259,2590.0,Available,OTA,Valid,
932,7,BOM-BLR,IndiGo,IN818,2026-08-21,2026-07-22,T+30,Economy,2767.0,218,109,182,364,3640.0,Available,Airline Site,Valid,
933,7,BOM-BLR,IndiGo,IN172,2026-08-21,2026-08-06,T+15,Economy,3344.0,264,132,220,440,4400.0,Sold Out,Airline Site,Flagged,Sold out at collection time
934,7,BOM-BLR,IndiGo,IN952,2026-08-21,2026-08-14,T+7,Economy,4021.0,317,159,264,529,5290.0,Available,Airline Site,Valid,
935,7,BOM-BLR,IndiGo,IN525,2026-08-21,2026-08-20,T+1,Economy,3983.0,314,157,262,524,5240.0,Available,Airline Site,Valid,
936,7,BOM-BLR,Air India,AI172,2026-08-21,2026-07-07,T+45,Economy,2288.0,181,90,150,301,3010.0,Available,Airline Site,Valid,
937,7,BOM-BLR,Air India,AI199,2026-08-21,2026-07-22,T+30,Economy,3435.0,271,136,226,452,4520.0,Available,Airline Site,Valid,
938,7,BOM-BLR,Air India,AI638,2026-08-21,2026-08-06,T+15,Economy,3944.0,311,156,260,519,5190.0,Available,Airline Site,Valid,
939,7,BOM-BLR,Air India,AI864,2026-08-21,2026-08-14,T+7,Economy,4507.0,356,178,296,593,5930.0,Available,OTA,Valid,
940,7,BOM-BLR,Air India,AI537,2026-08-21,2026-08-20,T+1,Economy,5024.0,397,198,330,661,6610.0,Available,Airline Site,Valid,
941,7,BOM-BLR,Akasa,AK773,2026-08-21,2026-07-07,T+45,Economy,2333.0,184,92,154,307,3070.0,Available,OTA,Valid,
942,7,BOM-BLR,Akasa,AK663,2026-08-21,2026-07-22,T+30,Economy,3405.0,269,134,224,448,4480.0,Available,OTA,Valid,
943,7,BOM-BLR,Akasa,AK748,2026-08-21,2026-08-06,T+15,Economy,4218.0,333,166,278,555,5550.0,Available,OTA,Valid,
944,7,BOM-BLR,Akasa,AK319,2026-08-21,2026-08-14,T+7,Economy,4529.0,358,179,298,596,5960.0,Available,OTA,Valid,
945,7,BOM-BLR,Akasa,AK506,2026-08-21,2026-08-20,T+1,Economy,4560.0,360,180,300,600,6000.0,Sold Out,Airline Site,Flagged,Sold out at collection time
946,7,DEL-CCU,IndiGo,IN409,2026-08-21,2026-07-07,T+45,Economy,3184.0,251,126,210,419,4190.0,Sold Out,Airline Site,Flagged,Sold out at collection time
947,7,DEL-CCU,IndiGo,IN890,2026-08-21,2026-07-22,T+30,Economy,3990.0,315,158,262,525,5250.0,Available,OTA,Valid,
948,7,DEL-CCU,IndiGo,IN684,2026-08-21,2026-08-06,T+15,Economy,5700.0,450,225,375,750,7500.0,Available,Airline Site,Valid,
949,7,DEL-CCU,IndiGo,IN259,2026-08-21,2026-08-14,T+7,Economy,5298.0,418,209,348,697,6970.0,Available,OTA,Valid,
950,7,DEL-CCU,IndiGo,IN362,2026-08-21,2026-08-20,T+1,Economy,6764.0,534,267,445,890,8900.0,Available,Airline Site,Valid,
951,7,DEL-CCU,Air India,AI179,2026-08-21,2026-07-07,T+45,Economy,3025.0,239,119,199,398,3980.0,Available,OTA,Valid,
952,7,DEL-CCU,Air India,AI806,2026-08-21,2026-07-22,T+30,Economy,4066.0,321,160,268,535,5350.0,Available,Airline Site,Valid,
953,7,DEL-CCU,Air India,AI848,2026-08-21,2026-08-06,T+15,Economy,5275.0,416,208,347,694,6940.0,Available,OTA,Valid,
954,7,DEL-CCU,Air India,AI889,2026-08-21,2026-08-14,T+7,Economy,5123.0,404,202,337,674,6740.0,Available,OTA,Valid,
955,7,DEL-CCU,Air India,AI990,2026-08-21,2026-08-20,T+1,Economy,6254.0,494,247,412,823,8230.0,Available,Airline Site,Valid,
956,7,DEL-CCU,Akasa,AK636,2026-08-21,2026-07-07,T+45,Economy,3032.0,239,120,200,399,3990.0,Sold Out,Airline Site,Flagged,Sold out at collection time
957,7,DEL-CCU,Akasa,AK256,2026-08-21,2026-07-22,T+30,Economy,4173.0,329,165,274,549,5490.0,Available,OTA,Valid,
958,7,DEL-CCU,Akasa,AK689,2026-08-21,2026-08-06,T+15,Economy,5883.0,464,232,387,774,7740.0,Available,Airline Site,Valid,
959,7,DEL-CCU,Akasa,AK251,2026-08-21,2026-08-14,T+7,Economy,5890.0,465,232,388,775,7750.0,Available,Airline Site,Valid,
960,7,DEL-CCU,Akasa,AK661,2026-08-21,2026-08-20,T+1,Economy,6376.0,503,252,420,839,8390.0,Available,Airline Site,Valid,
961,7,DEL-HYD,IndiGo,IN592,2026-08-21,2026-07-07,T+45,Economy,3002.0,237,118,198,395,3950.0,Available,OTA,Valid,
962,7,DEL-HYD,IndiGo,IN674,2026-08-21,2026-07-22,T+30,Economy,3960.0,313,156,260,521,5210.0,Available,Airline Site,Valid,
963,7,DEL-HYD,IndiGo,IN540,2026-08-21,2026-08-06,T+15,Economy,4704.0,371,186,310,619,6190.0,Available,Airline Site,Valid,
964,7,DEL-HYD,IndiGo,IN474,2026-08-21,2026-08-14,T+7,Economy,5069.0,400,200,334,667,6670.0,Available,OTA,Valid,
965,7,DEL-HYD,IndiGo,IN888,2026-08-21,2026-08-20,T+1,Economy,5821.0,460,230,383,766,7660.0,Available,OTA,Valid,
966,7,DEL-HYD,Air India,AI249,2026-08-21,2026-07-07,T+45,Economy,3055.0,241,121,201,402,4020.0,Available,Airline Site,Valid,
967,7,DEL-HYD,Air India,AI875,2026-08-21,2026-07-22,T+30,Economy,3952.0,312,156,260,520,5200.0,Available,Airline Site,Valid,
968,7,DEL-HYD,Air India,AI735,2026-08-21,2026-08-06,T+15,Economy,4681.0,370,185,308,616,6160.0,Available,OTA,Valid,
969,7,DEL-HYD,Air India,AI213,2026-08-21,2026-08-14,T+7,Economy,5213.0,412,206,343,686,6860.0,Available,OTA,Valid,
970,7,DEL-HYD,Air India,AI650,2026-08-21,2026-08-20,T+1,Economy,5396.0,426,213,355,710,7100.0,Available,OTA,Valid,
971,7,DEL-HYD,Akasa,AK811,2026-08-21,2026-07-07,T+45,Economy,3116.0,246,123,205,410,4100.0,Available,Airline Site,Valid,
972,7,DEL-HYD,Akasa,AK639,2026-08-21,2026-07-22,T+30,Economy,4119.0,325,163,271,542,5420.0,Sold Out,Airline Site,Flagged,Sold out at collection time
973,7,DEL-HYD,Akasa,AK813,2026-08-21,2026-08-06,T+15,Economy,4613.0,364,182,304,607,6070.0,Available,Airline Site,Valid,
974,7,DEL-HYD,Akasa,AK168,2026-08-21,2026-08-14,T+7,Economy,5814.0,459,230,382,765,7650.0,Available,OTA,Valid,
975,7,DEL-HYD,Akasa,AK468,2026-08-21,2026-08-20,T+1,Economy,6528.0,515,258,430,859,8590.0,Available,Airline Site,Valid,
976,7,BOM-HYD,IndiGo,IN620,2026-08-21,2026-07-07,T+45,Economy,3223.0,254,127,212,424,4240.0,Available,Airline Site,Valid,
977,7,BOM-HYD,IndiGo,IN711,2026-08-21,2026-07-22,T+30,Economy,4439.0,350,175,292,584,5840.0,Available,Airline Site,Valid,
978,7,BOM-HYD,IndiGo,IN674,2026-08-21,2026-08-06,T+15,Economy,5153.0,407,203,339,678,6780.0,Available,Airline Site,Valid,
979,7,BOM-HYD,IndiGo,IN412,2026-08-21,2026-08-14,T+7,Economy,5434.0,429,214,358,715,7150.0,Available,OTA,Valid,
980,7,BOM-HYD,IndiGo,IN800,2026-08-21,2026-08-20,T+1,Economy,6528.0,515,258,430,859,8590.0,Available,OTA,Valid,
981,7,BOM-HYD,Air India,AI931,2026-08-21,2026-07-07,T+45,Economy,2767.0,218,109,182,364,3640.0,Available,OTA,Valid,
982,7,BOM-HYD,Air India,AI934,2026-08-21,2026-07-22,T+30,Economy,3997.0,316,158,263,526,5260.0,Available,OTA,Valid,
983,7,BOM-HYD,Air India,AI502,2026-08-21,2026-08-06,T+15,Economy,4400.0,347,174,290,579,5790.0,Available,Airline Site,Valid,
984,7,BOM-HYD,Air India,AI794,2026-08-21,2026-08-14,T+7,Economy,5487.0,433,217,361,722,7220.0,Available,Airline Site,Valid,
985,7,BOM-HYD,Air India,AI536,2026-08-21,2026-08-20,T+1,Economy,5510.0,435,218,362,725,7250.0,Available,OTA,Valid,
986,7,BOM-HYD,Akasa,AK694,2026-08-21,2026-07-07,T+45,Economy,2910.0,230,115,192,383,3830.0,Available,Airline Site,Valid,
987,7,BOM-HYD,Akasa,AK822,2026-08-21,2026-07-22,T+30,Economy,4021.0,317,159,264,529,5290.0,Available,Airline Site,Valid,
988,7,BOM-HYD,Akasa,AK888,2026-08-21,2026-08-06,T+15,Economy,4955.0,391,196,326,652,6520.0,Available,Airline Site,Valid,
989,7,BOM-HYD,Akasa,AK836,2026-08-21,2026-08-14,T+7,Economy,5237.0,413,207,344,689,6890.0,Available,OTA,Valid,
990,7,BOM-HYD,Akasa,AK130,2026-08-21,2026-08-20,T+1,Economy,6194.0,489,244,408,815,8150.0,Available,OTA,Valid,
991,7,BLR-HYD,IndiGo,IN752,2026-08-21,2026-07-07,T+45,Economy,2637.0,208,104,174,347,3470.0,Available,OTA,Valid,
992,7,BLR-HYD,IndiGo,IN234,2026-08-21,2026-07-22,T+30,Economy,3275.0,259,129,216,431,4310.0,Available,OTA,Valid,
993,7,BLR-HYD,IndiGo,IN710,2026-08-21,2026-08-06,T+15,Economy,4515.0,356,178,297,594,5940.0,Available,Airline Site,Valid,
994,7,BLR-HYD,IndiGo,IN588,2026-08-21,2026-08-14,T+7,Economy,4781.0,377,189,314,629,6290.0,Available,OTA,Valid,
995,7,BLR-HYD,IndiGo,IN972,2026-08-21,2026-08-20,T+1,Economy,5464.0,431,216,360,719,7190.0,Available,OTA,Valid,
996,7,BLR-HYD,Air India,AI882,2026-08-21,2026-07-07,T+45,Economy,2424.0,191,96,160,319,3190.0,Available,OTA,Valid,
997,7,BLR-HYD,Air India,AI787,2026-08-21,2026-07-22,T+30,Economy,3504.0,277,138,230,461,4610.0,Available,Airline Site,Valid,
998,7,BLR-HYD,Air India,AI549,2026-08-21,2026-08-06,T+15,Economy,3983.0,314,157,262,524,5240.0,Available,OTA,Valid,
999,7,BLR-HYD,Air India,AI352,2026-08-21,2026-08-14,T+7,Economy,5016.0,396,198,330,660,6600.0,Available,Airline Site,Valid,
1000,7,BLR-HYD,Air India,AI837,2026-08-21,2026-08-20,T+1,Economy,5298.0,418,209,348,697,6970.0,Available,Airline Site,Valid,
1001,7,BLR-HYD,Akasa,AK143,2026-08-21,2026-07-07,T+45,Economy,2751.0,217,109,181,362,3620.0,Available,Airline Site,Valid,
1002,7,BLR-HYD,Akasa,AK852,2026-08-21,2026-07-22,T+30,Economy,3633.0,287,143,239,478,4780.0,Sold Out,OTA,Flagged,Sold out at collection time
1003,7,BLR-HYD,Akasa,AK150,2026-08-21,2026-08-06,T+15,Economy,4643.0,367,183,306,611,6110.0,Available,OTA,Valid,
1004,7,BLR-HYD,Akasa,AK947,2026-08-21,2026-08-14,T+7,Economy,4917.0,388,194,324,647,6470.0,Available,Airline Site,Valid,
1005,7,BLR-HYD,Akasa,AK155,2026-08-21,2026-08-20,T+1,Economy,5403.0,427,213,356,711,7110.0,Available,Airline Site,Valid,
1006,7,DEL-MAA,IndiGo,IN284,2026-08-21,2026-07-07,T+45,Economy,2629.0,208,104,173,346,3460.0,Available,Airline Site,Valid,
1007,7,DEL-MAA,IndiGo,IN125,2026-08-21,2026-07-22,T+30,Economy,3458.0,273,136,228,455,4550.0,Available,Airline Site,Valid,
1008,7,DEL-MAA,IndiGo,IN431,2026-08-21,2026-08-06,T+15,Economy,4681.0,370,185,308,616,6160.0,Available,Airline Site,Valid,
1009,7,DEL-MAA,IndiGo,IN216,2026-08-21,2026-08-14,T+7,Economy,5077.0,401,200,334,668,6680.0,Available,OTA,Valid,
1010,7,DEL-MAA,IndiGo,IN844,2026-08-21,2026-08-20,T+1,Economy,4849.0,383,191,319,638,6380.0,Available,Airline Site,Valid,
1011,7,DEL-MAA,Air India,AI443,2026-08-21,2026-07-07,T+45,Economy,2531.0,200,100,166,333,3330.0,Available,Airline Site,Valid,
1012,7,DEL-MAA,Air India,AI887,2026-08-21,2026-07-22,T+30,Economy,3154.0,249,124,208,415,4150.0,Available,OTA,Valid,
1013,7,DEL-MAA,Air India,AI556,2026-08-21,2026-08-06,T+15,Economy,4135.0,326,163,272,544,5440.0,Available,Airline Site,Valid,
1014,7,DEL-MAA,Air India,AI307,2026-08-21,2026-08-14,T+7,Economy,4203.0,332,166,276,553,5530.0,Sold Out,OTA,Flagged,Sold out at collection time
1015,7,DEL-MAA,Air India,AI610,2026-08-21,2026-08-20,T+1,Economy,4453.0,352,176,293,586,5860.0,Available,Airline Site,Valid,
1016,7,DEL-MAA,Akasa,AK775,2026-08-21,2026-07-07,T+45,Economy,2562.0,202,101,168,337,3370.0,Available,OTA,Valid,
1017,7,DEL-MAA,Akasa,AK106,2026-08-21,2026-07-22,T+30,Economy,3518.0,278,139,232,463,4630.0,Available,OTA,Valid,
1018,7,DEL-MAA,Akasa,AK945,2026-08-21,2026-08-06,T+15,Economy,4552.0,359,180,300,599,5990.0,Available,Airline Site,Valid,
1019,7,DEL-MAA,Akasa,AK137,2026-08-21,2026-08-14,T+7,Economy,4575.0,361,181,301,602,6020.0,Available,Airline Site,Valid,
1020,7,DEL-MAA,Akasa,AK405,2026-08-21,2026-08-20,T+1,Economy,5609.0,443,221,369,738,7380.0,Available,Airline Site,Valid,
1021,7,BOM-MAA,IndiGo,IN725,2026-08-21,2026-07-07,T+45,Economy,3883.0,307,153,256,511,5110.0,Available,Airline Site,Valid,
1022,7,BOM-MAA,IndiGo,IN468,2026-08-21,2026-07-22,T+30,Economy,5563.0,439,220,366,732,7320.0,Available,Airline Site,Valid,
1023,7,BOM-MAA,IndiGo,IN488,2026-08-21,2026-08-06,T+15,Economy,6802.0,537,268,448,895,8950.0,Available,OTA,Valid,
1024,7,BOM-MAA,IndiGo,IN582,2026-08-21,2026-08-14,T+7,Economy,7600.0,600,300,500,1000,10000.0,Available,OTA,Valid,
1025,7,BOM-MAA,IndiGo,IN314,2026-08-21,2026-08-20,T+1,Economy,7426.0,586,293,488,977,9770.0,Available,Airline Site,Valid,
1026,7,BOM-MAA,Air India,AI189,2026-08-21,2026-07-07,T+45,Economy,3633.0,287,143,239,478,4780.0,Available,OTA,Valid,
1027,7,BOM-MAA,Air India,AI365,2026-08-21,2026-07-22,T+30,Economy,4925.0,389,194,324,648,6480.0,Available,OTA,Valid,
1028,7,BOM-MAA,Air India,AI608,2026-08-21,2026-08-06,T+15,Economy,6688.0,528,264,440,880,8800.0,Available,OTA,Valid,
1029,7,BOM-MAA,Air India,AI724,2026-08-21,2026-08-14,T+7,Economy,6657.0,526,263,438,876,8760.0,Available,OTA,Valid,
1030,7,BOM-MAA,Air India,AI124,2026-08-21,2026-08-20,T+1,Economy,7912.0,625,312,520,1041,10410.0,Available,Airline Site,Valid,
1031,7,BOM-MAA,Akasa,AK524,2026-08-21,2026-07-07,T+45,Economy,4112.0,325,162,270,541,5410.0,Available,OTA,Valid,
1032,7,BOM-MAA,Akasa,AK317,2026-08-21,2026-07-22,T+30,Economy,5517.0,436,218,363,726,7260.0,Sold Out,Airline Site,Flagged,Sold out at collection time
1033,7,BOM-MAA,Akasa,AK169,2026-08-21,2026-08-06,T+15,Economy,7099.0,560,280,467,934,9340.0,Available,OTA,Valid,
1034,7,BOM-MAA,Akasa,AK441,2026-08-21,2026-08-14,T+7,Economy,7980.0,630,315,525,1050,10500.0,Available,Airline Site,Valid,
1035,7,BOM-MAA,Akasa,AK953,2026-08-21,2026-08-20,T+1,Economy,8785.0,694,347,578,1156,11560.0,Available,OTA,Valid,
1036,7,CCU-BLR,IndiGo,IN742,2026-08-21,2026-07-07,T+45,Economy,2615.0,206,103,172,344,3440.0,Available,OTA,Valid,
1037,7,CCU-BLR,IndiGo,IN860,2026-08-21,2026-07-22,T+30,Economy,3587.0,283,142,236,472,4720.0,Available,OTA,Valid,
1038,7,CCU-BLR,IndiGo,IN668,2026-08-21,2026-08-06,T+15,Economy,4560.0,360,180,300,600,6000.0,Available,Airline Site,Valid,
1039,7,CCU-BLR,IndiGo,IN914,2026-08-21,2026-08-14,T+7,Economy,4978.0,393,196,328,655,6550.0,Available,Airline Site,Valid,
1040,7,CCU-BLR,IndiGo,IN484,2026-08-21,2026-08-20,T+1,Economy,4886.0,386,193,322,643,6430.0,Available,Airline Site,Valid,
1041,7,CCU-BLR,Air India,AI985,2026-08-21,2026-07-07,T+45,Economy,2523.0,199,100,166,332,3320.0,Available,OTA,Valid,
1042,7,CCU-BLR,Air India,AI132,2026-08-21,2026-07-22,T+30,Economy,3435.0,271,136,226,452,4520.0,Available,Airline Site,Valid,
1043,7,CCU-BLR,Air India,AI562,2026-08-21,2026-08-06,T+15,Economy,4195.0,331,166,276,552,5520.0,Available,OTA,Valid,
1044,7,CCU-BLR,Air India,AI214,2026-08-21,2026-08-14,T+7,Economy,4377.0,346,173,288,576,5760.0,Available,Airline Site,Valid,
1045,7,CCU-BLR,Air India,AI554,2026-08-21,2026-08-20,T+1,Economy,5563.0,439,220,366,732,7320.0,Available,OTA,Valid,
1046,7,CCU-BLR,Akasa,AK595,2026-08-21,2026-07-07,T+45,Economy,2645.0,209,104,174,348,3480.0,Available,OTA,Valid,
1047,7,CCU-BLR,Akasa,AK992,2026-08-21,2026-07-22,T+30,Economy,3648.0,288,144,240,480,4800.0,Available,Airline Site,Valid,
1048,7,CCU-BLR,Akasa,AK496,2026-08-21,2026-08-06,T+15,Economy,4157.0,328,164,274,547,5470.0,Available,Airline Site,Valid,
1049,7,CCU-BLR,Akasa,AK803,2026-08-21,2026-08-14,T+7,Economy,4598.0,363,182,302,605,6050.0,Available,Airline Site,Valid,
1050,7,CCU-BLR,Akasa,AK205,2026-08-21,2026-08-20,T+1,Economy,5320.0,420,210,350,700,7000.0,Available,OTA,Valid,
1051,8,DEL-BOM,IndiGo,IN305,2026-08-22,2026-07-08,T+45,Economy,4400.0,347,174,290,579,5790.0,Available,OTA,Valid,
1052,8,DEL-BOM,IndiGo,IN787,2026-08-22,2026-07-23,T+30,Economy,6163.0,487,243,406,811,8110.0,Available,Airline Site,Valid,
1053,8,DEL-BOM,IndiGo,IN737,2026-08-22,2026-08-07,T+15,Economy,6931.0,547,274,456,912,9120.0,Available,Airline Site,Valid,
1054,8,DEL-BOM,IndiGo,IN426,2026-08-22,2026-08-15,T+7,Economy,7821.0,617,309,514,1029,10290.0,Available,OTA,Valid,
1055,8,DEL-BOM,IndiGo,IN418,2026-08-22,2026-08-21,T+1,Economy,9051.0,715,357,596,1191,11910.0,Available,OTA,Valid,
1056,8,DEL-BOM,Air India,AI791,2026-08-22,2026-07-08,T+45,Economy,4173.0,329,165,274,549,5490.0,Available,OTA,Valid,
1057,8,DEL-BOM,Air India,AI283,2026-08-22,2026-07-23,T+30,Economy,5450.0,430,215,358,717,7170.0,Available,OTA,Valid,
1058,8,DEL-BOM,Air India,AI937,2026-08-22,2026-08-07,T+15,Economy,7379.0,583,291,486,971,9710.0,Available,Airline Site,Valid,
1059,8,DEL-BOM,Air India,AI576,2026-08-22,2026-08-15,T+7,Economy,9098.0,718,359,598,1197,11970.0,Available,Airline Site,Valid,
1060,8,DEL-BOM,Air India,AI579,2026-08-22,2026-08-21,T+1,Economy,9591.0,757,379,631,1262,12620.0,Available,OTA,Valid,
1061,8,DEL-BOM,Akasa,AK337,2026-08-22,2026-07-08,T+45,Economy,4400.0,347,174,290,579,5790.0,Available,Airline Site,Valid,
1062,8,DEL-BOM,Akasa,AK472,2026-08-22,2026-07-23,T+30,Economy,6270.0,495,248,412,825,8250.0,Available,OTA,Valid,
1063,8,DEL-BOM,Akasa,AK564,2026-08-22,2026-08-07,T+15,Economy,8109.0,640,320,534,1067,10670.0,Available,Airline Site,Valid,
1064,8,DEL-BOM,Akasa,AK572,2026-08-22,2026-08-15,T+7,Economy,8208.0,648,324,540,1080,10800.0,Available,OTA,Valid,
1065,8,DEL-BOM,Akasa,AK230,2026-08-22,2026-08-21,T+1,Economy,9584.0,757,378,630,1261,12610.0,Available,OTA,Valid,
1066,8,DEL-BLR,IndiGo,IN911,2026-08-22,2026-07-08,T+45,Economy,2645.0,209,104,174,348,3480.0,Available,OTA,Valid,
1067,8,DEL-BLR,IndiGo,IN735,2026-08-22,2026-07-23,T+30,Economy,3481.0,275,137,229,458,4580.0,Available,Airline Site,Valid,
1068,8,DEL-BLR,IndiGo,IN448,2026-08-22,2026-08-07,T+15,Economy,4833.0,382,191,318,636,6360.0,Available,OTA,Valid,
1069,8,DEL-BLR,IndiGo,IN906,2026-08-22,2026-08-15,T+7,Economy,5244.0,414,207,345,690,6900.0,Available,Airline Site,Valid,
1070,8,DEL-BLR,IndiGo,IN857,2026-08-22,2026-08-21,T+1,Economy,4947.0,391,195,326,651,6510.0,Available,OTA,Valid,
1071,8,DEL-BLR,Air India,AI199,2026-08-22,2026-07-08,T+45,Economy,2265.0,179,89,149,298,2980.0,Available,Airline Site,Valid,
1072,8,DEL-BLR,Air India,AI712,2026-08-22,2026-07-23,T+30,Economy,3002.0,237,118,198,395,3950.0,Available,OTA,Valid,
1073,8,DEL-BLR,Air India,AI162,2026-08-22,2026-08-07,T+15,Economy,3792.0,299,150,250,499,4990.0,Available,Airline Site,Valid,
1074,8,DEL-BLR,Air India,AI751,2026-08-22,2026-08-15,T+7,Economy,4811.0,380,190,316,633,6330.0,Available,Airline Site,Valid,
1075,8,DEL-BLR,Air India,AI398,2026-08-22,2026-08-21,T+1,Economy,4811.0,380,190,316,633,6330.0,Available,OTA,Valid,
1076,8,DEL-BLR,Akasa,AK683,2026-08-22,2026-07-08,T+45,Economy,2302.0,182,91,152,303,3030.0,Available,OTA,Valid,
1077,8,DEL-BLR,Akasa,AK835,2026-08-22,2026-07-23,T+30,Economy,3397.0,268,134,224,447,4470.0,Available,OTA,Valid,
1078,8,DEL-BLR,Akasa,AK726,2026-08-22,2026-08-07,T+15,Economy,4363.0,344,172,287,574,5740.0,Available,OTA,Valid,
1079,8,DEL-BLR,Akasa,AK163,2026-08-22,2026-08-15,T+7,Economy,4842.0,382,191,318,637,6370.0,Available,Airline Site,Valid,
1080,8,DEL-BLR,Akasa,AK467,2026-08-22,2026-08-21,T+1,Economy,4165.0,329,164,274,548,5480.0,Available,OTA,Valid,
1081,8,BOM-BLR,IndiGo,IN425,2026-08-22,2026-07-08,T+45,Economy,2090.0,165,82,138,275,2750.0,Available,OTA,Valid,
1082,8,BOM-BLR,IndiGo,IN778,2026-08-22,2026-07-23,T+30,Economy,2805.0,221,111,184,369,3690.0,Available,Airline Site,Valid,
1083,8,BOM-BLR,IndiGo,IN468,2026-08-22,2026-08-07,T+15,Economy,3336.0,263,132,220,439,4390.0,Available,Airline Site,Valid,
1084,8,BOM-BLR,IndiGo,IN228,2026-08-22,2026-08-15,T+7,Economy,3869.0,305,153,254,509,5090.0,Available,Airline Site,Valid,
1085,8,BOM-BLR,IndiGo,IN598,2026-08-22,2026-08-21,T+1,Economy,4325.0,341,171,284,569,5690.0,Available,Airline Site,Valid,
1086,8,BOM-BLR,Air India,AI566,2026-08-22,2026-07-08,T+45,Economy,2029.0,160,80,134,267,2670.0,Available,OTA,Valid,
1087,8,BOM-BLR,Air India,AI534,2026-08-22,2026-07-23,T+30,Economy,2789.0,220,110,184,367,3670.0,Available,OTA,Valid,
1088,8,BOM-BLR,Air India,AI534,2026-08-22,2026-08-07,T+15,Economy,3329.0,263,131,219,438,4380.0,Available,OTA,Valid,
1089,8,BOM-BLR,Air India,AI613,2026-08-22,2026-08-15,T+7,Economy,4082.0,322,161,268,537,5370.0,Available,OTA,Valid,
1090,8,BOM-BLR,Air India,AI594,2026-08-22,2026-08-21,T+1,Economy,3565.0,281,141,234,469,4690.0,Available,Airline Site,Valid,
1091,8,BOM-BLR,Akasa,AK847,2026-08-22,2026-07-08,T+45,Economy,2197.0,173,87,144,289,2890.0,Available,OTA,Valid,
1092,8,BOM-BLR,Akasa,AK724,2026-08-22,2026-07-23,T+30,Economy,2957.0,233,117,194,389,3890.0,Available,OTA,Valid,
1093,8,BOM-BLR,Akasa,AK784,2026-08-22,2026-08-07,T+15,Economy,3967.0,313,157,261,522,5220.0,Available,OTA,Valid,
1094,8,BOM-BLR,Akasa,AK647,2026-08-22,2026-08-15,T+7,Economy,4469.0,353,176,294,588,5880.0,Available,OTA,Valid,
1095,8,BOM-BLR,Akasa,AK687,2026-08-22,2026-08-21,T+1,Economy,4629.0,365,183,304,609,6090.0,Available,OTA,Valid,
1096,8,DEL-CCU,IndiGo,IN811,2026-08-22,2026-07-08,T+45,Economy,3237.0,256,128,213,426,4260.0,Available,OTA,Valid,
1097,8,DEL-CCU,IndiGo,IN162,2026-08-22,2026-07-23,T+30,Economy,4598.0,363,182,302,605,6050.0,Available,Airline Site,Valid,
1098,8,DEL-CCU,IndiGo,IN398,2026-08-22,2026-08-07,T+15,Economy,5745.0,454,227,378,756,7560.0,Available,Airline Site,Valid,
1099,8,DEL-CCU,IndiGo,IN617,2026-08-22,2026-08-15,T+7,Economy,5776.0,456,228,380,760,7600.0,Available,OTA,Valid,
1100,8,DEL-CCU,IndiGo,IN381,2026-08-22,2026-08-21,T+1,Economy,6331.0,500,250,416,833,8330.0,Available,Airline Site,Valid,
1101,8,DEL-CCU,Air India,AI856,2026-08-22,2026-07-08,T+45,Economy,3237.0,256,128,213,426,4260.0,Available,OTA,Valid,
1102,8,DEL-CCU,Air India,AI901,2026-08-22,2026-07-23,T+30,Economy,4119.0,325,163,271,542,5420.0,Available,OTA,Valid,
1103,8,DEL-CCU,Air India,AI133,2026-08-22,2026-08-07,T+15,Economy,5047.0,398,199,332,664,6640.0,Available,Airline Site,Valid,
1104,8,DEL-CCU,Air India,AI941,2026-08-22,2026-08-15,T+7,Economy,6619.0,523,261,436,871,8710.0,Available,OTA,Valid,
1105,8,DEL-CCU,Air India,AI492,2026-08-22,2026-08-21,T+1,Economy,6757.0,533,267,444,889,8890.0,Available,OTA,Valid,
1106,8,DEL-CCU,Akasa,AK962,2026-08-22,2026-07-08,T+45,Economy,3161.0,250,125,208,416,4160.0,Available,OTA,Valid,
1107,8,DEL-CCU,Akasa,AK271,2026-08-22,2026-07-23,T+30,Economy,4287.0,338,169,282,564,5640.0,Available,OTA,Valid,
1108,8,DEL-CCU,Akasa,AK870,2026-08-22,2026-08-07,T+15,Economy,5221.0,412,206,344,687,6870.0,Available,Airline Site,Valid,
1109,8,DEL-CCU,Akasa,AK585,2026-08-22,2026-08-15,T+7,Economy,5852.0,462,231,385,770,7700.0,Available,OTA,Valid,
1110,8,DEL-CCU,Akasa,AK559,2026-08-22,2026-08-21,T+1,Economy,5776.0,456,228,380,760,7600.0,Available,OTA,Valid,
1111,8,DEL-HYD,IndiGo,IN752,2026-08-22,2026-07-08,T+45,Economy,3207.0,253,127,211,422,4220.0,Available,OTA,Valid,
1112,8,DEL-HYD,IndiGo,IN379,2026-08-22,2026-07-23,T+30,Economy,4317.0,341,170,284,568,5680.0,Available,OTA,Valid,
1113,8,DEL-HYD,IndiGo,IN698,2026-08-22,2026-08-07,T+15,Economy,5548.0,438,219,365,730,7300.0,Available,Airline Site,Valid,
1114,8,DEL-HYD,IndiGo,IN299,2026-08-22,2026-08-15,T+7,Economy,6247.0,493,247,411,822,8220.0,Available,Airline Site,Valid,
1115,8,DEL-HYD,IndiGo,IN108,2026-08-22,2026-08-21,T+1,Economy,5875.0,464,232,386,773,7730.0,Available,Airline Site,Valid,
1116,8,DEL-HYD,Air India,AI459,2026-08-22,2026-07-08,T+45,Economy,3002.0,237,118,198,395,3950.0,Available,OTA,Valid,
1117,8,DEL-HYD,Air India,AI734,2026-08-22,2026-07-23,T+30,Economy,3778.0,298,149,248,497,4970.0,Available,Airline Site,Valid,
1118,8,DEL-HYD,Air India,AI825,2026-08-22,2026-08-07,T+15,Economy,5533.0,437,218,364,728,7280.0,Available,Airline Site,Valid,
1119,8,DEL-HYD,Air India,AI772,2026-08-22,2026-08-15,T+7,Economy,5913.0,467,233,389,778,7780.0,Available,Airline Site,Valid,
1120,8,DEL-HYD,Air India,AI359,2026-08-22,2026-08-21,T+1,Economy,6666.0,526,263,438,877,8770.0,Available,Airline Site,Valid,
1121,8,DEL-HYD,Akasa,AK537,2026-08-22,2026-07-08,T+45,Economy,3062.0,242,121,202,403,4030.0,Available,OTA,Valid,
1122,8,DEL-HYD,Akasa,AK383,2026-08-22,2026-07-23,T+30,Economy,4126.0,326,163,272,543,5430.0,Available,OTA,Valid,
1123,8,DEL-HYD,Akasa,AK364,2026-08-22,2026-08-07,T+15,Economy,5312.0,419,210,350,699,6990.0,Available,OTA,Valid,
1124,8,DEL-HYD,Akasa,AK305,2026-08-22,2026-08-15,T+7,Economy,5289.0,418,209,348,696,6960.0,Available,Airline Site,Valid,
1125,8,DEL-HYD,Akasa,AK653,2026-08-22,2026-08-21,T+1,Economy,6353.0,502,251,418,836,8360.0,Available,Airline Site,Valid,
1126,8,BOM-HYD,IndiGo,IN135,2026-08-22,2026-07-08,T+45,Economy,2667.0,211,105,176,351,3510.0,Available,OTA,Valid,
1127,8,BOM-HYD,IndiGo,IN609,2026-08-22,2026-07-23,T+30,Economy,3663.0,289,145,241,482,4820.0,Available,Airline Site,Valid,
1128,8,BOM-HYD,IndiGo,IN372,2026-08-22,2026-08-07,T+15,Economy,5038.0,398,199,332,663,6630.0,Available,OTA,Valid,
1129,8,BOM-HYD,IndiGo,IN627,2026-08-22,2026-08-15,T+7,Economy,5586.0,441,220,368,735,7350.0,Available,OTA,Valid,
1130,8,BOM-HYD,IndiGo,IN845,2026-08-22,2026-08-21,T+1,Economy,5419.0,428,214,356,713,7130.0,Available,Airline Site,Valid,
1131,8,BOM-HYD,Air India,AI937,2026-08-22,2026-07-08,T+45,Economy,3032.0,239,120,200,399,3990.0,Available,Airline Site,Valid,
1132,8,BOM-HYD,Air India,AI467,2026-08-22,2026-07-23,T+30,Economy,4126.0,326,163,272,543,5430.0,Available,OTA,Valid,
1133,8,BOM-HYD,Air India,AI762,2026-08-22,2026-08-07,T+15,Economy,4963.0,392,196,326,653,6530.0,Available,OTA,Valid,
1134,8,BOM-HYD,Air India,AI884,2026-08-22,2026-08-15,T+7,Economy,5038.0,398,199,332,663,6630.0,Available,Airline Site,Valid,
1135,8,BOM-HYD,Air India,AI493,2026-08-22,2026-08-21,T+1,Economy,5365.0,424,212,353,706,7060.0,Available,OTA,Valid,
1136,8,BOM-HYD,Akasa,AK467,2026-08-22,2026-07-08,T+45,Economy,3062.0,242,121,202,403,4030.0,Available,OTA,Valid,
1137,8,BOM-HYD,Akasa,AK297,2026-08-22,2026-07-23,T+30,Economy,4135.0,326,163,272,544,5440.0,Sold Out,Airline Site,Flagged,Sold out at collection time
1138,8,BOM-HYD,Akasa,AK653,2026-08-22,2026-08-07,T+15,Economy,5024.0,397,198,330,661,6610.0,Available,OTA,Valid,
1139,8,BOM-HYD,Akasa,AK560,2026-08-22,2026-08-15,T+7,Economy,5897.0,466,233,388,776,7760.0,Available,Airline Site,Valid,
1140,8,BOM-HYD,Akasa,AK906,2026-08-22,2026-08-21,T+1,Economy,5335.0,421,211,351,702,7020.0,Available,OTA,Valid,
1141,8,BLR-HYD,IndiGo,IN794,2026-08-22,2026-07-08,T+45,Economy,2827.0,223,112,186,372,3720.0,Available,Airline Site,Valid,
1142,8,BLR-HYD,IndiGo,IN173,2026-08-22,2026-07-23,T+30,Economy,3883.0,307,153,256,511,5110.0,Sold Out,Airline Site,Flagged,Sold out at collection time
1143,8,BLR-HYD,IndiGo,IN733,2026-08-22,2026-08-07,T+15,Economy,4674.0,369,184,308,615,6150.0,Sold Out,Airline Site,Flagged,Sold out at collection time
1144,8,BLR-HYD,IndiGo,IN414,2026-08-22,2026-08-15,T+7,Economy,4811.0,380,190,316,633,6330.0,Available,Airline Site,Valid,
1145,8,BLR-HYD,IndiGo,IN705,2026-08-22,2026-08-21,T+1,Economy,5579.0,440,220,367,734,7340.0,Available,Airline Site,Valid,
1146,8,BLR-HYD,Air India,AI164,2026-08-22,2026-07-08,T+45,Economy,2493.0,197,98,164,328,3280.0,Available,OTA,Valid,
1147,8,BLR-HYD,Air India,AI855,2026-08-22,2026-07-23,T+30,Economy,3336.0,263,132,220,439,4390.0,Available,OTA,Valid,
1148,8,BLR-HYD,Air India,AI658,2026-08-22,2026-08-07,T+15,Economy,3937.0,311,155,259,518,5180.0,Available,Airline Site,Valid,
1149,8,BLR-HYD,Air India,AI443,2026-08-22,2026-08-15,T+7,Economy,4971.0,392,196,327,654,6540.0,Available,OTA,Valid,
1150,8,BLR-HYD,Air India,AI813,2026-08-22,2026-08-21,T+1,Economy,4552.0,359,180,300,599,5990.0,Available,Airline Site,Valid,
1151,8,BLR-HYD,Akasa,AK202,2026-08-22,2026-07-08,T+45,Economy,2569.0,203,101,169,338,3380.0,Available,OTA,Valid,
1152,8,BLR-HYD,Akasa,AK598,2026-08-22,2026-07-23,T+30,Economy,3587.0,283,142,236,472,4720.0,Available,Airline Site,Valid,
1153,8,BLR-HYD,Akasa,AK767,2026-08-22,2026-08-07,T+15,Economy,4112.0,325,162,270,541,5410.0,Available,OTA,Valid,
1154,8,BLR-HYD,Akasa,AK891,2026-08-22,2026-08-15,T+7,Economy,4985.0,394,197,328,656,6560.0,Available,Airline Site,Valid,
1155,8,BLR-HYD,Akasa,AK635,2026-08-22,2026-08-21,T+1,Economy,5016.0,396,198,330,660,6600.0,Available,Airline Site,Valid,
1156,8,DEL-MAA,IndiGo,IN611,2026-08-22,2026-07-08,T+45,Economy,2576.0,203,102,170,339,3390.0,Available,Airline Site,Valid,
1157,8,DEL-MAA,IndiGo,IN456,2026-08-22,2026-07-23,T+30,Economy,3663.0,289,145,241,482,4820.0,Available,Airline Site,Valid,
1158,8,DEL-MAA,IndiGo,IN197,2026-08-22,2026-08-07,T+15,Economy,4325.0,341,171,284,569,5690.0,Available,Airline Site,Valid,
1159,8,DEL-MAA,IndiGo,IN313,2026-08-22,2026-08-15,T+7,Economy,4955.0,391,196,326,652,6520.0,Available,Airline Site,Valid,
1160,8,DEL-MAA,IndiGo,IN964,2026-08-22,2026-08-21,T+1,Economy,4727.0,373,187,311,622,6220.0,Available,OTA,Valid,
1161,8,DEL-MAA,Air India,AI155,2026-08-22,2026-07-08,T+45,Economy,2637.0,208,104,174,347,3470.0,Available,OTA,Valid,
1162,8,DEL-MAA,Air India,AI731,2026-08-22,2026-07-23,T+30,Economy,3299.0,260,130,217,434,4340.0,Available,OTA,Valid,
1163,8,DEL-MAA,Air India,AI650,2026-08-22,2026-08-07,T+15,Economy,4035.0,319,159,266,531,5310.0,Available,Airline Site,Valid,
1164,8,DEL-MAA,Air India,AI340,2026-08-22,2026-08-15,T+7,Economy,4727.0,373,187,311,622,6220.0,Available,OTA,Valid,
1165,8,DEL-MAA,Air India,AI433,2026-08-22,2026-08-21,T+1,Economy,5190.0,410,205,342,683,6830.0,Available,Airline Site,Valid,
1166,8,DEL-MAA,Akasa,AK990,2026-08-22,2026-07-08,T+45,Economy,2523.0,199,100,166,332,3320.0,Available,Airline Site,Valid,
1167,8,DEL-MAA,Akasa,AK155,2026-08-22,2026-07-23,T+30,Economy,3192.0,252,126,210,420,4200.0,Available,Airline Site,Valid,
1168,8,DEL-MAA,Akasa,AK282,2026-08-22,2026-08-07,T+15,Economy,4021.0,317,159,264,529,5290.0,Available,Airline Site,Valid,
1169,8,DEL-MAA,Akasa,AK467,2026-08-22,2026-08-15,T+7,Economy,4560.0,360,180,300,600,6000.0,Available,Airline Site,Valid,
1170,8,DEL-MAA,Akasa,AK682,2026-08-22,2026-08-21,T+1,Economy,4704.0,371,186,310,619,6190.0,Available,Airline Site,Valid,
1171,8,BOM-MAA,IndiGo,IN325,2026-08-22,2026-07-08,T+45,Economy,3944.0,311,156,260,519,5190.0,Available,Airline Site,Valid,
1172,8,BOM-MAA,IndiGo,IN726,2026-08-22,2026-07-23,T+30,Economy,5480.0,433,216,360,721,7210.0,Available,Airline Site,Valid,
1173,8,BOM-MAA,IndiGo,IN600,2026-08-22,2026-08-07,T+15,Economy,6194.0,489,244,408,815,8150.0,Available,Airline Site,Valid,
1174,8,BOM-MAA,IndiGo,IN385,2026-08-22,2026-08-15,T+7,Economy,7631.0,602,301,502,1004,10040.0,Sold Out,OTA,Flagged,Sold out at collection time
1175,8,BOM-MAA,IndiGo,IN435,2026-08-22,2026-08-21,T+1,Economy,8193.0,647,323,539,1078,10780.0,Available,Airline Site,Valid,
1176,8,BOM-MAA,Air India,AI687,2026-08-22,2026-07-08,T+45,Economy,4119.0,325,163,271,542,5420.0,Available,OTA,Valid,
1177,8,BOM-MAA,Air India,AI581,2026-08-22,2026-07-23,T+30,Economy,5852.0,462,231,385,770,7700.0,Available,Airline Site,Valid,
1178,8,BOM-MAA,Air India,AI929,2026-08-22,2026-08-07,T+15,Economy,7007.0,553,277,461,922,9220.0,Available,Airline Site,Valid,
1179,8,BOM-MAA,Air India,AI671,2026-08-22,2026-08-15,T+7,Economy,7737.0,611,305,509,1018,10180.0,Available,OTA,Valid,
1180,8,BOM-MAA,Air India,AI402,2026-08-22,2026-08-21,T+1,Economy,9250.0,730,365,608,1217,12170.0,Available,Airline Site,Valid,
1181,8,BOM-MAA,Akasa,AK570,2026-08-22,2026-07-08,T+45,Economy,3465.0,274,137,228,456,4560.0,Available,Airline Site,Valid,
1182,8,BOM-MAA,Akasa,AK241,2026-08-22,2026-07-23,T+30,Economy,5047.0,398,199,332,664,6640.0,Available,OTA,Valid,
1183,8,BOM-MAA,Akasa,AK741,2026-08-22,2026-08-07,T+15,Economy,5768.0,455,228,380,759,7590.0,Available,Airline Site,Valid,
1184,8,BOM-MAA,Akasa,AK807,2026-08-22,2026-08-15,T+7,Economy,7030.0,555,278,462,925,9250.0,Available,Airline Site,Valid,
1185,8,BOM-MAA,Akasa,AK814,2026-08-22,2026-08-21,T+1,Economy,6923.0,547,273,456,911,9110.0,Available,Airline Site,Valid,
1186,8,CCU-BLR,IndiGo,IN156,2026-08-22,2026-07-08,T+45,Economy,2302.0,182,91,152,303,3030.0,Available,OTA,Valid,
1187,8,CCU-BLR,IndiGo,IN474,2026-08-22,2026-07-23,T+30,Economy,3139.0,248,124,206,413,4130.0,Available,Airline Site,Valid,
1188,8,CCU-BLR,IndiGo,IN672,2026-08-22,2026-08-07,T+15,Economy,3686.0,291,146,242,485,4850.0,Available,Airline Site,Valid,
1189,8,CCU-BLR,IndiGo,IN652,2026-08-22,2026-08-15,T+7,Economy,3899.0,308,154,256,513,5130.0,Available,OTA,Valid,
1190,8,CCU-BLR,IndiGo,IN992,2026-08-22,2026-08-21,T+1,Economy,4940.0,390,195,325,650,6500.0,Available,Airline Site,Valid,
1191,8,CCU-BLR,Air India,AI373,2026-08-22,2026-07-08,T+45,Economy,2569.0,203,101,169,338,3380.0,Available,OTA,Valid,
1192,8,CCU-BLR,Air India,AI453,2026-08-22,2026-07-23,T+30,Economy,3322.0,262,131,218,437,4370.0,Available,Airline Site,Valid,
1193,8,CCU-BLR,Air India,AI945,2026-08-22,2026-08-07,T+15,Economy,4400.0,347,174,290,579,5790.0,Available,OTA,Valid,
1194,8,CCU-BLR,Air India,AI789,2026-08-22,2026-08-15,T+7,Economy,4811.0,380,190,316,633,6330.0,Available,Airline Site,Valid,
1195,8,CCU-BLR,Air India,AI189,2026-08-22,2026-08-21,T+1,Economy,4978.0,393,196,328,655,6550.0,Available,Airline Site,Valid,
1196,8,CCU-BLR,Akasa,AK382,2026-08-22,2026-07-08,T+45,Economy,2318.0,183,92,152,305,3050.0,Available,Airline Site,Valid,
1197,8,CCU-BLR,Akasa,AK633,2026-08-22,2026-07-23,T+30,Economy,3275.0,259,129,216,431,4310.0,Available,Airline Site,Valid,
1198,8,CCU-BLR,Akasa,AK654,2026-08-22,2026-08-07,T+15,Economy,3974.0,314,157,262,523,5230.0,Available,OTA,Valid,
1199,8,CCU-BLR,Akasa,AK760,2026-08-22,2026-08-15,T+7,Economy,4309.0,340,170,284,567,5670.0,Sold Out,Airline Site,Flagged,Sold out at collection time
1200,8,CCU-BLR,Akasa,AK337,2026-08-22,2026-08-21,T+1,Economy,4393.0,347,173,289,578,5780.0,Available,OTA,Valid,
1201,9,DEL-BOM,IndiGo,IN707,2026-08-23,2026-07-09,T+45,Economy,4112.0,325,162,270,541,5410.0,Available,OTA,Valid,
1202,9,DEL-BOM,IndiGo,IN908,2026-08-23,2026-07-24,T+30,Economy,5602.0,442,221,368,737,7370.0,Available,OTA,Valid,
1203,9,DEL-BOM,IndiGo,IN395,2026-08-23,2026-08-08,T+15,Economy,6627.0,523,262,436,872,8720.0,Available,Airline Site,Valid,
1204,9,DEL-BOM,IndiGo,IN270,2026-08-23,2026-08-16,T+7,Economy,7129.0,563,281,469,938,9380.0,Available,Airline Site,Valid,
1205,9,DEL-BOM,IndiGo,IN279,2026-08-23,2026-08-22,T+1,Economy,8733.0,689,345,574,1149,11490.0,Available,Airline Site,Valid,
1206,9,DEL-BOM,Air India,AI688,2026-08-23,2026-07-09,T+45,Economy,4119.0,325,163,271,542,5420.0,Available,OTA,Valid,
1207,9,DEL-BOM,Air India,AI824,2026-08-23,2026-07-24,T+30,Economy,5221.0,412,206,344,687,6870.0,Sold Out,OTA,Flagged,Sold out at collection time
1208,9,DEL-BOM,Air India,AI559,2026-08-23,2026-08-08,T+15,Economy,7281.0,575,287,479,958,9580.0,Available,Airline Site,Valid,
1209,9,DEL-BOM,Air India,AI125,2026-08-23,2026-08-16,T+7,Economy,7433.0,587,293,489,978,9780.0,Available,OTA,Valid,
1210,9,DEL-BOM,Air India,AI427,2026-08-23,2026-08-22,T+1,Economy,8861.0,700,350,583,1166,11660.0,Available,OTA,Valid,
1211,9,DEL-BOM,Akasa,AK872,2026-08-23,2026-07-09,T+45,Economy,4515.0,356,178,297,594,5940.0,Available,Airline Site,Valid,
1212,9,DEL-BOM,Akasa,AK552,2026-08-23,2026-07-24,T+30,Economy,6254.0,494,247,412,823,8230.0,Available,Airline Site,Valid,
1213,9,DEL-BOM,Akasa,AK242,2026-08-23,2026-08-08,T+15,Economy,8025.0,634,317,528,1056,10560.0,Available,Airline Site,Valid,
1214,9,DEL-BOM,Akasa,AK961,2026-08-23,2026-08-16,T+7,Economy,7912.0,625,312,520,1041,10410.0,Available,OTA,Valid,
1215,9,DEL-BOM,Akasa,AK756,2026-08-23,2026-08-22,T+1,Economy,7843.0,619,310,516,1032,10320.0,Available,Airline Site,Valid,
1216,9,DEL-BLR,IndiGo,IN969,2026-08-23,2026-07-09,T+45,Economy,2531.0,200,100,166,333,3330.0,Available,Airline Site,Valid,
1217,9,DEL-BLR,IndiGo,IN602,2026-08-23,2026-07-24,T+30,Economy,3693.0,292,146,243,486,4860.0,Available,Airline Site,Valid,
1218,9,DEL-BLR,IndiGo,IN251,2026-08-23,2026-08-08,T+15,Economy,4734.0,374,187,312,623,6230.0,Available,OTA,Valid,
1219,9,DEL-BLR,IndiGo,IN391,2026-08-23,2026-08-16,T+7,Economy,4727.0,373,187,311,622,6220.0,Available,OTA,Valid,
1220,9,DEL-BLR,IndiGo,IN189,2026-08-23,2026-08-22,T+1,Economy,6004.0,474,237,395,790,7900.0,Available,OTA,Valid,
1221,9,DEL-BLR,Air India,AI267,2026-08-23,2026-07-09,T+45,Economy,2576.0,203,102,170,339,3390.0,Available,OTA,Valid,
1222,9,DEL-BLR,Air India,AI955,2026-08-23,2026-07-24,T+30,Economy,3572.0,282,141,235,470,4700.0,Available,Airline Site,Valid,
1223,9,DEL-BLR,Air India,AI988,2026-08-23,2026-08-08,T+15,Economy,4043.0,319,160,266,532,5320.0,Available,OTA,Valid,
1224,9,DEL-BLR,Air India,AI874,2026-08-23,2026-08-16,T+7,Economy,4529.0,358,179,298,596,5960.0,Available,Airline Site,Valid,
1225,9,DEL-BLR,Air India,AI524,2026-08-23,2026-08-22,T+1,Economy,5259.0,415,208,346,692,6920.0,Available,OTA,Valid,
1226,9,DEL-BLR,Akasa,AK290,2026-08-23,2026-07-09,T+45,Economy,2515.0,199,99,166,331,3310.0,Available,OTA,Valid,
1227,9,DEL-BLR,Akasa,AK946,2026-08-23,2026-07-24,T+30,Economy,3397.0,268,134,224,447,4470.0,Available,OTA,Valid,
1228,9,DEL-BLR,Akasa,AK329,2026-08-23,2026-08-08,T+15,Economy,4430.0,350,175,292,583,5830.0,Sold Out,Airline Site,Flagged,Sold out at collection time
1229,9,DEL-BLR,Akasa,AK755,2026-08-23,2026-08-16,T+7,Economy,4423.0,349,175,291,582,5820.0,Available,OTA,Valid,
1230,9,DEL-BLR,Akasa,AK394,2026-08-23,2026-08-22,T+1,Economy,4788.0,378,189,315,630,6300.0,Available,OTA,Valid,
1231,9,BOM-BLR,IndiGo,IN604,2026-08-23,2026-07-09,T+45,Economy,2318.0,183,92,152,305,3050.0,Available,Airline Site,Valid,
1232,9,BOM-BLR,IndiGo,IN592,2026-08-23,2026-07-24,T+30,Economy,3085.0,244,122,203,406,4060.0,Available,OTA,Valid,
1233,9,BOM-BLR,IndiGo,IN810,2026-08-23,2026-08-08,T+15,Economy,3967.0,313,157,261,522,5220.0,Available,OTA,Valid,
1234,9,BOM-BLR,IndiGo,IN965,2026-08-23,2026-08-16,T+7,Economy,4332.0,342,171,285,570,5700.0,Available,Airline Site,Valid,
1235,9,BOM-BLR,IndiGo,IN809,2026-08-23,2026-08-22,T+1,Economy,4211.0,332,166,277,554,5540.0,Available,Airline Site,Valid,
1236,9,BOM-BLR,Air India,AI464,2026-08-23,2026-07-09,T+45,Economy,2037.0,161,80,134,268,2680.0,Sold Out,OTA,Flagged,Sold out at collection time
1237,9,BOM-BLR,Air India,AI626,2026-08-23,2026-07-24,T+30,Economy,2812.0,222,111,185,370,3700.0,Available,Airline Site,Valid,
1238,9,BOM-BLR,Air India,AI271,2026-08-23,2026-08-08,T+15,Economy,3633.0,287,143,239,478,4780.0,Available,OTA,Valid,
1239,9,BOM-BLR,Air India,AI408,2026-08-23,2026-08-16,T+7,Economy,4135.0,326,163,272,544,5440.0,Available,OTA,Valid,
1240,9,BOM-BLR,Air India,AI943,2026-08-23,2026-08-22,T+1,Economy,3717.0,293,147,244,489,4890.0,Available,Airline Site,Valid,
1241,9,BOM-BLR,Akasa,AK448,2026-08-23,2026-07-09,T+45,Economy,2219.0,175,88,146,292,2920.0,Available,Airline Site,Valid,
1242,9,BOM-BLR,Akasa,AK326,2026-08-23,2026-07-24,T+30,Economy,2797.0,221,110,184,368,3680.0,Available,Airline Site,Valid,
1243,9,BOM-BLR,Akasa,AK219,2026-08-23,2026-08-08,T+15,Economy,3808.0,301,150,250,501,5010.0,Available,Airline Site,Valid,
1244,9,BOM-BLR,Akasa,AK471,2026-08-23,2026-08-16,T+7,Economy,4126.0,326,163,272,543,5430.0,Available,OTA,Valid,
1245,9,BOM-BLR,Akasa,AK881,2026-08-23,2026-08-22,T+1,Economy,4955.0,391,196,326,652,6520.0,Available,Airline Site,Valid,
1246,9,DEL-CCU,IndiGo,IN977,2026-08-23,2026-07-09,T+45,Economy,2698.0,213,106,178,355,3550.0,Available,Airline Site,Valid,
1247,9,DEL-CCU,IndiGo,IN180,2026-08-23,2026-07-24,T+30,Economy,3557.0,281,140,234,468,4680.0,Available,Airline Site,Valid,
1248,9,DEL-CCU,IndiGo,IN875,2026-08-23,2026-08-08,T+15,Economy,4355.0,344,172,286,573,5730.0,Available,Airline Site,Valid,
1249,9,DEL-CCU,IndiGo,IN625,2026-08-23,2026-08-16,T+7,Economy,4811.0,380,190,316,633,6330.0,Available,OTA,Valid,
1250,9,DEL-CCU,IndiGo,IN167,2026-08-23,2026-08-22,T+1,Economy,4978.0,393,196,328,655,6550.0,Available,Airline Site,Valid,
1251,9,DEL-CCU,Air India,AI310,2026-08-23,2026-07-09,T+45,Economy,3253.0,257,128,214,428,4280.0,Available,Airline Site,Valid,
1252,9,DEL-CCU,Air India,AI192,2026-08-23,2026-07-24,T+30,Economy,4082.0,322,161,268,537,5370.0,Available,OTA,Valid,
1253,9,DEL-CCU,Air India,AI264,2026-08-23,2026-08-08,T+15,Economy,5821.0,460,230,383,766,7660.0,Available,Airline Site,Valid,
1254,9,DEL-CCU,Air India,AI939,2026-08-23,2026-08-16,T+7,Economy,5845.0,461,231,384,769,7690.0,Available,Airline Site,Valid,
1255,9,DEL-CCU,Air India,AI388,2026-08-23,2026-08-22,T+1,Economy,6567.0,518,259,432,864,8640.0,Available,Airline Site,Valid,
1256,9,DEL-CCU,Akasa,AK616,2026-08-23,2026-07-09,T+45,Economy,3253.0,257,128,214,428,4280.0,Available,OTA,Valid,
1257,9,DEL-CCU,Akasa,AK550,2026-08-23,2026-07-24,T+30,Economy,4416.0,349,174,290,581,5810.0,Available,Airline Site,Valid,
1258,9,DEL-CCU,Akasa,AK488,2026-08-23,2026-08-08,T+15,Economy,5221.0,412,206,344,687,6870.0,Available,Airline Site,Valid,
1259,9,DEL-CCU,Akasa,AK421,2026-08-23,2026-08-16,T+7,Economy,6201.0,490,245,408,816,8160.0,Available,Airline Site,Valid,
1260,9,DEL-CCU,Akasa,AK469,2026-08-23,2026-08-22,T+1,Economy,6733.0,532,266,443,886,8860.0,Available,Airline Site,Valid,
1261,9,DEL-HYD,IndiGo,IN853,2026-08-23,2026-07-09,T+45,Economy,2987.0,236,118,196,393,3930.0,Available,OTA,Valid,
1262,9,DEL-HYD,IndiGo,IN975,2026-08-23,2026-07-24,T+30,Economy,3883.0,307,153,256,511,5110.0,Available,Airline Site,Valid,
1263,9,DEL-HYD,IndiGo,IN795,2026-08-23,2026-08-08,T+15,Economy,5586.0,441,220,368,735,7350.0,Available,Airline Site,Valid,
1264,9,DEL-HYD,IndiGo,IN207,2026-08-23,2026-08-16,T+7,Economy,6285.0,496,248,414,827,8270.0,Available,Airline Site,Valid,
1265,9,DEL-HYD,IndiGo,IN811,2026-08-23,2026-08-22,T+1,Economy,5480.0,433,216,360,721,7210.0,Available,Airline Site,Valid,
1266,9,DEL-HYD,Air India,AI472,2026-08-23,2026-07-09,T+45,Economy,3078.0,243,122,202,405,4050.0,Available,OTA,Valid,
1267,9,DEL-HYD,Air India,AI513,2026-08-23,2026-07-24,T+30,Economy,4173.0,329,165,274,549,5490.0,Available,OTA,Valid,
1268,9,DEL-HYD,Air India,AI830,2026-08-23,2026-08-08,T+15,Economy,5503.0,434,217,362,724,7240.0,Available,OTA,Valid,
1269,9,DEL-HYD,Air India,AI509,2026-08-23,2026-08-16,T+7,Economy,6384.0,504,252,420,840,8400.0,Available,OTA,Valid,
1270,9,DEL-HYD,Air India,AI250,2026-08-23,2026-08-22,T+1,Economy,7122.0,562,281,468,937,9370.0,Available,Airline Site,Valid,
1271,9,DEL-HYD,Akasa,AK237,2026-08-23,2026-07-09,T+45,Economy,2736.0,216,108,180,360,3600.0,Sold Out,Airline Site,Flagged,Sold out at collection time
1272,9,DEL-HYD,Akasa,AK127,2026-08-23,2026-07-24,T+30,Economy,3907.0,308,154,257,514,5140.0,Available,OTA,Valid,
1273,9,DEL-HYD,Akasa,AK410,2026-08-23,2026-08-08,T+15,Economy,4773.0,377,188,314,628,6280.0,Available,Airline Site,Valid,
1274,9,DEL-HYD,Akasa,AK632,2026-08-23,2026-08-16,T+7,Economy,5602.0,442,221,368,737,7370.0,Available,OTA,Valid,
1275,9,DEL-HYD,Akasa,AK602,2026-08-23,2026-08-22,T+1,Economy,5275.0,416,208,347,694,6940.0,Available,OTA,Valid,
1276,9,BOM-HYD,IndiGo,IN540,2026-08-23,2026-07-09,T+45,Economy,3009.0,238,119,198,396,3960.0,Available,Airline Site,Valid,
1277,9,BOM-HYD,IndiGo,IN485,2026-08-23,2026-07-24,T+30,Economy,3899.0,308,154,256,513,5130.0,Available,Airline Site,Valid,
1278,9,BOM-HYD,IndiGo,IN981,2026-08-23,2026-08-08,T+15,Economy,4598.0,363,182,302,605,6050.0,Available,Airline Site,Valid,
1279,9,BOM-HYD,IndiGo,IN832,2026-08-23,2026-08-16,T+7,Economy,5464.0,431,216,360,719,7190.0,Available,Airline Site,Valid,
1280,9,BOM-HYD,IndiGo,IN667,2026-08-23,2026-08-22,T+1,Economy,6102.0,482,241,402,803,8030.0,Available,OTA,Valid,
1281,9,BOM-HYD,Air India,AI500,2026-08-23,2026-07-09,T+45,Economy,2926.0,231,116,192,385,3850.0,Available,OTA,Valid,
1282,9,BOM-HYD,Air India,AI391,2026-08-23,2026-07-24,T+30,Economy,3974.0,314,157,262,523,5230.0,Available,Airline Site,Valid,
1283,9,BOM-HYD,Air India,AI475,2026-08-23,2026-08-08,T+15,Economy,4955.0,391,196,326,652,6520.0,Available,Airline Site,Valid,
1284,9,BOM-HYD,Air India,AI489,2026-08-23,2026-08-16,T+7,Economy,5897.0,466,233,388,776,7760.0,Available,OTA,Valid,
1285,9,BOM-HYD,Air India,AI157,2026-08-23,2026-08-22,T+1,Economy,6605.0,521,261,434,869,8690.0,Available,Airline Site,Valid,
1286,9,BOM-HYD,Akasa,AK804,2026-08-23,2026-07-09,T+45,Economy,2721.0,215,107,179,358,3580.0,Available,OTA,Valid,
1287,9,BOM-HYD,Akasa,AK651,2026-08-23,2026-07-24,T+30,Economy,3511.0,277,139,231,462,4620.0,Available,OTA,Valid,
1288,9,BOM-HYD,Akasa,AK627,2026-08-23,2026-08-08,T+15,Economy,4864.0,384,192,320,640,6400.0,Available,OTA,Valid,
1289,9,BOM-HYD,Akasa,AK122,2026-08-23,2026-08-16,T+7,Economy,4690.0,370,185,308,617,6170.0,Available,OTA,Valid,
1290,9,BOM-HYD,Akasa,AK200,2026-08-23,2026-08-22,T+1,Economy,5685.0,449,224,374,748,7480.0,Available,Airline Site,Valid,
1291,9,BLR-HYD,IndiGo,IN783,2026-08-23,2026-07-09,T+45,Economy,2592.0,205,102,170,341,3410.0,Available,OTA,Valid,
1292,9,BLR-HYD,IndiGo,IN608,2026-08-23,2026-07-24,T+30,Economy,3366.0,266,133,222,443,4430.0,Available,Airline Site,Valid,
1293,9,BLR-HYD,IndiGo,IN394,2026-08-23,2026-08-08,T+15,Economy,4629.0,365,183,304,609,6090.0,Available,OTA,Valid,
1294,9,BLR-HYD,IndiGo,IN331,2026-08-23,2026-08-16,T+7,Economy,5305.0,419,209,349,698,6980.0,Available,Airline Site,Valid,
1295,9,BLR-HYD,IndiGo,IN706,2026-08-23,2026-08-22,T+1,Economy,5457.0,431,215,359,718,7180.0,Available,Airline Site,Valid,
1296,9,BLR-HYD,Air India,AI455,2026-08-23,2026-07-09,T+45,Economy,2721.0,215,107,179,358,3580.0,Available,OTA,Valid,
1297,9,BLR-HYD,Air India,AI779,2026-08-23,2026-07-24,T+30,Economy,3648.0,288,144,240,480,4800.0,Available,Airline Site,Valid,
1298,9,BLR-HYD,Air India,AI627,2026-08-23,2026-08-08,T+15,Economy,4507.0,356,178,296,593,5930.0,Available,Airline Site,Valid,
1299,9,BLR-HYD,Air India,AI628,2026-08-23,2026-08-16,T+7,Economy,5646.0,446,223,372,743,7430.0,Available,OTA,Valid,
1300,9,BLR-HYD,Air India,AI860,2026-08-23,2026-08-22,T+1,Economy,5305.0,419,209,349,698,6980.0,Available,OTA,Valid,
1301,9,BLR-HYD,Akasa,AK887,2026-08-23,2026-07-09,T+45,Economy,2949.0,233,116,194,388,3880.0,Available,Airline Site,Valid,
1302,9,BLR-HYD,Akasa,AK251,2026-08-23,2026-07-24,T+30,Economy,3937.0,311,155,259,518,5180.0,Available,OTA,Valid,
1303,9,BLR-HYD,Akasa,AK980,2026-08-23,2026-08-08,T+15,Economy,5289.0,418,209,348,696,6960.0,Available,Airline Site,Valid,
1304,9,BLR-HYD,Akasa,AK373,2026-08-23,2026-08-16,T+7,Economy,5814.0,459,230,382,765,7650.0,Available,Airline Site,Valid,
1305,9,BLR-HYD,Akasa,AK515,2026-08-23,2026-08-22,T+1,Economy,5624.0,444,222,370,740,7400.0,Available,Airline Site,Valid,
1306,9,DEL-MAA,IndiGo,IN673,2026-08-23,2026-07-09,T+45,Economy,2432.0,192,96,160,320,3200.0,Available,OTA,Valid,
1307,9,DEL-MAA,IndiGo,IN263,2026-08-23,2026-07-24,T+30,Economy,3253.0,257,128,214,428,4280.0,Available,Airline Site,Valid,
1308,9,DEL-MAA,IndiGo,IN774,2026-08-23,2026-08-08,T+15,Economy,4013.0,317,158,264,528,5280.0,Available,Airline Site,Valid,
1309,9,DEL-MAA,IndiGo,IN120,2026-08-23,2026-08-16,T+7,Economy,5069.0,400,200,334,667,6670.0,Available,Airline Site,Valid,
1310,9,DEL-MAA,IndiGo,IN165,2026-08-23,2026-08-22,T+1,Economy,4659.0,368,184,306,613,6130.0,Available,OTA,Valid,
1311,9,DEL-MAA,Air India,AI506,2026-08-23,2026-07-09,T+45,Economy,2827.0,223,112,186,372,3720.0,Available,Airline Site,Valid,
1312,9,DEL-MAA,Air India,AI612,2026-08-23,2026-07-24,T+30,Economy,3626.0,286,143,238,477,4770.0,Available,OTA,Valid,
1313,9,DEL-MAA,Air India,AI714,2026-08-23,2026-08-08,T+15,Economy,4575.0,361,181,301,602,6020.0,Available,OTA,Valid,
1314,9,DEL-MAA,Air India,AI499,2026-08-23,2026-08-16,T+7,Economy,5038.0,398,199,332,663,6630.0,Available,Airline Site,Valid,
1315,9,DEL-MAA,Air India,AI209,2026-08-23,2026-08-22,T+1,Economy,6080.0,480,240,400,800,8000.0,Available,OTA,Valid,
1316,9,DEL-MAA,Akasa,AK602,2026-08-23,2026-07-09,T+45,Economy,2546.0,201,100,168,335,3350.0,Available,Airline Site,Valid,
1317,9,DEL-MAA,Akasa,AK799,2026-08-23,2026-07-24,T+30,Economy,3329.0,263,131,219,438,4380.0,Available,OTA,Valid,
1318,9,DEL-MAA,Akasa,AK471,2026-08-23,2026-08-08,T+15,Economy,4750.0,375,188,312,625,6250.0,Available,OTA,Valid,
1319,9,DEL-MAA,Akasa,AK720,2026-08-23,2026-08-16,T+7,Economy,4978.0,393,196,328,655,6550.0,Sold Out,Airline Site,Flagged,Sold out at collection time
1320,9,DEL-MAA,Akasa,AK345,2026-08-23,2026-08-22,T+1,Economy,5464.0,431,216,360,719,7190.0,Available,OTA,Valid,
1321,9,BOM-MAA,IndiGo,IN224,2026-08-23,2026-07-09,T+45,Economy,4355.0,344,172,286,573,5730.0,Available,Airline Site,Valid,
1322,9,BOM-MAA,IndiGo,IN502,2026-08-23,2026-07-24,T+30,Economy,5981.0,472,236,394,787,7870.0,Available,OTA,Valid,
1323,9,BOM-MAA,IndiGo,IN874,2026-08-23,2026-08-08,T+15,Economy,7166.0,566,283,472,943,9430.0,Available,Airline Site,Valid,
1324,9,BOM-MAA,IndiGo,IN549,2026-08-23,2026-08-16,T+7,Economy,8534.0,674,337,562,1123,11230.0,Available,OTA,Valid,
1325,9,BOM-MAA,IndiGo,IN182,2026-08-23,2026-08-22,T+1,Economy,9142.0,722,361,602,1203,12030.0,Available,OTA,Valid,
1326,9,BOM-MAA,Air India,AI834,2026-08-23,2026-07-09,T+45,Economy,3983.0,314,157,262,524,5240.0,Available,Airline Site,Valid,
1327,9,BOM-MAA,Air India,AI618,2026-08-23,2026-07-24,T+30,Economy,5541.0,437,219,364,729,7290.0,Available,OTA,Valid,
1328,9,BOM-MAA,Air India,AI855,2026-08-23,2026-08-08,T+15,Economy,6885.0,544,272,453,906,9060.0,Available,Airline Site,Valid,
1329,9,BOM-MAA,Air India,AI288,2026-08-23,2026-08-16,T+7,Economy,7851.0,620,310,516,1033,10330.0,Available,Airline Site,Valid,
1330,9,BOM-MAA,Air India,AI412,2026-08-23,2026-08-22,T+1,Economy,6832.0,539,270,450,899,8990.0,Available,Airline Site,Valid,
1331,9,BOM-MAA,Akasa,AK886,2026-08-23,2026-07-09,T+45,Economy,3670.0,290,145,242,483,4830.0,Available,Airline Site,Valid,
1332,9,BOM-MAA,Akasa,AK911,2026-08-23,2026-07-24,T+30,Economy,5153.0,407,203,339,678,6780.0,Available,OTA,Valid,
1333,9,BOM-MAA,Akasa,AK366,2026-08-23,2026-08-08,T+15,Economy,6217.0,491,245,409,818,8180.0,Available,OTA,Valid,
1334,9,BOM-MAA,Akasa,AK524,2026-08-23,2026-08-16,T+7,Economy,7159.0,565,283,471,942,9420.0,Available,OTA,Valid,
1335,9,BOM-MAA,Akasa,AK684,2026-08-23,2026-08-22,T+1,Economy,8223.0,649,325,541,1082,10820.0,Available,Airline Site,Valid,
1336,9,CCU-BLR,IndiGo,IN573,2026-08-23,2026-07-09,T+45,Economy,2615.0,206,103,172,344,3440.0,Available,Airline Site,Valid,
1337,9,CCU-BLR,IndiGo,IN714,2026-08-23,2026-07-24,T+30,Economy,3275.0,259,129,216,431,4310.0,Available,Airline Site,Valid,
1338,9,CCU-BLR,IndiGo,IN680,2026-08-23,2026-08-08,T+15,Economy,4636.0,366,183,305,610,6100.0,Available,OTA,Valid,
1339,9,CCU-BLR,IndiGo,IN947,2026-08-23,2026-08-16,T+7,Economy,5237.0,413,207,344,689,6890.0,Available,Airline Site,Valid,
1340,9,CCU-BLR,IndiGo,IN982,2026-08-23,2026-08-22,T+1,Economy,4743.0,374,187,312,624,6240.0,Available,OTA,Valid,
1341,9,CCU-BLR,Air India,AI976,2026-08-23,2026-07-09,T+45,Economy,2325.0,184,92,153,306,3060.0,Available,Airline Site,Valid,
1342,9,CCU-BLR,Air India,AI793,2026-08-23,2026-07-24,T+30,Economy,3359.0,265,133,221,442,4420.0,Available,Airline Site,Valid,
1343,9,CCU-BLR,Air India,AI397,2026-08-23,2026-08-08,T+15,Economy,3883.0,307,153,256,511,5110.0,Available,Airline Site,Valid,
1344,9,CCU-BLR,Air India,AI478,2026-08-23,2026-08-16,T+7,Economy,4712.0,372,186,310,620,6200.0,Available,OTA,Valid,
1345,9,CCU-BLR,Air India,AI992,2026-08-23,2026-08-22,T+1,Economy,4325.0,341,171,284,569,5690.0,Available,OTA,Valid,
1346,9,CCU-BLR,Akasa,AK853,2026-08-23,2026-07-09,T+45,Economy,2606.0,206,103,172,343,3430.0,Available,Airline Site,Valid,
1347,9,CCU-BLR,Akasa,AK440,2026-08-23,2026-07-24,T+30,Economy,3207.0,253,127,211,422,4220.0,Available,OTA,Valid,
1348,9,CCU-BLR,Akasa,AK786,2026-08-23,2026-08-08,T+15,Economy,4864.0,384,192,320,640,6400.0,Available,Airline Site,Valid,
1349,9,CCU-BLR,Akasa,AK490,2026-08-23,2026-08-16,T+7,Economy,4317.0,341,170,284,568,5680.0,Available,OTA,Valid,
1350,9,CCU-BLR,Akasa,AK672,2026-08-23,2026-08-22,T+1,Economy,5305.0,419,209,349,698,6980.0,Sold Out,Airline Site,Flagged,Sold out at collection time
1351,10,DEL-BOM,IndiGo,IN235,2026-08-24,2026-07-10,T+45,Economy,4393.0,347,173,289,578,5780.0,Available,OTA,Valid,
1352,10,DEL-BOM,IndiGo,IN145,2026-08-24,2026-07-25,T+30,Economy,5411.0,427,214,356,712,7120.0,Available,OTA,Valid,
1353,10,DEL-BOM,IndiGo,IN865,2026-08-24,2026-08-09,T+15,Economy,7987.0,631,315,526,1051,10510.0,Available,OTA,Valid,
1354,10,DEL-BOM,IndiGo,IN727,2026-08-24,2026-08-17,T+7,Economy,7882.0,622,311,518,1037,10370.0,Available,OTA,Valid,
1355,10,DEL-BOM,IndiGo,IN268,2026-08-24,2026-08-23,T+1,Economy,8702.0,687,344,572,1145,11450.0,Available,OTA,Valid,
1356,10,DEL-BOM,Air India,AI773,2026-08-24,2026-07-10,T+45,Economy,4605.0,364,182,303,606,6060.0,Available,OTA,Valid,
1357,10,DEL-BOM,Air India,AI335,2026-08-24,2026-07-25,T+30,Economy,5632.0,445,222,370,741,7410.0,Available,OTA,Valid,
1358,10,DEL-BOM,Air India,AI546,2026-08-24,2026-08-09,T+15,Economy,7395.0,584,292,486,973,9730.0,Available,OTA,Valid,
1359,10,DEL-BOM,Air India,AI826,2026-08-24,2026-08-17,T+7,Economy,7569.0,598,299,498,996,9960.0,Available,OTA,Valid,
1360,10,DEL-BOM,Air India,AI987,2026-08-24,2026-08-23,T+1,Economy,9317.0,736,368,613,1226,12260.0,Available,OTA,Valid,
1361,10,DEL-BOM,Akasa,AK272,2026-08-24,2026-07-10,T+45,Economy,3869.0,305,153,254,509,5090.0,Available,OTA,Valid,
1362,10,DEL-BOM,Akasa,AK317,2026-08-24,2026-07-25,T+30,Economy,5419.0,428,214,356,713,7130.0,Available,Airline Site,Valid,
1363,10,DEL-BOM,Akasa,AK526,2026-08-24,2026-08-09,T+15,Economy,6771.0,535,267,446,891,8910.0,Available,Airline Site,Valid,
1364,10,DEL-BOM,Akasa,AK436,2026-08-24,2026-08-17,T+7,Economy,7980.0,630,315,525,1050,10500.0,Sold Out,Airline Site,Flagged,Sold out at collection time
1365,10,DEL-BOM,Akasa,AK208,2026-08-24,2026-08-23,T+1,Economy,7835.0,619,309,516,1031,10310.0,Available,Airline Site,Valid,
1366,10,DEL-BLR,IndiGo,IN743,2026-08-24,2026-07-10,T+45,Economy,2424.0,191,96,160,319,3190.0,Available,Airline Site,Valid,
1367,10,DEL-BLR,IndiGo,IN737,2026-08-24,2026-07-25,T+30,Economy,3116.0,246,123,205,410,4100.0,Available,OTA,Valid,
1368,10,DEL-BLR,IndiGo,IN916,2026-08-24,2026-08-09,T+15,Economy,4621.0,365,182,304,608,6080.0,Available,Airline Site,Valid,
1369,10,DEL-BLR,IndiGo,IN389,2026-08-24,2026-08-17,T+7,Economy,5038.0,398,199,332,663,6630.0,Available,Airline Site,Valid,
1370,10,DEL-BLR,IndiGo,IN716,2026-08-24,2026-08-23,T+1,Economy,5221.0,412,206,344,687,6870.0,Available,OTA,Valid,
1371,10,DEL-BLR,Air India,AI508,2026-08-24,2026-07-10,T+45,Economy,2363.0,187,93,156,311,3110.0,Available,Airline Site,Valid,
1372,10,DEL-BLR,Air India,AI391,2026-08-24,2026-07-25,T+30,Economy,3062.0,242,121,202,403,4030.0,Available,Airline Site,Valid,
1373,10,DEL-BLR,Air India,AI542,2026-08-24,2026-08-09,T+15,Economy,3663.0,289,145,241,482,4820.0,Available,OTA,Valid,
1374,10,DEL-BLR,Air India,AI467,2026-08-24,2026-08-17,T+7,Economy,4819.0,380,190,317,634,6340.0,Available,OTA,Valid,
1375,10,DEL-BLR,Air India,AI497,2026-08-24,2026-08-23,T+1,Economy,4727.0,373,187,311,622,6220.0,Available,OTA,Valid,
1376,10,DEL-BLR,Akasa,AK290,2026-08-24,2026-07-10,T+45,Economy,2227.0,176,88,146,293,2930.0,Available,OTA,Valid,
1377,10,DEL-BLR,Akasa,AK574,2026-08-24,2026-07-25,T+30,Economy,2888.0,228,114,190,380,3800.0,Available,Airline Site,Valid,
1378,10,DEL-BLR,Akasa,AK762,2026-08-24,2026-08-09,T+15,Economy,4149.0,328,164,273,546,5460.0,Available,OTA,Valid,
1379,10,DEL-BLR,Akasa,AK920,2026-08-24,2026-08-17,T+7,Economy,4104.0,324,162,270,540,5400.0,Available,Airline Site,Valid,
1380,10,DEL-BLR,Akasa,AK407,2026-08-24,2026-08-23,T+1,Economy,5146.0,406,203,338,677,6770.0,Available,OTA,Valid,
1381,10,BOM-BLR,IndiGo,IN210,2026-08-24,2026-07-10,T+45,Economy,1945.0,154,77,128,256,2560.0,Available,OTA,Valid,
1382,10,BOM-BLR,IndiGo,IN682,2026-08-24,2026-07-25,T+30,Economy,2592.0,205,102,170,341,3410.0,Available,OTA,Valid,
1383,10,BOM-BLR,IndiGo,IN615,2026-08-24,2026-08-09,T+15,Economy,3161.0,250,125,208,416,4160.0,Sold Out,OTA,Flagged,Sold out at collection time
1384,10,BOM-BLR,IndiGo,IN502,2026-08-24,2026-08-17,T+7,Economy,3443.0,272,136,226,453,4530.0,Sold Out,OTA,Flagged,Sold out at collection time
1385,10,BOM-BLR,IndiGo,IN701,2026-08-24,2026-08-23,T+1,Economy,4370.0,345,172,288,575,5750.0,Available,OTA,Valid,
1386,10,BOM-BLR,Air India,AI992,2026-08-24,2026-07-10,T+45,Economy,2311.0,182,91,152,304,3040.0,Available,Airline Site,Valid,
1387,10,BOM-BLR,Air India,AI718,2026-08-24,2026-07-25,T+30,Economy,2964.0,234,117,195,390,3900.0,Available,Airline Site,Valid,
1388,10,BOM-BLR,Air India,AI504,2026-08-24,2026-08-09,T+15,Economy,3663.0,289,145,241,482,4820.0,Available,Airline Site,Valid,
1389,10,BOM-BLR,Air India,AI514,2026-08-24,2026-08-17,T+7,Economy,4386.0,346,173,288,577,5770.0,Available,OTA,Valid,
1390,10,BOM-BLR,Air India,AI731,2026-08-24,2026-08-23,T+1,Economy,4423.0,349,175,291,582,5820.0,Available,OTA,Valid,
1391,10,BOM-BLR,Akasa,AK295,2026-08-24,2026-07-10,T+45,Economy,2280.0,180,90,150,300,3000.0,Available,Airline Site,Valid,
1392,10,BOM-BLR,Akasa,AK127,2026-08-24,2026-07-25,T+30,Economy,3161.0,250,125,208,416,4160.0,Available,Airline Site,Valid,
1393,10,BOM-BLR,Akasa,AK741,2026-08-24,2026-08-09,T+15,Economy,4059.0,320,160,267,534,5340.0,Available,Airline Site,Valid,
1394,10,BOM-BLR,Akasa,AK251,2026-08-24,2026-08-17,T+7,Economy,4051.0,320,160,266,533,5330.0,Available,Airline Site,Valid,
1395,10,BOM-BLR,Akasa,AK856,2026-08-24,2026-08-23,T+1,Economy,4386.0,346,173,288,577,5770.0,Available,OTA,Valid,
1396,10,DEL-CCU,IndiGo,IN683,2026-08-24,2026-07-10,T+45,Economy,3170.0,250,125,208,417,4170.0,Available,OTA,Valid,
1397,10,DEL-CCU,IndiGo,IN745,2026-08-24,2026-07-25,T+30,Economy,3997.0,316,158,263,526,5260.0,Available,OTA,Valid,
1398,10,DEL-CCU,IndiGo,IN854,2026-08-24,2026-08-09,T+15,Economy,6125.0,484,242,403,806,8060.0,Available,OTA,Valid,
1399,10,DEL-CCU,IndiGo,IN625,2026-08-24,2026-08-17,T+7,Economy,5427.0,428,214,357,714,7140.0,Available,OTA,Valid,
1400,10,DEL-CCU,IndiGo,IN119,2026-08-24,2026-08-23,T+1,Economy,5959.0,470,235,392,784,7840.0,Available,OTA,Valid,
1401,10,DEL-CCU,Air India,AI584,2026-08-24,2026-07-10,T+45,Economy,3071.0,242,121,202,404,4040.0,Available,OTA,Valid,
1402,10,DEL-CCU,Air India,AI265,2026-08-24,2026-07-25,T+30,Economy,4073.0,322,161,268,536,5360.0,Available,Airline Site,Valid,
1403,10,DEL-CCU,Air India,AI619,2026-08-24,2026-08-09,T+15,Economy,5130.0,405,202,338,675,6750.0,Available,OTA,Valid,
1404,10,DEL-CCU,Air India,AI832,2026-08-24,2026-08-17,T+7,Economy,6422.0,507,254,422,845,8450.0,Available,Airline Site,Valid,
1405,10,DEL-CCU,Air India,AI499,2026-08-24,2026-08-23,T+1,Economy,6832.0,539,270,450,899,8990.0,Available,OTA,Valid,
1406,10,DEL-CCU,Akasa,AK736,2026-08-24,2026-07-10,T+45,Economy,3253.0,257,128,214,428,4280.0,Available,Airline Site,Valid,
1407,10,DEL-CCU,Akasa,AK304,2026-08-24,2026-07-25,T+30,Economy,4294.0,339,170,282,565,5650.0,Available,OTA,Valid,
1408,10,DEL-CCU,Akasa,AK605,2026-08-24,2026-08-09,T+15,Economy,4971.0,392,196,327,654,6540.0,Available,Airline Site,Valid,
1409,10,DEL-CCU,Akasa,AK467,2026-08-24,2026-08-17,T+7,Economy,6277.0,496,248,413,826,8260.0,Available,OTA,Valid,
1410,10,DEL-CCU,Akasa,AK980,2026-08-24,2026-08-23,T+1,Economy,6612.0,522,261,435,870,8700.0,Available,Airline Site,Valid,
1411,10,DEL-HYD,IndiGo,IN675,2026-08-24,2026-07-10,T+45,Economy,2888.0,228,114,190,380,3800.0,Available,OTA,Valid,
1412,10,DEL-HYD,IndiGo,IN887,2026-08-24,2026-07-25,T+30,Economy,4271.0,337,169,281,562,5620.0,Sold Out,OTA,Flagged,Sold out at collection time
1413,10,DEL-HYD,IndiGo,IN994,2026-08-24,2026-08-09,T+15,Economy,5487.0,433,217,361,722,7220.0,Available,Airline Site,Valid,
1414,10,DEL-HYD,IndiGo,IN548,2026-08-24,2026-08-17,T+7,Economy,5936.0,469,234,390,781,7810.0,Available,Airline Site,Valid,
1415,10,DEL-HYD,IndiGo,IN724,2026-08-24,2026-08-23,T+1,Economy,6733.0,532,266,443,886,8860.0,Available,Airline Site,Valid,
1416,10,DEL-HYD,Air India,AI745,2026-08-24,2026-07-10,T+45,Economy,3147.0,248,124,207,414,4140.0,Available,Airline Site,Valid,
1417,10,DEL-HYD,Air India,AI399,2026-08-24,2026-07-25,T+30,Economy,4477.0,353,177,294,589,5890.0,Available,OTA,Valid,
1418,10,DEL-HYD,Air India,AI762,2026-08-24,2026-08-09,T+15,Economy,5586.0,441,220,368,735,7350.0,Available,Airline Site,Valid,
1419,10,DEL-HYD,Air India,AI525,2026-08-24,2026-08-17,T+7,Economy,5464.0,431,216,360,719,7190.0,Available,Airline Site,Valid,
1420,10,DEL-HYD,Air India,AI449,2026-08-24,2026-08-23,T+1,Economy,6240.0,493,246,410,821,8210.0,Available,Airline Site,Valid,
1421,10,DEL-HYD,Akasa,AK469,2026-08-24,2026-07-10,T+45,Economy,2827.0,223,112,186,372,3720.0,Available,Airline Site,Valid,
1422,10,DEL-HYD,Akasa,AK531,2026-08-24,2026-07-25,T+30,Economy,3648.0,288,144,240,480,4800.0,Available,Airline Site,Valid,
1423,10,DEL-HYD,Akasa,AK519,2026-08-24,2026-08-09,T+15,Economy,4985.0,394,197,328,656,6560.0,Available,OTA,Valid,
1424,10,DEL-HYD,Akasa,AK888,2026-08-24,2026-08-17,T+7,Economy,5754.0,454,227,378,757,7570.0,Sold Out,Airline Site,Flagged,Sold out at collection time
1425,10,DEL-HYD,Akasa,AK890,2026-08-24,2026-08-23,T+1,Economy,5016.0,396,198,330,660,6600.0,Available,Airline Site,Valid,
1426,10,BOM-HYD,IndiGo,IN688,2026-08-24,2026-07-10,T+45,Economy,2615.0,206,103,172,344,3440.0,Available,OTA,Valid,
1427,10,BOM-HYD,IndiGo,IN817,2026-08-24,2026-07-25,T+30,Economy,3648.0,288,144,240,480,4800.0,Available,OTA,Valid,
1428,10,BOM-HYD,IndiGo,IN452,2026-08-24,2026-08-09,T+15,Economy,4681.0,370,185,308,616,6160.0,Sold Out,OTA,Flagged,Sold out at collection time
1429,10,BOM-HYD,IndiGo,IN250,2026-08-24,2026-08-17,T+7,Economy,5525.0,436,218,364,727,7270.0,Available,OTA,Valid,
1430,10,BOM-HYD,IndiGo,IN739,2026-08-24,2026-08-23,T+1,Economy,5731.0,452,226,377,754,7540.0,Available,OTA,Valid,
1431,10,BOM-HYD,Air India,AI514,2026-08-24,2026-07-10,T+45,Economy,3101.0,245,122,204,408,4080.0,Available,OTA,Valid,
1432,10,BOM-HYD,Air India,AI499,2026-08-24,2026-07-25,T+30,Economy,3914.0,309,154,258,515,5150.0,Available,Airline Site,Valid,
1433,10,BOM-HYD,Air India,AI318,2026-08-24,2026-08-09,T+15,Economy,5213.0,412,206,343,686,6860.0,Available,OTA,Valid,
1434,10,BOM-HYD,Air India,AI263,2026-08-24,2026-08-17,T+7,Economy,5867.0,463,232,386,772,7720.0,Sold Out,OTA,Flagged,Sold out at collection time
1435,10,BOM-HYD,Air India,AI843,2026-08-24,2026-08-23,T+1,Economy,5890.0,465,232,388,775,7750.0,Available,Airline Site,Valid,
1436,10,BOM-HYD,Akasa,AK619,2026-08-24,2026-07-10,T+45,Economy,3025.0,239,119,199,398,3980.0,Available,Airline Site,Valid,
1437,10,BOM-HYD,Akasa,AK559,2026-08-24,2026-07-25,T+30,Economy,4386.0,346,173,288,577,5770.0,Available,Airline Site,Valid,
1438,10,BOM-HYD,Akasa,AK924,2026-08-24,2026-08-09,T+15,Economy,5320.0,420,210,350,700,7000.0,Available,Airline Site,Valid,
1439,10,BOM-HYD,Akasa,AK903,2026-08-24,2026-08-17,T+7,Economy,5525.0,436,218,364,727,7270.0,Available,Airline Site,Valid,
1440,10,BOM-HYD,Akasa,AK353,2026-08-24,2026-08-23,T+1,Economy,6551.0,517,259,431,862,8620.0,Available,Airline Site,Valid,
1441,10,BLR-HYD,IndiGo,IN948,2026-08-24,2026-07-10,T+45,Economy,2675.0,211,106,176,352,3520.0,Available,Airline Site,Valid,
1442,10,BLR-HYD,IndiGo,IN587,2026-08-24,2026-07-25,T+30,Economy,3451.0,272,136,227,454,4540.0,Available,Airline Site,Valid,
1443,10,BLR-HYD,IndiGo,IN702,2026-08-24,2026-08-09,T+15,Economy,4377.0,346,173,288,576,5760.0,Available,OTA,Valid,
1444,10,BLR-HYD,IndiGo,IN751,2026-08-24,2026-08-17,T+7,Economy,5419.0,428,214,356,713,7130.0,Available,OTA,Valid,
1445,10,BLR-HYD,IndiGo,IN849,2026-08-24,2026-08-23,T+1,Economy,5745.0,454,227,378,756,7560.0,Available,Airline Site,Valid,
1446,10,BLR-HYD,Air India,AI232,2026-08-24,2026-07-10,T+45,Economy,2553.0,202,101,168,336,3360.0,Available,Airline Site,Valid,
1447,10,BLR-HYD,Air India,AI133,2026-08-24,2026-07-25,T+30,Economy,3481.0,275,137,229,458,4580.0,Available,OTA,Valid,
1448,10,BLR-HYD,Air India,AI972,2026-08-24,2026-08-09,T+15,Economy,4538.0,358,179,298,597,5970.0,Available,Airline Site,Valid,
1449,10,BLR-HYD,Air India,AI635,2026-08-24,2026-08-17,T+7,Economy,4568.0,361,180,300,601,6010.0,Available,OTA,Valid,
1450,10,BLR-HYD,Air India,AI401,2026-08-24,2026-08-23,T+1,Economy,4842.0,382,191,318,637,6370.0,Available,Airline Site,Valid,
1451,10,BLR-HYD,Akasa,AK412,2026-08-24,2026-07-10,T+45,Economy,2454.0,194,97,162,323,3230.0,Available,Airline Site,Valid,
1452,10,BLR-HYD,Akasa,AK102,2026-08-24,2026-07-25,T+30,Economy,3322.0,262,131,218,437,4370.0,Available,OTA,Valid,
1453,10,BLR-HYD,Akasa,AK592,2026-08-24,2026-08-09,T+15,Economy,3815.0,301,151,251,502,5020.0,Available,OTA,Valid,
1454,10,BLR-HYD,Akasa,AK586,2026-08-24,2026-08-17,T+7,Economy,5275.0,416,208,347,694,6940.0,Available,Airline Site,Valid,
1455,10,BLR-HYD,Akasa,AK571,2026-08-24,2026-08-23,T+1,Economy,5441.0,430,215,358,716,7160.0,Available,OTA,Valid,
1456,10,DEL-MAA,IndiGo,IN738,2026-08-24,2026-07-10,T+45,Economy,2705.0,214,107,178,356,3560.0,Available,Airline Site,Valid,
1457,10,DEL-MAA,IndiGo,IN146,2026-08-24,2026-07-25,T+30,Economy,3769.0,298,149,248,496,4960.0,Available,OTA,Valid,
1458,10,DEL-MAA,IndiGo,IN986,2026-08-24,2026-08-09,T+15,Economy,4819.0,380,190,317,634,6340.0,Available,Airline Site,Valid,
1459,10,DEL-MAA,IndiGo,IN824,2026-08-24,2026-08-17,T+7,Economy,5237.0,413,207,344,689,6890.0,Available,Airline Site,Valid,
1460,10,DEL-MAA,IndiGo,IN733,2026-08-24,2026-08-23,T+1,Economy,5487.0,433,217,361,722,7220.0,Available,Airline Site,Valid,
1461,10,DEL-MAA,Air India,AI614,2026-08-24,2026-07-10,T+45,Economy,2843.0,224,112,187,374,3740.0,Available,Airline Site,Valid,
1462,10,DEL-MAA,Air India,AI119,2026-08-24,2026-07-25,T+30,Economy,3861.0,305,152,254,508,5080.0,Available,Airline Site,Valid,
1463,10,DEL-MAA,Air India,AI693,2026-08-24,2026-08-09,T+15,Economy,4582.0,362,181,302,603,6030.0,Available,OTA,Valid,
1464,10,DEL-MAA,Air India,AI982,2026-08-24,2026-08-17,T+7,Economy,5024.0,397,198,330,661,6610.0,Available,OTA,Valid,
1465,10,DEL-MAA,Air India,AI980,2026-08-24,2026-08-23,T+1,Economy,5563.0,439,220,366,732,7320.0,Available,OTA,Valid,
1466,10,DEL-MAA,Akasa,AK272,2026-08-24,2026-07-10,T+45,Economy,2387.0,188,94,157,314,3140.0,Available,Airline Site,Valid,
1467,10,DEL-MAA,Akasa,AK414,2026-08-24,2026-07-25,T+30,Economy,3123.0,247,123,206,411,4110.0,Available,Airline Site,Valid,
1468,10,DEL-MAA,Akasa,AK285,2026-08-24,2026-08-09,T+15,Economy,3907.0,308,154,257,514,5140.0,Sold Out,Airline Site,Flagged,Sold out at collection time
1469,10,DEL-MAA,Akasa,AK245,2026-08-24,2026-08-17,T+7,Economy,4301.0,340,170,283,566,5660.0,Available,OTA,Valid,
1470,10,DEL-MAA,Akasa,AK223,2026-08-24,2026-08-23,T+1,Economy,4795.0,379,189,316,631,6310.0,Available,Airline Site,Valid,
1471,10,BOM-MAA,IndiGo,IN494,2026-08-24,2026-07-10,T+45,Economy,4066.0,321,160,268,535,5350.0,Available,OTA,Valid,
1472,10,BOM-MAA,IndiGo,IN516,2026-08-24,2026-07-25,T+30,Economy,5107.0,403,202,336,672,6720.0,Available,Airline Site,Valid,
1473,10,BOM-MAA,IndiGo,IN119,2026-08-24,2026-08-09,T+15,Economy,6581.0,520,260,433,866,8660.0,Available,Airline Site,Valid,
1474,10,BOM-MAA,IndiGo,IN904,2026-08-24,2026-08-17,T+7,Economy,7159.0,565,283,471,942,9420.0,Available,OTA,Valid,
1475,10,BOM-MAA,IndiGo,IN612,2026-08-24,2026-08-23,T+1,Economy,8186.0,646,323,538,1077,10770.0,Available,Airline Site,Valid,
1476,10,BOM-MAA,Air India,AI650,2026-08-24,2026-07-10,T+45,Economy,3907.0,308,154,257,514,5140.0,Available,OTA,Valid,
1477,10,BOM-MAA,Air India,AI949,2026-08-24,2026-07-25,T+30,Economy,4985.0,394,197,328,656,6560.0,Available,Airline Site,Valid,
1478,10,BOM-MAA,Air India,AI593,2026-08-24,2026-08-09,T+15,Economy,6049.0,478,239,398,796,7960.0,Available,OTA,Valid,
1479,10,BOM-MAA,Air India,AI459,2026-08-24,2026-08-17,T+7,Economy,7744.0,611,306,510,1019,10190.0,Available,Airline Site,Valid,
1480,10,BOM-MAA,Air India,AI146,2026-08-24,2026-08-23,T+1,Economy,7957.0,628,314,524,1047,10470.0,Available,Airline Site,Valid,
1481,10,BOM-MAA,Akasa,AK243,2026-08-24,2026-07-10,T+45,Economy,3701.0,292,146,244,487,4870.0,Available,OTA,Valid,
1482,10,BOM-MAA,Akasa,AK616,2026-08-24,2026-07-25,T+30,Economy,5259.0,415,208,346,692,6920.0,Available,OTA,Valid,
1483,10,BOM-MAA,Akasa,AK750,2026-08-24,2026-08-09,T+15,Economy,7106.0,561,280,468,935,9350.0,Available,OTA,Valid,
1484,10,BOM-MAA,Akasa,AK429,2026-08-24,2026-08-17,T+7,Economy,6848.0,541,270,450,901,9010.0,Available,OTA,Valid,
1485,10,BOM-MAA,Akasa,AK808,2026-08-24,2026-08-23,T+1,Economy,8436.0,666,333,555,1110,11100.0,Available,Airline Site,Valid,
1486,10,CCU-BLR,IndiGo,IN669,2026-08-24,2026-07-10,T+45,Economy,2189.0,173,86,144,288,2880.0,Available,OTA,Valid,
1487,10,CCU-BLR,IndiGo,IN906,2026-08-24,2026-07-25,T+30,Economy,3123.0,247,123,206,411,4110.0,Available,Airline Site,Valid,
1488,10,CCU-BLR,IndiGo,IN935,2026-08-24,2026-08-09,T+15,Economy,3914.0,309,154,258,515,5150.0,Available,Airline Site,Valid,
1489,10,CCU-BLR,IndiGo,IN947,2026-08-24,2026-08-17,T+7,Economy,4149.0,328,164,273,546,5460.0,Available,OTA,Valid,
1490,10,CCU-BLR,IndiGo,IN813,2026-08-24,2026-08-23,T+1,Economy,4241.0,335,167,279,558,5580.0,Available,Airline Site,Valid,
1491,10,CCU-BLR,Air India,AI326,2026-08-24,2026-07-10,T+45,Economy,2447.0,193,97,161,322,3220.0,Available,OTA,Valid,
1492,10,CCU-BLR,Air India,AI296,2026-08-24,2026-07-25,T+30,Economy,3435.0,271,136,226,452,4520.0,Available,OTA,Valid,
1493,10,CCU-BLR,Air India,AI605,2026-08-24,2026-08-09,T+15,Economy,4355.0,344,172,286,573,5730.0,Available,Airline Site,Valid,
1494,10,CCU-BLR,Air India,AI823,2026-08-24,2026-08-17,T+7,Economy,4515.0,356,178,297,594,5940.0,Available,Airline Site,Valid,
1495,10,CCU-BLR,Air India,AI505,2026-08-24,2026-08-23,T+1,Economy,4704.0,371,186,310,619,6190.0,Available,OTA,Valid,
1496,10,CCU-BLR,Akasa,AK775,2026-08-24,2026-07-10,T+45,Economy,2515.0,199,99,166,331,3310.0,Available,Airline Site,Valid,
1497,10,CCU-BLR,Akasa,AK166,2026-08-24,2026-07-25,T+30,Economy,3131.0,247,124,206,412,4120.0,Available,Airline Site,Valid,
1498,10,CCU-BLR,Akasa,AK380,2026-08-24,2026-08-09,T+15,Economy,4643.0,367,183,306,611,6110.0,Available,Airline Site,Valid,
1499,10,CCU-BLR,Akasa,AK645,2026-08-24,2026-08-17,T+7,Economy,5312.0,419,210,350,699,6990.0,Available,OTA,Valid,
1500,10,CCU-BLR,Akasa,AK789,2026-08-24,2026-08-23,T+1,Economy,4453.0,352,176,293,586,5860.0,Available,Airline Site,Valid,
1501,11,DEL-BOM,IndiGo,IN224,2026-08-25,2026-07-11,T+45,Economy,4149.0,328,164,273,546,5460.0,Available,OTA,Valid,
1502,11,DEL-BOM,IndiGo,IN144,2026-08-25,2026-07-26,T+30,Economy,5639.0,445,223,371,742,7420.0,Available,Airline Site,Valid,
1503,11,DEL-BOM,IndiGo,IN645,2026-08-25,2026-08-10,T+15,Economy,6627.0,523,262,436,872,8720.0,Available,Airline Site,Valid,
1504,11,DEL-BOM,IndiGo,IN685,2026-08-25,2026-08-18,T+7,Economy,7608.0,601,300,500,1001,10010.0,Available,Airline Site,Valid,
1505,11,DEL-BOM,IndiGo,IN176,2026-08-25,2026-08-24,T+1,Economy,9393.0,742,371,618,1236,12360.0,Available,Airline Site,Valid,
1506,11,DEL-BOM,Air India,AI199,2026-08-25,2026-07-11,T+45,Economy,4073.0,322,161,268,536,5360.0,Sold Out,OTA,Flagged,Sold out at collection time
1507,11,DEL-BOM,Air India,AI741,2026-08-25,2026-07-26,T+30,Economy,5693.0,449,225,374,749,7490.0,Available,OTA,Valid,
1508,11,DEL-BOM,Air India,AI448,2026-08-25,2026-08-10,T+15,Economy,6514.0,514,257,428,857,8570.0,Available,OTA,Valid,
1509,11,DEL-BOM,Air India,AI174,2026-08-25,2026-08-18,T+7,Economy,7531.0,595,297,496,991,9910.0,Available,OTA,Valid,
1510,11,DEL-BOM,Air India,AI692,2026-08-25,2026-08-24,T+1,Economy,8778.0,693,346,578,1155,11550.0,Available,Airline Site,Valid,
1511,11,DEL-BOM,Akasa,AK810,2026-08-25,2026-07-11,T+45,Economy,4788.0,378,189,315,630,6300.0,Available,Airline Site,Valid,
1512,11,DEL-BOM,Akasa,AK156,2026-08-25,2026-07-26,T+30,Economy,6080.0,480,240,400,800,8000.0,Available,OTA,Valid,
1513,11,DEL-BOM,Akasa,AK672,2026-08-25,2026-08-10,T+15,Economy,7349.0,580,290,484,967,9670.0,Available,OTA,Valid,
1514,11,DEL-BOM,Akasa,AK520,2026-08-25,2026-08-18,T+7,Economy,8695.0,686,343,572,1144,11440.0,Available,Airline Site,Valid,
1515,11,DEL-BOM,Akasa,AK538,2026-08-25,2026-08-24,T+1,Economy,9355.0,739,369,616,1231,12310.0,Available,Airline Site,Valid,
1516,11,DEL-BLR,IndiGo,IN436,2026-08-25,2026-07-11,T+45,Economy,2645.0,209,104,174,348,3480.0,Available,Airline Site,Valid,
1517,11,DEL-BLR,IndiGo,IN169,2026-08-25,2026-07-26,T+30,Economy,3427.0,271,135,226,451,4510.0,Available,Airline Site,Valid,
1518,11,DEL-BLR,IndiGo,IN621,2026-08-25,2026-08-10,T+15,Economy,4765.0,376,188,314,627,6270.0,Available,OTA,Valid,
1519,11,DEL-BLR,IndiGo,IN290,2026-08-25,2026-08-18,T+7,Economy,5024.0,397,198,330,661,6610.0,Available,Airline Site,Valid,
1520,11,DEL-BLR,IndiGo,IN546,2026-08-25,2026-08-24,T+1,Economy,4757.0,376,188,313,626,6260.0,Available,OTA,Valid,
1521,11,DEL-BLR,Air India,AI250,2026-08-25,2026-07-11,T+45,Economy,2394.0,189,94,158,315,3150.0,Available,OTA,Valid,
1522,11,DEL-BLR,Air India,AI630,2026-08-25,2026-07-26,T+30,Economy,3184.0,251,126,210,419,4190.0,Available,Airline Site,Valid,
1523,11,DEL-BLR,Air India,AI955,2026-08-25,2026-08-10,T+15,Economy,3656.0,289,144,240,481,4810.0,Available,Airline Site,Valid,
1524,11,DEL-BLR,Air India,AI305,2026-08-25,2026-08-18,T+7,Economy,4287.0,338,169,282,564,5640.0,Available,Airline Site,Valid,
1525,11,DEL-BLR,Air India,AI783,2026-08-25,2026-08-24,T+1,Economy,5054.0,399,200,332,665,6650.0,Available,OTA,Valid,
1526,11,DEL-BLR,Akasa,AK443,2026-08-25,2026-07-11,T+45,Economy,2508.0,198,99,165,330,3300.0,Available,OTA,Valid,
1527,11,DEL-BLR,Akasa,AK997,2026-08-25,2026-07-26,T+30,Economy,3214.0,254,127,212,423,4230.0,Available,Airline Site,Valid,
1528,11,DEL-BLR,Akasa,AK754,2026-08-25,2026-08-10,T+15,Economy,4339.0,343,171,286,571,5710.0,Available,Airline Site,Valid,
1529,11,DEL-BLR,Akasa,AK592,2026-08-25,2026-08-18,T+7,Economy,4591.0,362,181,302,604,6040.0,Available,OTA,Valid,
1530,11,DEL-BLR,Akasa,AK509,2026-08-25,2026-08-24,T+1,Economy,5389.0,425,213,354,709,7090.0,Available,Airline Site,Valid,
1531,11,BOM-BLR,IndiGo,IN397,2026-08-25,2026-07-11,T+45,Economy,1961.0,155,77,129,258,2580.0,Available,OTA,Valid,
1532,11,BOM-BLR,IndiGo,IN302,2026-08-25,2026-07-26,T+30,Economy,2493.0,197,98,164,328,3280.0,Available,Airline Site,Valid,
1533,11,BOM-BLR,IndiGo,IN447,2026-08-25,2026-08-10,T+15,Economy,3724.0,294,147,245,490,4900.0,Available,Airline Site,Valid,
1534,11,BOM-BLR,IndiGo,IN963,2026-08-25,2026-08-18,T+7,Economy,3420.0,270,135,225,450,4500.0,Available,Airline Site,Valid,
1535,11,BOM-BLR,IndiGo,IN488,2026-08-25,2026-08-24,T+1,Economy,3640.0,287,144,240,479,4790.0,Available,Airline Site,Valid,
1536,11,BOM-BLR,Air India,AI478,2026-08-25,2026-07-11,T+45,Economy,2120.0,167,84,140,279,2790.0,Available,Airline Site,Valid,
1537,11,BOM-BLR,Air India,AI738,2026-08-25,2026-07-26,T+30,Economy,3109.0,245,123,204,409,4090.0,Available,Airline Site,Valid,
1538,11,BOM-BLR,Air India,AI233,2026-08-25,2026-08-10,T+15,Economy,3420.0,270,135,225,450,4500.0,Available,Airline Site,Valid,
1539,11,BOM-BLR,Air India,AI425,2026-08-25,2026-08-18,T+7,Economy,4082.0,322,161,268,537,5370.0,Available,Airline Site,Valid,
1540,11,BOM-BLR,Air India,AI701,2026-08-25,2026-08-24,T+1,Economy,4819.0,380,190,317,634,6340.0,Available,OTA,Valid,
1541,11,BOM-BLR,Akasa,AK914,2026-08-25,2026-07-11,T+45,Economy,2258.0,178,89,148,297,2970.0,Available,Airline Site,Valid,
1542,11,BOM-BLR,Akasa,AK600,2026-08-25,2026-07-26,T+30,Economy,3359.0,265,133,221,442,4420.0,Available,Airline Site,Valid,
1543,11,BOM-BLR,Akasa,AK729,2026-08-25,2026-08-10,T+15,Economy,4234.0,334,167,278,557,5570.0,Available,OTA,Valid,
1544,11,BOM-BLR,Akasa,AK621,2026-08-25,2026-08-18,T+7,Economy,4659.0,368,184,306,613,6130.0,Available,OTA,Valid,
1545,11,BOM-BLR,Akasa,AK638,2026-08-25,2026-08-24,T+1,Economy,4393.0,347,173,289,578,5780.0,Available,OTA,Valid,
1546,11,DEL-CCU,IndiGo,IN765,2026-08-25,2026-07-11,T+45,Economy,3116.0,246,123,205,410,4100.0,Sold Out,Airline Site,Flagged,Sold out at collection time
1547,11,DEL-CCU,IndiGo,IN340,2026-08-25,2026-07-26,T+30,Economy,4317.0,341,170,284,568,5680.0,Available,OTA,Valid,
1548,11,DEL-CCU,IndiGo,IN260,2026-08-25,2026-08-10,T+15,Economy,5092.0,402,201,335,670,6700.0,Available,OTA,Valid,
1549,11,DEL-CCU,IndiGo,IN869,2026-08-25,2026-08-18,T+7,Economy,5320.0,420,210,350,700,7000.0,Available,OTA,Valid,
1550,11,DEL-CCU,IndiGo,IN142,2026-08-25,2026-08-24,T+1,Economy,6133.0,484,242,404,807,8070.0,Available,OTA,Valid,
1551,11,DEL-CCU,Air India,AI923,2026-08-25,2026-07-11,T+45,Economy,2949.0,233,116,194,388,3880.0,Available,OTA,Valid,
1552,11,DEL-CCU,Air India,AI339,2026-08-25,2026-07-26,T+30,Economy,3876.0,306,153,255,510,5100.0,Available,Airline Site,Valid,
1553,11,DEL-CCU,Air India,AI962,2026-08-25,2026-08-10,T+15,Economy,4788.0,378,189,315,630,6300.0,Available,Airline Site,Valid,
1554,11,DEL-CCU,Air India,AI200,2026-08-25,2026-08-18,T+7,Economy,6111.0,482,241,402,804,8040.0,Available,OTA,Valid,
1555,11,DEL-CCU,Air India,AI301,2026-08-25,2026-08-24,T+1,Economy,5251.0,415,207,346,691,6910.0,Available,OTA,Valid,
1556,11,DEL-CCU,Akasa,AK381,2026-08-25,2026-07-11,T+45,Economy,2926.0,231,116,192,385,3850.0,Available,Airline Site,Valid,
1557,11,DEL-CCU,Akasa,AK857,2026-08-25,2026-07-26,T+30,Economy,4211.0,332,166,277,554,5540.0,Available,OTA,Valid,
1558,11,DEL-CCU,Akasa,AK942,2026-08-25,2026-08-10,T+15,Economy,4393.0,347,173,289,578,5780.0,Available,OTA,Valid,
1559,11,DEL-CCU,Akasa,AK875,2026-08-25,2026-08-18,T+7,Economy,6125.0,484,242,403,806,8060.0,Available,OTA,Valid,
1560,11,DEL-CCU,Akasa,AK252,2026-08-25,2026-08-24,T+1,Economy,6263.0,494,247,412,824,8240.0,Available,Airline Site,Valid,
1561,11,DEL-HYD,IndiGo,IN904,2026-08-25,2026-07-11,T+45,Economy,3170.0,250,125,208,417,4170.0,Available,OTA,Valid,
1562,11,DEL-HYD,IndiGo,IN910,2026-08-25,2026-07-26,T+30,Economy,4386.0,346,173,288,577,5770.0,Available,Airline Site,Valid,
1563,11,DEL-HYD,IndiGo,IN527,2026-08-25,2026-08-10,T+15,Economy,5450.0,430,215,358,717,7170.0,Available,OTA,Valid,
1564,11,DEL-HYD,IndiGo,IN242,2026-08-25,2026-08-18,T+7,Economy,6263.0,494,247,412,824,8240.0,Available,Airline Site,Valid,
1565,11,DEL-HYD,IndiGo,IN611,2026-08-25,2026-08-24,T+1,Economy,6201.0,490,245,408,816,8160.0,Available,OTA,Valid,
1566,11,DEL-HYD,Air India,AI513,2026-08-25,2026-07-11,T+45,Economy,2957.0,233,117,194,389,3890.0,Available,OTA,Valid,
1567,11,DEL-HYD,Air India,AI904,2026-08-25,2026-07-26,T+30,Economy,3755.0,296,148,247,494,4940.0,Sold Out,Airline Site,Flagged,Sold out at collection time
1568,11,DEL-HYD,Air India,AI438,2026-08-25,2026-08-10,T+15,Economy,4757.0,376,188,313,626,6260.0,Available,OTA,Valid,
1569,11,DEL-HYD,Air India,AI500,2026-08-25,2026-08-18,T+7,Economy,6004.0,474,237,395,790,7900.0,Available,OTA,Valid,
1570,11,DEL-HYD,Air India,AI683,2026-08-25,2026-08-24,T+1,Economy,5351.0,422,211,352,704,7040.0,Available,OTA,Valid,
1571,11,DEL-HYD,Akasa,AK132,2026-08-25,2026-07-11,T+45,Economy,2789.0,220,110,184,367,3670.0,Available,OTA,Valid,
1572,11,DEL-HYD,Akasa,AK495,2026-08-25,2026-07-26,T+30,Economy,3465.0,274,137,228,456,4560.0,Available,Airline Site,Valid,
1573,11,DEL-HYD,Akasa,AK565,2026-08-25,2026-08-10,T+15,Economy,4538.0,358,179,298,597,5970.0,Available,Airline Site,Valid,
1574,11,DEL-HYD,Akasa,AK520,2026-08-25,2026-08-18,T+7,Economy,4963.0,392,196,326,653,6530.0,Available,Airline Site,Valid,
1575,11,DEL-HYD,Akasa,AK860,2026-08-25,2026-08-24,T+1,Economy,5099.0,403,201,336,671,6710.0,Available,Airline Site,Valid,
1576,11,BOM-HYD,IndiGo,IN586,2026-08-25,2026-07-11,T+45,Economy,2797.0,221,110,184,368,3680.0,Available,OTA,Valid,
1577,11,BOM-HYD,IndiGo,IN801,2026-08-25,2026-07-26,T+30,Economy,3769.0,298,149,248,496,4960.0,Available,Airline Site,Valid,
1578,11,BOM-HYD,IndiGo,IN165,2026-08-25,2026-08-10,T+15,Economy,4157.0,328,164,274,547,5470.0,Available,Airline Site,Valid,
1579,11,BOM-HYD,IndiGo,IN602,2026-08-25,2026-08-18,T+7,Economy,5373.0,424,212,354,707,7070.0,Available,Airline Site,Valid,
1580,11,BOM-HYD,IndiGo,IN567,2026-08-25,2026-08-24,T+1,Economy,5845.0,461,231,384,769,7690.0,Available,OTA,Valid,
1581,11,BOM-HYD,Air India,AI525,2026-08-25,2026-07-11,T+45,Economy,2933.0,232,116,193,386,3860.0,Available,OTA,Valid,
1582,11,BOM-HYD,Air India,AI287,2026-08-25,2026-07-26,T+30,Economy,3952.0,312,156,260,520,5200.0,Available,Airline Site,Valid,
1583,11,BOM-HYD,Air India,AI345,2026-08-25,2026-08-10,T+15,Economy,4909.0,388,194,323,646,6460.0,Available,Airline Site,Valid,
1584,11,BOM-HYD,Air India,AI398,2026-08-25,2026-08-18,T+7,Economy,5183.0,409,205,341,682,6820.0,Available,Airline Site,Valid,
1585,11,BOM-HYD,Air India,AI322,2026-08-25,2026-08-24,T+1,Economy,6179.0,488,244,406,813,8130.0,Available,OTA,Valid,
1586,11,BOM-HYD,Akasa,AK178,2026-08-25,2026-07-11,T+45,Economy,3313.0,262,131,218,436,4360.0,Available,OTA,Valid,
1587,11,BOM-HYD,Akasa,AK312,2026-08-25,2026-07-26,T+30,Economy,4211.0,332,166,277,554,5540.0,Available,OTA,Valid,
1588,11,BOM-HYD,Akasa,AK791,2026-08-25,2026-08-10,T+15,Economy,5001.0,395,197,329,658,6580.0,Available,OTA,Valid,
1589,11,BOM-HYD,Akasa,AK299,2026-08-25,2026-08-18,T+7,Economy,5821.0,460,230,383,766,7660.0,Available,Airline Site,Valid,
1590,11,BOM-HYD,Akasa,AK239,2026-08-25,2026-08-24,T+1,Economy,6201.0,490,245,408,816,8160.0,Available,OTA,Valid,
1591,11,BLR-HYD,IndiGo,IN548,2026-08-25,2026-07-11,T+45,Economy,2447.0,193,97,161,322,3220.0,Available,OTA,Valid,
1592,11,BLR-HYD,IndiGo,IN118,2026-08-25,2026-07-26,T+30,Economy,3427.0,271,135,226,451,4510.0,Available,Airline Site,Valid,
1593,11,BLR-HYD,IndiGo,IN500,2026-08-25,2026-08-10,T+15,Economy,4059.0,320,160,267,534,5340.0,Available,Airline Site,Valid,
1594,11,BLR-HYD,IndiGo,IN466,2026-08-25,2026-08-18,T+7,Economy,4773.0,377,188,314,628,6280.0,Available,Airline Site,Valid,
1595,11,BLR-HYD,IndiGo,IN552,2026-08-25,2026-08-24,T+1,Economy,5517.0,436,218,363,726,7260.0,Available,Airline Site,Valid,
1596,11,BLR-HYD,Air India,AI104,2026-08-25,2026-07-11,T+45,Economy,2584.0,204,102,170,340,3400.0,Sold Out,OTA,Flagged,Sold out at collection time
1597,11,BLR-HYD,Air India,AI483,2026-08-25,2026-07-26,T+30,Economy,3800.0,300,150,250,500,5000.0,Available,Airline Site,Valid,
1598,11,BLR-HYD,Air India,AI114,2026-08-25,2026-08-10,T+15,Economy,4135.0,326,163,272,544,5440.0,Available,Airline Site,Valid,
1599,11,BLR-HYD,Air India,AI198,2026-08-25,2026-08-18,T+7,Economy,5077.0,401,200,334,668,6680.0,Available,Airline Site,Valid,
1600,11,BLR-HYD,Air India,AI624,2026-08-25,2026-08-24,T+1,Economy,5517.0,436,218,363,726,7260.0,Available,OTA,Valid,
1601,11,BLR-HYD,Akasa,AK654,2026-08-25,2026-07-11,T+45,Economy,2637.0,208,104,174,347,3470.0,Available,OTA,Valid,
1602,11,BLR-HYD,Akasa,AK465,2026-08-25,2026-07-26,T+30,Economy,3313.0,262,131,218,436,4360.0,Available,Airline Site,Valid,
1603,11,BLR-HYD,Akasa,AK498,2026-08-25,2026-08-10,T+15,Economy,4317.0,341,170,284,568,5680.0,Available,Airline Site,Valid,
1604,11,BLR-HYD,Akasa,AK765,2026-08-25,2026-08-18,T+7,Economy,4545.0,359,179,299,598,5980.0,Available,Airline Site,Valid,
1605,11,BLR-HYD,Akasa,AK408,2026-08-25,2026-08-24,T+1,Economy,4674.0,369,184,308,615,6150.0,Available,OTA,Valid,
1606,11,DEL-MAA,IndiGo,IN970,2026-08-25,2026-07-11,T+45,Economy,2470.0,195,98,162,325,3250.0,Available,OTA,Valid,
1607,11,DEL-MAA,IndiGo,IN746,2026-08-25,2026-07-26,T+30,Economy,3443.0,272,136,226,453,4530.0,Available,Airline Site,Valid,
1608,11,DEL-MAA,IndiGo,IN804,2026-08-25,2026-08-10,T+15,Economy,3974.0,314,157,262,523,5230.0,Available,OTA,Valid,
1609,11,DEL-MAA,IndiGo,IN699,2026-08-25,2026-08-18,T+7,Economy,3967.0,313,157,261,522,5220.0,Available,Airline Site,Valid,
1610,11,DEL-MAA,IndiGo,IN113,2026-08-25,2026-08-24,T+1,Economy,4925.0,389,194,324,648,6480.0,Available,Airline Site,Valid,
1611,11,DEL-MAA,Air India,AI734,2026-08-25,2026-07-11,T+45,Economy,2539.0,200,100,167,334,3340.0,Available,Airline Site,Valid,
1612,11,DEL-MAA,Air India,AI255,2026-08-25,2026-07-26,T+30,Economy,3283.0,259,130,216,432,4320.0,Available,Airline Site,Valid,
1613,11,DEL-MAA,Air India,AI554,2026-08-25,2026-08-10,T+15,Economy,4089.0,323,161,269,538,5380.0,Available,OTA,Valid,
1614,11,DEL-MAA,Air India,AI905,2026-08-25,2026-08-18,T+7,Economy,4287.0,338,169,282,564,5640.0,Available,OTA,Valid,
1615,11,DEL-MAA,Air India,AI124,2026-08-25,2026-08-24,T+1,Economy,5183.0,409,205,341,682,6820.0,Available,OTA,Valid,
1616,11,DEL-MAA,Akasa,AK780,2026-08-25,2026-07-11,T+45,Economy,2454.0,194,97,162,323,3230.0,Available,Airline Site,Valid,
1617,11,DEL-MAA,Akasa,AK429,2026-08-25,2026-07-26,T+30,Economy,3420.0,270,135,225,450,4500.0,Available,Airline Site,Valid,
1618,11,DEL-MAA,Akasa,AK297,2026-08-25,2026-08-10,T+15,Economy,3914.0,309,154,258,515,5150.0,Available,Airline Site,Valid,
1619,11,DEL-MAA,Akasa,AK277,2026-08-25,2026-08-18,T+7,Economy,5107.0,403,202,336,672,6720.0,Available,Airline Site,Valid,
1620,11,DEL-MAA,Akasa,AK842,2026-08-25,2026-08-24,T+1,Economy,4659.0,368,184,306,613,6130.0,Available,Airline Site,Valid,
1621,11,BOM-MAA,IndiGo,IN392,2026-08-25,2026-07-11,T+45,Economy,3693.0,292,146,243,486,4860.0,Available,Airline Site,Valid,
1622,11,BOM-MAA,IndiGo,IN181,2026-08-25,2026-07-26,T+30,Economy,5001.0,395,197,329,658,6580.0,Available,OTA,Valid,
1623,11,BOM-MAA,IndiGo,IN551,2026-08-25,2026-08-10,T+15,Economy,6118.0,483,242,402,805,8050.0,Available,OTA,Valid,
1624,11,BOM-MAA,IndiGo,IN912,2026-08-25,2026-08-18,T+7,Economy,7622.0,602,301,502,1003,10030.0,Available,OTA,Valid,
1625,11,BOM-MAA,IndiGo,IN407,2026-08-25,2026-08-24,T+1,Economy,7274.0,574,287,478,957,9570.0,Available,Airline Site,Valid,
1626,11,BOM-MAA,Air India,AI413,2026-08-25,2026-07-11,T+45,Economy,3960.0,313,156,260,521,5210.0,Available,OTA,Valid,
1627,11,BOM-MAA,Air India,AI441,2026-08-25,2026-07-26,T+30,Economy,5411.0,427,214,356,712,7120.0,Available,OTA,Valid,
1628,11,BOM-MAA,Air India,AI104,2026-08-25,2026-08-10,T+15,Economy,6528.0,515,258,430,859,8590.0,Sold Out,OTA,Flagged,Sold out at collection time
1629,11,BOM-MAA,Air India,AI504,2026-08-25,2026-08-18,T+7,Economy,7691.0,607,304,506,1012,10120.0,Available,OTA,Valid,
1630,11,BOM-MAA,Air India,AI702,2026-08-25,2026-08-24,T+1,Economy,7760.0,613,306,510,1021,10210.0,Available,Airline Site,Valid,
1631,11,BOM-MAA,Akasa,AK266,2026-08-25,2026-07-11,T+45,Economy,4439.0,350,175,292,584,5840.0,Available,OTA,Valid,
1632,11,BOM-MAA,Akasa,AK869,2026-08-25,2026-07-26,T+30,Economy,6270.0,495,248,412,825,8250.0,Available,OTA,Valid,
1633,11,BOM-MAA,Akasa,AK159,2026-08-25,2026-08-10,T+15,Economy,7486.0,591,296,492,985,9850.0,Available,OTA,Valid,
1634,11,BOM-MAA,Akasa,AK135,2026-08-25,2026-08-18,T+7,Economy,8459.0,668,334,556,1113,11130.0,Available,OTA,Valid,
1635,11,BOM-MAA,Akasa,AK814,2026-08-25,2026-08-24,T+1,Economy,9135.0,721,361,601,1202,12020.0,Available,Airline Site,Valid,
1636,11,CCU-BLR,IndiGo,IN716,2026-08-25,2026-07-11,T+45,Economy,2410.0,190,95,158,317,3170.0,Available,Airline Site,Valid,
1637,11,CCU-BLR,IndiGo,IN759,2026-08-25,2026-07-26,T+30,Economy,3154.0,249,124,208,415,4150.0,Available,OTA,Valid,
1638,11,CCU-BLR,IndiGo,IN182,2026-08-25,2026-08-10,T+15,Economy,4096.0,323,162,270,539,5390.0,Available,Airline Site,Valid,
1639,11,CCU-BLR,IndiGo,IN537,2026-08-25,2026-08-18,T+7,Economy,4902.0,387,194,322,645,6450.0,Available,OTA,Valid,
1640,11,CCU-BLR,IndiGo,IN491,2026-08-25,2026-08-24,T+1,Economy,4971.0,392,196,327,654,6540.0,Available,OTA,Valid,
1641,11,CCU-BLR,Air India,AI211,2026-08-25,2026-07-11,T+45,Economy,2645.0,209,104,174,348,3480.0,Available,OTA,Valid,
1642,11,CCU-BLR,Air India,AI314,2026-08-25,2026-07-26,T+30,Economy,3579.0,283,141,236,471,4710.0,Available,OTA,Valid,
1643,11,CCU-BLR,Air India,AI272,2026-08-25,2026-08-10,T+15,Economy,4439.0,350,175,292,584,5840.0,Available,Airline Site,Valid,
1644,11,CCU-BLR,Air India,AI527,2026-08-25,2026-08-18,T+7,Economy,4522.0,357,178,298,595,5950.0,Available,OTA,Valid,
1645,11,CCU-BLR,Air India,AI483,2026-08-25,2026-08-24,T+1,Economy,5434.0,429,214,358,715,7150.0,Available,Airline Site,Valid,
1646,11,CCU-BLR,Akasa,AK561,2026-08-25,2026-07-11,T+45,Economy,2387.0,188,94,157,314,3140.0,Available,Airline Site,Valid,
1647,11,CCU-BLR,Akasa,AK287,2026-08-25,2026-07-26,T+30,Economy,2933.0,232,116,193,386,3860.0,Available,Airline Site,Valid,
1648,11,CCU-BLR,Akasa,AK518,2026-08-25,2026-08-10,T+15,Economy,3853.0,304,152,254,507,5070.0,Available,Airline Site,Valid,
1649,11,CCU-BLR,Akasa,AK400,2026-08-25,2026-08-18,T+7,Economy,4651.0,367,184,306,612,6120.0,Available,Airline Site,Valid,
1650,11,CCU-BLR,Akasa,AK699,2026-08-25,2026-08-24,T+1,Economy,4408.0,348,174,290,580,5800.0,Available,OTA,Valid,
1651,12,DEL-BOM,IndiGo,IN107,2026-08-26,2026-07-12,T+45,Economy,4051.0,320,160,266,533,5330.0,Available,Airline Site,Valid,
1652,12,DEL-BOM,IndiGo,IN107,2026-08-26,2026-07-27,T+30,Economy,5123.0,404,202,337,674,6740.0,Available,OTA,Valid,
1653,12,DEL-BOM,IndiGo,IN445,2026-08-26,2026-08-11,T+15,Economy,7341.0,580,290,483,966,9660.0,Available,OTA,Valid,
1654,12,DEL-BOM,IndiGo,IN422,2026-08-26,2026-08-19,T+7,Economy,7479.0,590,295,492,984,9840.0,Available,OTA,Valid,
1655,12,DEL-BOM,IndiGo,IN158,2026-08-26,2026-08-25,T+1,Economy,8345.0,659,329,549,1098,10980.0,Available,OTA,Valid,
1656,12,DEL-BOM,Air India,AI511,2026-08-26,2026-07-12,T+45,Economy,4690.0,370,185,308,617,6170.0,Available,Airline Site,Valid,
1657,12,DEL-BOM,Air India,AI643,2026-08-26,2026-07-27,T+30,Economy,5700.0,450,225,375,750,7500.0,Available,Airline Site,Valid,
1658,12,DEL-BOM,Air India,AI774,2026-08-26,2026-08-11,T+15,Economy,7653.0,604,302,504,1007,10070.0,Available,OTA,Valid,
1659,12,DEL-BOM,Air India,AI753,2026-08-26,2026-08-19,T+7,Economy,8695.0,686,343,572,1144,11440.0,Available,OTA,Valid,
1660,12,DEL-BOM,Air India,AI146,2026-08-26,2026-08-25,T+1,Economy,8139.0,643,321,536,1071,10710.0,Available,OTA,Valid,
1661,12,DEL-BOM,Akasa,AK856,2026-08-26,2026-07-12,T+45,Economy,4477.0,353,177,294,589,5890.0,Available,Airline Site,Valid,
1662,12,DEL-BOM,Akasa,AK587,2026-08-26,2026-07-27,T+30,Economy,6088.0,481,240,400,801,8010.0,Available,Airline Site,Valid,
1663,12,DEL-BOM,Akasa,AK299,2026-08-26,2026-08-11,T+15,Economy,7866.0,621,310,518,1035,10350.0,Available,Airline Site,Valid,
1664,12,DEL-BOM,Akasa,AK408,2026-08-26,2026-08-19,T+7,Economy,7882.0,622,311,518,1037,10370.0,Available,OTA,Valid,
1665,12,DEL-BOM,Akasa,AK218,2026-08-26,2026-08-25,T+1,Economy,8322.0,657,328,548,1095,10950.0,Available,Airline Site,Valid,
1666,12,DEL-BLR,IndiGo,IN208,2026-08-26,2026-07-12,T+45,Economy,2311.0,182,91,152,304,3040.0,Available,Airline Site,Valid,
1667,12,DEL-BLR,IndiGo,IN492,2026-08-26,2026-07-27,T+30,Economy,3025.0,239,119,199,398,3980.0,Available,Airline Site,Valid,
1668,12,DEL-BLR,IndiGo,IN786,2026-08-26,2026-08-11,T+15,Economy,4082.0,322,161,268,537,5370.0,Available,Airline Site,Valid,
1669,12,DEL-BLR,IndiGo,IN603,2026-08-26,2026-08-19,T+7,Economy,4743.0,374,187,312,624,6240.0,Available,OTA,Valid,
1670,12,DEL-BLR,IndiGo,IN884,2026-08-26,2026-08-25,T+1,Economy,5168.0,408,204,340,680,6800.0,Available,Airline Site,Valid,
1671,12,DEL-BLR,Air India,AI853,2026-08-26,2026-07-12,T+45,Economy,2539.0,200,100,167,334,3340.0,Available,OTA,Valid,
1672,12,DEL-BLR,Air India,AI218,2026-08-26,2026-07-27,T+30,Economy,3451.0,272,136,227,454,4540.0,Available,Airline Site,Valid,
1673,12,DEL-BLR,Air India,AI292,2026-08-26,2026-08-11,T+15,Economy,3974.0,314,157,262,523,5230.0,Available,Airline Site,Valid,
1674,12,DEL-BLR,Air India,AI420,2026-08-26,2026-08-19,T+7,Economy,4697.0,371,185,309,618,6180.0,Available,Airline Site,Valid,
1675,12,DEL-BLR,Air India,AI294,2026-08-26,2026-08-25,T+1,Economy,4872.0,385,192,320,641,6410.0,Available,OTA,Valid,
1676,12,DEL-BLR,Akasa,AK915,2026-08-26,2026-07-12,T+45,Economy,2379.0,188,94,156,313,3130.0,Available,Airline Site,Valid,
1677,12,DEL-BLR,Akasa,AK972,2026-08-26,2026-07-27,T+30,Economy,2933.0,232,116,193,386,3860.0,Available,Airline Site,Valid,
1678,12,DEL-BLR,Akasa,AK324,2026-08-26,2026-08-11,T+15,Economy,4195.0,331,166,276,552,5520.0,Available,OTA,Valid,
1679,12,DEL-BLR,Akasa,AK864,2026-08-26,2026-08-19,T+7,Economy,4035.0,319,159,266,531,5310.0,Available,Airline Site,Valid,
1680,12,DEL-BLR,Akasa,AK805,2026-08-26,2026-08-25,T+1,Economy,4819.0,380,190,317,634,6340.0,Available,OTA,Valid,
1681,12,BOM-BLR,IndiGo,IN160,2026-08-26,2026-07-12,T+45,Economy,2128.0,168,84,140,280,2800.0,Available,OTA,Valid,
1682,12,BOM-BLR,IndiGo,IN968,2026-08-26,2026-07-27,T+30,Economy,2714.0,214,107,178,357,3570.0,Available,Airline Site,Valid,
1683,12,BOM-BLR,IndiGo,IN986,2026-08-26,2026-08-11,T+15,Economy,3565.0,281,141,234,469,4690.0,Available,OTA,Valid,
1684,12,BOM-BLR,IndiGo,IN934,2026-08-26,2026-08-19,T+7,Economy,4059.0,320,160,267,534,5340.0,Available,Airline Site,Valid,
1685,12,BOM-BLR,IndiGo,IN445,2026-08-26,2026-08-25,T+1,Economy,4712.0,372,186,310,620,6200.0,Available,OTA,Valid,
1686,12,BOM-BLR,Air India,AI640,2026-08-26,2026-07-12,T+45,Economy,2394.0,189,94,158,315,3150.0,Available,OTA,Valid,
1687,12,BOM-BLR,Air India,AI976,2026-08-26,2026-07-27,T+30,Economy,3268.0,258,129,215,430,4300.0,Available,Airline Site,Valid,
1688,12,BOM-BLR,Air India,AI694,2026-08-26,2026-08-11,T+15,Economy,3853.0,304,152,254,507,5070.0,Available,Airline Site,Valid,
1689,12,BOM-BLR,Air India,AI568,2026-08-26,2026-08-19,T+7,Economy,4955.0,391,196,326,652,6520.0,Available,Airline Site,Valid,
1690,12,BOM-BLR,Air India,AI248,2026-08-26,2026-08-25,T+1,Economy,4803.0,379,190,316,632,6320.0,Available,Airline Site,Valid,
1691,12,BOM-BLR,Akasa,AK689,2026-08-26,2026-07-12,T+45,Economy,2325.0,184,92,153,306,3060.0,Available,Airline Site,Valid,
1692,12,BOM-BLR,Akasa,AK795,2026-08-26,2026-07-27,T+30,Economy,3139.0,248,124,206,413,4130.0,Available,Airline Site,Valid,
1693,12,BOM-BLR,Akasa,AK283,2026-08-26,2026-08-11,T+15,Economy,3693.0,292,146,243,486,4860.0,Available,Airline Site,Valid,
1694,12,BOM-BLR,Akasa,AK707,2026-08-26,2026-08-19,T+7,Economy,4842.0,382,191,318,637,6370.0,Available,Airline Site,Valid,
1695,12,BOM-BLR,Akasa,AK134,2026-08-26,2026-08-25,T+1,Economy,4765.0,376,188,314,627,6270.0,Available,OTA,Valid,
1696,12,DEL-CCU,IndiGo,IN484,2026-08-26,2026-07-12,T+45,Economy,3147.0,248,124,207,414,4140.0,Available,Airline Site,Valid,
1697,12,DEL-CCU,IndiGo,IN765,2026-08-26,2026-07-27,T+30,Economy,4453.0,352,176,293,586,5860.0,Available,OTA,Valid,
1698,12,DEL-CCU,IndiGo,IN184,2026-08-26,2026-08-11,T+15,Economy,5047.0,398,199,332,664,6640.0,Available,Airline Site,Valid,
1699,12,DEL-CCU,IndiGo,IN686,2026-08-26,2026-08-19,T+7,Economy,5282.0,417,208,348,695,6950.0,Available,Airline Site,Valid,
1700,12,DEL-CCU,IndiGo,IN595,2026-08-26,2026-08-25,T+1,Economy,6643.0,524,262,437,874,8740.0,Available,OTA,Valid,
1701,12,DEL-CCU,Air India,AI830,2026-08-26,2026-07-12,T+45,Economy,2857.0,226,113,188,376,3760.0,Available,Airline Site,Valid,
1702,12,DEL-CCU,Air India,AI503,2026-08-26,2026-07-27,T+30,Economy,3907.0,308,154,257,514,5140.0,Available,OTA,Valid,
1703,12,DEL-CCU,Air India,AI651,2026-08-26,2026-08-11,T+15,Economy,4582.0,362,181,302,603,6030.0,Available,Airline Site,Valid,
1704,12,DEL-CCU,Air India,AI774,2026-08-26,2026-08-19,T+7,Economy,5662.0,447,224,372,745,7450.0,Available,Airline Site,Valid,
1705,12,DEL-CCU,Air India,AI105,2026-08-26,2026-08-25,T+1,Economy,6445.0,509,254,424,848,8480.0,Available,OTA,Valid,
1706,12,DEL-CCU,Akasa,AK265,2026-08-26,2026-07-12,T+45,Economy,2736.0,216,108,180,360,3600.0,Available,OTA,Valid,
1707,12,DEL-CCU,Akasa,AK227,2026-08-26,2026-07-27,T+30,Economy,3815.0,301,151,251,502,5020.0,Available,OTA,Valid,
1708,12,DEL-CCU,Akasa,AK773,2026-08-26,2026-08-11,T+15,Economy,5069.0,400,200,334,667,6670.0,Sold Out,OTA,Flagged,Sold out at collection time
1709,12,DEL-CCU,Akasa,AK901,2026-08-26,2026-08-19,T+7,Economy,4849.0,383,191,319,638,6380.0,Available,OTA,Valid,
1710,12,DEL-CCU,Akasa,AK420,2026-08-26,2026-08-25,T+1,Economy,5153.0,407,203,339,678,6780.0,Available,OTA,Valid,
1711,12,DEL-HYD,IndiGo,IN145,2026-08-26,2026-07-12,T+45,Economy,3071.0,242,121,202,404,4040.0,Available,Airline Site,Valid,
1712,12,DEL-HYD,IndiGo,IN320,2026-08-26,2026-07-27,T+30,Economy,4013.0,317,158,264,528,5280.0,Available,Airline Site,Valid,
1713,12,DEL-HYD,IndiGo,IN846,2026-08-26,2026-08-11,T+15,Economy,5199.0,410,205,342,684,6840.0,Available,Airline Site,Valid,
1714,12,DEL-HYD,IndiGo,IN765,2026-08-26,2026-08-19,T+7,Economy,5723.0,452,226,376,753,7530.0,Available,OTA,Valid,
1715,12,DEL-HYD,IndiGo,IN792,2026-08-26,2026-08-25,T+1,Economy,6270.0,495,248,412,825,8250.0,Available,Airline Site,Valid,
1716,12,DEL-HYD,Air India,AI748,2026-08-26,2026-07-12,T+45,Economy,3101.0,245,122,204,408,4080.0,Available,Airline Site,Valid,
1717,12,DEL-HYD,Air India,AI763,2026-08-26,2026-07-27,T+30,Economy,4256.0,336,168,280,560,5600.0,Available,Airline Site,Valid,
1718,12,DEL-HYD,Air India,AI906,2026-08-26,2026-08-11,T+15,Economy,5016.0,396,198,330,660,6600.0,Available,Airline Site,Valid,
1719,12,DEL-HYD,Air India,AI376,2026-08-26,2026-08-19,T+7,Economy,6277.0,496,248,413,826,8260.0,Available,Airline Site,Valid,
1720,12,DEL-HYD,Air India,AI437,2026-08-26,2026-08-25,T+1,Economy,6437.0,508,254,424,847,8470.0,Available,OTA,Valid,
1721,12,DEL-HYD,Akasa,AK917,2026-08-26,2026-07-12,T+45,Economy,3214.0,254,127,212,423,4230.0,Available,Airline Site,Valid,
1722,12,DEL-HYD,Akasa,AK327,2026-08-26,2026-07-27,T+30,Economy,4332.0,342,171,285,570,5700.0,Available,Airline Site,Valid,
1723,12,DEL-HYD,Akasa,AK639,2026-08-26,2026-08-11,T+15,Economy,5754.0,454,227,378,757,7570.0,Available,OTA,Valid,
1724,12,DEL-HYD,Akasa,AK197,2026-08-26,2026-08-19,T+7,Economy,6429.0,508,254,423,846,8460.0,Available,OTA,Valid,
1725,12,DEL-HYD,Akasa,AK149,2026-08-26,2026-08-25,T+1,Economy,6779.0,535,268,446,892,8920.0,Available,OTA,Valid,
1726,12,BOM-HYD,IndiGo,IN664,2026-08-26,2026-07-12,T+45,Economy,3170.0,250,125,208,417,4170.0,Available,OTA,Valid,
1727,12,BOM-HYD,IndiGo,IN109,2026-08-26,2026-07-27,T+30,Economy,4104.0,324,162,270,540,5400.0,Available,Airline Site,Valid,
1728,12,BOM-HYD,IndiGo,IN681,2026-08-26,2026-08-11,T+15,Economy,5351.0,422,211,352,704,7040.0,Available,Airline Site,Valid,
1729,12,BOM-HYD,IndiGo,IN479,2026-08-26,2026-08-19,T+7,Economy,6491.0,512,256,427,854,8540.0,Available,Airline Site,Valid,
1730,12,BOM-HYD,IndiGo,IN568,2026-08-26,2026-08-25,T+1,Economy,6558.0,518,259,432,863,8630.0,Available,OTA,Valid,
1731,12,BOM-HYD,Air India,AI538,2026-08-26,2026-07-12,T+45,Economy,3071.0,242,121,202,404,4040.0,Available,Airline Site,Valid,
1732,12,BOM-HYD,Air India,AI412,2026-08-26,2026-07-27,T+30,Economy,4187.0,331,165,276,551,5510.0,Available,OTA,Valid,
1733,12,BOM-HYD,Air India,AI178,2026-08-26,2026-08-11,T+15,Economy,5700.0,450,225,375,750,7500.0,Available,Airline Site,Valid,
1734,12,BOM-HYD,Air India,AI861,2026-08-26,2026-08-19,T+7,Economy,5289.0,418,209,348,696,6960.0,Available,OTA,Valid,
1735,12,BOM-HYD,Air India,AI534,2026-08-26,2026-08-25,T+1,Economy,6581.0,520,260,433,866,8660.0,Available,Airline Site,Valid,
1736,12,BOM-HYD,Akasa,AK645,2026-08-26,2026-07-12,T+45,Economy,3018.0,238,119,198,397,3970.0,Available,OTA,Valid,
1737,12,BOM-HYD,Akasa,AK951,2026-08-26,2026-07-27,T+30,Economy,3648.0,288,144,240,480,4800.0,Available,OTA,Valid,
1738,12,BOM-HYD,Akasa,AK350,2026-08-26,2026-08-11,T+15,Economy,5259.0,415,208,346,692,6920.0,Available,Airline Site,Valid,
1739,12,BOM-HYD,Akasa,AK790,2026-08-26,2026-08-19,T+7,Economy,5821.0,460,230,383,766,7660.0,Available,Airline Site,Valid,
1740,12,BOM-HYD,Akasa,AK236,2026-08-26,2026-08-25,T+1,Economy,5427.0,428,214,357,714,7140.0,Available,Airline Site,Valid,
1741,12,BLR-HYD,IndiGo,IN795,2026-08-26,2026-07-12,T+45,Economy,2592.0,205,102,170,341,3410.0,Available,Airline Site,Valid,
1742,12,BLR-HYD,IndiGo,IN371,2026-08-26,2026-07-27,T+30,Economy,3488.0,275,138,230,459,4590.0,Available,OTA,Valid,
1743,12,BLR-HYD,IndiGo,IN758,2026-08-26,2026-08-11,T+15,Economy,4218.0,333,166,278,555,5550.0,Available,Airline Site,Valid,
1744,12,BLR-HYD,IndiGo,IN968,2026-08-26,2026-08-19,T+7,Economy,5632.0,445,222,370,741,7410.0,Available,OTA,Valid,
1745,12,BLR-HYD,IndiGo,IN405,2026-08-26,2026-08-25,T+1,Economy,4734.0,374,187,312,623,6230.0,Available,Airline Site,Valid,
1746,12,BLR-HYD,Air India,AI109,2026-08-26,2026-07-12,T+45,Economy,2622.0,207,104,172,345,3450.0,Available,OTA,Valid,
1747,12,BLR-HYD,Air India,AI257,2026-08-26,2026-07-27,T+30,Economy,3435.0,271,136,226,452,4520.0,Available,OTA,Valid,
1748,12,BLR-HYD,Air India,AI356,2026-08-26,2026-08-11,T+15,Economy,4119.0,325,163,271,542,5420.0,Available,OTA,Valid,
1749,12,BLR-HYD,Air India,AI286,2026-08-26,2026-08-19,T+7,Economy,4803.0,379,190,316,632,6320.0,Available,OTA,Valid,
1750,12,BLR-HYD,Air India,AI959,2026-08-26,2026-08-25,T+1,Economy,4826.0,381,190,318,635,6350.0,Available,Airline Site,Valid,
1751,12,BLR-HYD,Akasa,AK991,2026-08-26,2026-07-12,T+45,Economy,2622.0,207,104,172,345,3450.0,Available,Airline Site,Valid,
1752,12,BLR-HYD,Akasa,AK504,2026-08-26,2026-07-27,T+30,Economy,3336.0,263,132,220,439,4390.0,Available,OTA,Valid,
1753,12,BLR-HYD,Akasa,AK303,2026-08-26,2026-08-11,T+15,Economy,4750.0,375,188,312,625,6250.0,Available,OTA,Valid,
1754,12,BLR-HYD,Akasa,AK607,2026-08-26,2026-08-19,T+7,Economy,4560.0,360,180,300,600,6000.0,Available,Airline Site,Valid,
1755,12,BLR-HYD,Akasa,AK509,2026-08-26,2026-08-25,T+1,Economy,5213.0,412,206,343,686,6860.0,Available,OTA,Valid,
1756,12,DEL-MAA,IndiGo,IN452,2026-08-26,2026-07-12,T+45,Economy,2758.0,218,109,182,363,3630.0,Available,Airline Site,Valid,
1757,12,DEL-MAA,IndiGo,IN539,2026-08-26,2026-07-27,T+30,Economy,3663.0,289,145,241,482,4820.0,Available,Airline Site,Valid,
1758,12,DEL-MAA,IndiGo,IN597,2026-08-26,2026-08-11,T+15,Economy,4674.0,369,184,308,615,6150.0,Available,OTA,Valid,
1759,12,DEL-MAA,IndiGo,IN623,2026-08-26,2026-08-19,T+7,Economy,4917.0,388,194,324,647,6470.0,Available,OTA,Valid,
1760,12,DEL-MAA,IndiGo,IN817,2026-08-26,2026-08-25,T+1,Economy,6217.0,491,245,409,818,8180.0,Available,OTA,Valid,
1761,12,DEL-MAA,Air India,AI817,2026-08-26,2026-07-12,T+45,Economy,2477.0,196,98,163,326,3260.0,Available,Airline Site,Valid,
1762,12,DEL-MAA,Air India,AI744,2026-08-26,2026-07-27,T+30,Economy,3230.0,255,128,212,425,4250.0,Available,Airline Site,Valid,
1763,12,DEL-MAA,Air India,AI380,2026-08-26,2026-08-11,T+15,Economy,3808.0,301,150,250,501,5010.0,Available,Airline Site,Valid,
1764,12,DEL-MAA,Air India,AI193,2026-08-26,2026-08-19,T+7,Economy,4545.0,359,179,299,598,5980.0,Available,OTA,Valid,
1765,12,DEL-MAA,Air India,AI748,2026-08-26,2026-08-25,T+1,Economy,4765.0,376,188,314,627,6270.0,Available,Airline Site,Valid,
1766,12,DEL-MAA,Akasa,AK759,2026-08-26,2026-07-12,T+45,Economy,2508.0,198,99,165,330,3300.0,Available,Airline Site,Valid,
1767,12,DEL-MAA,Akasa,AK459,2026-08-26,2026-07-27,T+30,Economy,3237.0,256,128,213,426,4260.0,Available,Airline Site,Valid,
1768,12,DEL-MAA,Akasa,AK141,2026-08-26,2026-08-11,T+15,Economy,3997.0,316,158,263,526,5260.0,Sold Out,OTA,Flagged,Sold out at collection time
1769,12,DEL-MAA,Akasa,AK721,2026-08-26,2026-08-19,T+7,Economy,4408.0,348,174,290,580,5800.0,Available,Airline Site,Valid,
1770,12,DEL-MAA,Akasa,AK442,2026-08-26,2026-08-25,T+1,Economy,4765.0,376,188,314,627,6270.0,Available,Airline Site,Valid,
1771,12,BOM-MAA,IndiGo,IN469,2026-08-26,2026-07-12,T+45,Economy,3997.0,316,158,263,526,5260.0,Available,OTA,Valid,
1772,12,BOM-MAA,IndiGo,IN719,2026-08-26,2026-07-27,T+30,Economy,5715.0,451,226,376,752,7520.0,Available,OTA,Valid,
1773,12,BOM-MAA,IndiGo,IN208,2026-08-26,2026-08-11,T+15,Economy,6505.0,514,257,428,856,8560.0,Available,Airline Site,Valid,
1774,12,BOM-MAA,IndiGo,IN770,2026-08-26,2026-08-19,T+7,Economy,7113.0,562,281,468,936,9360.0,Available,Airline Site,Valid,
1775,12,BOM-MAA,IndiGo,IN176,2026-08-26,2026-08-25,T+1,Economy,8915.0,704,352,586,1173,11730.0,Available,OTA,Valid,
1776,12,BOM-MAA,Air India,AI646,2026-08-26,2026-07-12,T+45,Economy,3853.0,304,152,254,507,5070.0,Available,Airline Site,Valid,
1777,12,BOM-MAA,Air India,AI828,2026-08-26,2026-07-27,T+30,Economy,4856.0,383,192,320,639,6390.0,Available,OTA,Valid,
1778,12,BOM-MAA,Air India,AI834,2026-08-26,2026-08-11,T+15,Economy,6923.0,547,273,456,911,9110.0,Available,OTA,Valid,
1779,12,BOM-MAA,Air India,AI615,2026-08-26,2026-08-19,T+7,Economy,6429.0,508,254,423,846,8460.0,Available,Airline Site,Valid,
1780,12,BOM-MAA,Air India,AI232,2026-08-26,2026-08-25,T+1,Economy,7957.0,628,314,524,1047,10470.0,Available,Airline Site,Valid,
1781,12,BOM-MAA,Akasa,AK507,2026-08-26,2026-07-12,T+45,Economy,4234.0,334,167,278,557,5570.0,Available,Airline Site,Valid,
1782,12,BOM-MAA,Akasa,AK493,2026-08-26,2026-07-27,T+30,Economy,5480.0,433,216,360,721,7210.0,Available,OTA,Valid,
1783,12,BOM-MAA,Akasa,AK288,2026-08-26,2026-08-11,T+15,Economy,6862.0,542,271,452,903,9030.0,Sold Out,Airline Site,Flagged,Sold out at collection time
1784,12,BOM-MAA,Akasa,AK909,2026-08-26,2026-08-19,T+7,Economy,7797.0,616,308,513,1026,10260.0,Available,OTA,Valid,
1785,12,BOM-MAA,Akasa,AK825,2026-08-26,2026-08-25,T+1,Economy,7919.0,625,313,521,1042,10420.0,Available,Airline Site,Valid,
1786,12,CCU-BLR,IndiGo,IN251,2026-08-26,2026-07-12,T+45,Economy,2189.0,173,86,144,288,2880.0,Available,OTA,Valid,
1787,12,CCU-BLR,IndiGo,IN909,2026-08-26,2026-07-27,T+30,Economy,3154.0,249,124,208,415,4150.0,Available,Airline Site,Valid,
1788,12,CCU-BLR,IndiGo,IN218,2026-08-26,2026-08-11,T+15,Economy,4119.0,325,163,271,542,5420.0,Sold Out,OTA,Flagged,Sold out at collection time
1789,12,CCU-BLR,IndiGo,IN432,2026-08-26,2026-08-19,T+7,Economy,4491.0,355,177,296,591,5910.0,Available,OTA,Valid,
1790,12,CCU-BLR,IndiGo,IN726,2026-08-26,2026-08-25,T+1,Economy,4773.0,377,188,314,628,6280.0,Available,Airline Site,Valid,
1791,12,CCU-BLR,Air India,AI848,2026-08-26,2026-07-12,T+45,Economy,2508.0,198,99,165,330,3300.0,Available,Airline Site,Valid,
1792,12,CCU-BLR,Air India,AI773,2026-08-26,2026-07-27,T+30,Economy,3214.0,254,127,212,423,4230.0,Available,Airline Site,Valid,
1793,12,CCU-BLR,Air India,AI769,2026-08-26,2026-08-11,T+15,Economy,4538.0,358,179,298,597,5970.0,Available,Airline Site,Valid,
1794,12,CCU-BLR,Air India,AI375,2026-08-26,2026-08-19,T+7,Economy,5024.0,397,198,330,661,6610.0,Available,OTA,Valid,
1795,12,CCU-BLR,Air India,AI843,2026-08-26,2026-08-25,T+1,Economy,4629.0,365,183,304,609,6090.0,Available,Airline Site,Valid,
1796,12,CCU-BLR,Akasa,AK289,2026-08-26,2026-07-12,T+45,Economy,2615.0,206,103,172,344,3440.0,Available,Airline Site,Valid,
1797,12,CCU-BLR,Akasa,AK846,2026-08-26,2026-07-27,T+30,Economy,3458.0,273,136,228,455,4550.0,Available,OTA,Valid,
1798,12,CCU-BLR,Akasa,AK281,2026-08-26,2026-08-11,T+15,Economy,4021.0,317,159,264,529,5290.0,Available,Airline Site,Valid,
1799,12,CCU-BLR,Akasa,AK351,2026-08-26,2026-08-19,T+7,Economy,4423.0,349,175,291,582,5820.0,Available,OTA,Valid,
1800,12,CCU-BLR,Akasa,AK844,2026-08-26,2026-08-25,T+1,Economy,4886.0,386,193,322,643,6430.0,Available,Airline Site,Valid,
1801,13,DEL-BOM,IndiGo,IN881,2026-08-27,2026-07-13,T+45,Economy,4309.0,340,170,284,567,5670.0,Available,Airline Site,Valid,
1802,13,DEL-BOM,IndiGo,IN374,2026-08-27,2026-07-28,T+30,Economy,5541.0,437,219,364,729,7290.0,Available,Airline Site,Valid,
1803,13,DEL-BOM,IndiGo,IN910,2026-08-27,2026-08-12,T+15,Economy,7379.0,583,291,486,971,9710.0,Available,OTA,Valid,
1804,13,DEL-BOM,IndiGo,IN242,2026-08-27,2026-08-20,T+7,Economy,8398.0,663,332,552,1105,11050.0,Available,OTA,Valid,
1805,13,DEL-BOM,IndiGo,IN590,2026-08-27,2026-08-26,T+1,Economy,9120.0,720,360,600,1200,12000.0,Available,Airline Site,Valid,
1806,13,DEL-BOM,Air India,AI121,2026-08-27,2026-07-13,T+45,Economy,4386.0,346,173,288,577,5770.0,Available,Airline Site,Valid,
1807,13,DEL-BOM,Air India,AI956,2026-08-27,2026-07-28,T+30,Economy,5791.0,457,229,381,762,7620.0,Available,Airline Site,Valid,
1808,13,DEL-BOM,Air India,AI537,2026-08-27,2026-08-12,T+15,Economy,7797.0,616,308,513,1026,10260.0,Available,OTA,Valid,
1809,13,DEL-BOM,Air India,AI800,2026-08-27,2026-08-20,T+7,Economy,8391.0,662,331,552,1104,11040.0,Available,Airline Site,Valid,
1810,13,DEL-BOM,Air India,AI329,2026-08-27,2026-08-26,T+1,Economy,9098.0,718,359,598,1197,11970.0,Available,OTA,Valid,
1811,13,DEL-BOM,Akasa,AK186,2026-08-27,2026-07-13,T+45,Economy,4119.0,325,163,271,542,5420.0,Available,Airline Site,Valid,
1812,13,DEL-BOM,Akasa,AK714,2026-08-27,2026-07-28,T+30,Economy,5472.0,432,216,360,720,7200.0,Available,OTA,Valid,
1813,13,DEL-BOM,Akasa,AK408,2026-08-27,2026-08-12,T+15,Economy,6733.0,532,266,443,886,8860.0,Available,OTA,Valid,
1814,13,DEL-BOM,Akasa,AK611,2026-08-27,2026-08-20,T+7,Economy,7493.0,592,296,493,986,9860.0,Available,OTA,Valid,
1815,13,DEL-BOM,Akasa,AK178,2026-08-27,2026-08-26,T+1,Economy,9294.0,734,367,612,1223,12230.0,Available,Airline Site,Valid,
1816,13,DEL-BLR,IndiGo,IN915,2026-08-27,2026-07-13,T+45,Economy,2265.0,179,89,149,298,2980.0,Available,OTA,Valid,
1817,13,DEL-BLR,IndiGo,IN537,2026-08-27,2026-07-28,T+30,Economy,3116.0,246,123,205,410,4100.0,Available,OTA,Valid,
1818,13,DEL-BLR,IndiGo,IN230,2026-08-27,2026-08-12,T+15,Economy,3557.0,281,140,234,468,4680.0,Available,OTA,Valid,
1819,13,DEL-BLR,IndiGo,IN592,2026-08-27,2026-08-20,T+7,Economy,4149.0,328,164,273,546,5460.0,Available,OTA,Valid,
1820,13,DEL-BLR,IndiGo,IN241,2026-08-27,2026-08-26,T+1,Economy,4757.0,376,188,313,626,6260.0,Available,Airline Site,Valid,
1821,13,DEL-BLR,Air India,AI604,2026-08-27,2026-07-13,T+45,Economy,2394.0,189,94,158,315,3150.0,Available,Airline Site,Valid,
1822,13,DEL-BLR,Air India,AI531,2026-08-27,2026-07-28,T+30,Economy,3192.0,252,126,210,420,4200.0,Available,Airline Site,Valid,
1823,13,DEL-BLR,Air India,AI102,2026-08-27,2026-08-12,T+15,Economy,4149.0,328,164,273,546,5460.0,Available,Airline Site,Valid,
1824,13,DEL-BLR,Air India,AI236,2026-08-27,2026-08-20,T+7,Economy,4355.0,344,172,286,573,5730.0,Available,Airline Site,Valid,
1825,13,DEL-BLR,Air India,AI969,2026-08-27,2026-08-26,T+1,Economy,5275.0,416,208,347,694,6940.0,Available,Airline Site,Valid,
1826,13,DEL-BLR,Akasa,AK531,2026-08-27,2026-07-13,T+45,Economy,2394.0,189,94,158,315,3150.0,Available,Airline Site,Valid,
1827,13,DEL-BLR,Akasa,AK812,2026-08-27,2026-07-28,T+30,Economy,2926.0,231,116,192,385,3850.0,Available,OTA,Valid,
1828,13,DEL-BLR,Akasa,AK534,2026-08-27,2026-08-12,T+15,Economy,4218.0,333,166,278,555,5550.0,Available,Airline Site,Valid,
1829,13,DEL-BLR,Akasa,AK957,2026-08-27,2026-08-20,T+7,Economy,4469.0,353,176,294,588,5880.0,Available,Airline Site,Valid,
1830,13,DEL-BLR,Akasa,AK180,2026-08-27,2026-08-26,T+1,Economy,4180.0,330,165,275,550,5500.0,Available,Airline Site,Valid,
1831,13,BOM-BLR,IndiGo,IN861,2026-08-27,2026-07-13,T+45,Economy,2280.0,180,90,150,300,3000.0,Available,OTA,Valid,
1832,13,BOM-BLR,IndiGo,IN554,2026-08-27,2026-07-28,T+30,Economy,3170.0,250,125,208,417,4170.0,Available,Airline Site,Valid,
1833,13,BOM-BLR,IndiGo,IN757,2026-08-27,2026-08-12,T+15,Economy,3709.0,293,146,244,488,4880.0,Sold Out,Airline Site,Flagged,Sold out at collection time
1834,13,BOM-BLR,IndiGo,IN952,2026-08-27,2026-08-20,T+7,Economy,4256.0,336,168,280,560,5600.0,Available,OTA,Valid,
1835,13,BOM-BLR,IndiGo,IN685,2026-08-27,2026-08-26,T+1,Economy,4864.0,384,192,320,640,6400.0,Available,Airline Site,Valid,
1836,13,BOM-BLR,Air India,AI634,2026-08-27,2026-07-13,T+45,Economy,2219.0,175,88,146,292,2920.0,Available,Airline Site,Valid,
1837,13,BOM-BLR,Air India,AI157,2026-08-27,2026-07-28,T+30,Economy,2979.0,235,118,196,392,3920.0,Available,Airline Site,Valid,
1838,13,BOM-BLR,Air India,AI719,2026-08-27,2026-08-12,T+15,Economy,4005.0,316,158,264,527,5270.0,Available,OTA,Valid,
1839,13,BOM-BLR,Air India,AI514,2026-08-27,2026-08-20,T+7,Economy,4082.0,322,161,268,537,5370.0,Available,Airline Site,Valid,
1840,13,BOM-BLR,Air India,AI534,2026-08-27,2026-08-26,T+1,Economy,3869.0,305,153,254,509,5090.0,Available,Airline Site,Valid,
1841,13,BOM-BLR,Akasa,AK443,2026-08-27,2026-07-13,T+45,Economy,2052.0,162,81,135,270,2700.0,Sold Out,OTA,Flagged,Sold out at collection time
1842,13,BOM-BLR,Akasa,AK316,2026-08-27,2026-07-28,T+30,Economy,2553.0,202,101,168,336,3360.0,Available,OTA,Valid,
1843,13,BOM-BLR,Akasa,AK133,2026-08-27,2026-08-12,T+15,Economy,3161.0,250,125,208,416,4160.0,Available,Airline Site,Valid,
1844,13,BOM-BLR,Akasa,AK677,2026-08-27,2026-08-20,T+7,Economy,4234.0,334,167,278,557,5570.0,Available,OTA,Valid,
1845,13,BOM-BLR,Akasa,AK416,2026-08-27,2026-08-26,T+1,Economy,3603.0,284,142,237,474,4740.0,Sold Out,OTA,Flagged,Sold out at collection time
1846,13,DEL-CCU,IndiGo,IN500,2026-08-27,2026-07-13,T+45,Economy,3253.0,257,128,214,428,4280.0,Available,Airline Site,Valid,
1847,13,DEL-CCU,IndiGo,IN517,2026-08-27,2026-07-28,T+30,Economy,4439.0,350,175,292,584,5840.0,Available,Airline Site,Valid,
1848,13,DEL-CCU,IndiGo,IN124,2026-08-27,2026-08-12,T+15,Economy,5685.0,449,224,374,748,7480.0,Available,OTA,Valid,
1849,13,DEL-CCU,IndiGo,IN138,2026-08-27,2026-08-20,T+7,Economy,6308.0,498,249,415,830,8300.0,Available,Airline Site,Valid,
1850,13,DEL-CCU,IndiGo,IN740,2026-08-27,2026-08-26,T+1,Economy,6779.0,535,268,446,892,8920.0,Available,Airline Site,Valid,
1851,13,DEL-CCU,Air India,AI887,2026-08-27,2026-07-13,T+45,Economy,3275.0,259,129,216,431,4310.0,Available,OTA,Valid,
1852,13,DEL-CCU,Air India,AI397,2026-08-27,2026-07-28,T+30,Economy,4256.0,336,168,280,560,5600.0,Available,OTA,Valid,
1853,13,DEL-CCU,Air India,AI799,2026-08-27,2026-08-12,T+15,Economy,5077.0,401,200,334,668,6680.0,Available,Airline Site,Valid,
1854,13,DEL-CCU,Air India,AI256,2026-08-27,2026-08-20,T+7,Economy,6840.0,540,270,450,900,9000.0,Available,OTA,Valid,
1855,13,DEL-CCU,Air India,AI884,2026-08-27,2026-08-26,T+1,Economy,5761.0,455,227,379,758,7580.0,Available,Airline Site,Valid,
1856,13,DEL-CCU,Akasa,AK402,2026-08-27,2026-07-13,T+45,Economy,2957.0,233,117,194,389,3890.0,Available,OTA,Valid,
1857,13,DEL-CCU,Akasa,AK172,2026-08-27,2026-07-28,T+30,Economy,4073.0,322,161,268,536,5360.0,Available,OTA,Valid,
1858,13,DEL-CCU,Akasa,AK362,2026-08-27,2026-08-12,T+15,Economy,4872.0,385,192,320,641,6410.0,Available,OTA,Valid,
1859,13,DEL-CCU,Akasa,AK226,2026-08-27,2026-08-20,T+7,Economy,5754.0,454,227,378,757,7570.0,Available,OTA,Valid,
1860,13,DEL-CCU,Akasa,AK510,2026-08-27,2026-08-26,T+1,Economy,5548.0,438,219,365,730,7300.0,Available,Airline Site,Valid,
1861,13,DEL-HYD,IndiGo,IN185,2026-08-27,2026-07-13,T+45,Economy,3018.0,238,119,198,397,3970.0,Available,OTA,Valid,
1862,13,DEL-HYD,IndiGo,IN798,2026-08-27,2026-07-28,T+30,Economy,4082.0,322,161,268,537,5370.0,Sold Out,Airline Site,Flagged,Sold out at collection time
1863,13,DEL-HYD,IndiGo,IN940,2026-08-27,2026-08-12,T+15,Economy,5342.0,422,211,352,703,7030.0,Available,Airline Site,Valid,
1864,13,DEL-HYD,IndiGo,IN262,2026-08-27,2026-08-20,T+7,Economy,6125.0,484,242,403,806,8060.0,Available,Airline Site,Valid,
1865,13,DEL-HYD,IndiGo,IN785,2026-08-27,2026-08-26,T+1,Economy,5890.0,465,232,388,775,7750.0,Available,OTA,Valid,
1866,13,DEL-HYD,Air India,AI211,2026-08-27,2026-07-13,T+45,Economy,3078.0,243,122,202,405,4050.0,Available,Airline Site,Valid,
1867,13,DEL-HYD,Air India,AI886,2026-08-27,2026-07-28,T+30,Economy,4400.0,347,174,290,579,5790.0,Available,OTA,Valid,
1868,13,DEL-HYD,Air India,AI718,2026-08-27,2026-08-12,T+15,Economy,4909.0,388,194,323,646,6460.0,Available,OTA,Valid,
1869,13,DEL-HYD,Air India,AI658,2026-08-27,2026-08-20,T+7,Economy,5190.0,410,205,342,683,6830.0,Available,OTA,Valid,
1870,13,DEL-HYD,Air India,AI681,2026-08-27,2026-08-26,T+1,Economy,5503.0,434,217,362,724,7240.0,Sold Out,OTA,Flagged,Sold out at collection time
1871,13,DEL-HYD,Akasa,AK584,2026-08-27,2026-07-13,T+45,Economy,2827.0,223,112,186,372,3720.0,Available,Airline Site,Valid,
1872,13,DEL-HYD,Akasa,AK800,2026-08-27,2026-07-28,T+30,Economy,4028.0,318,159,265,530,5300.0,Available,OTA,Valid,
1873,13,DEL-HYD,Akasa,AK170,2026-08-27,2026-08-12,T+15,Economy,4727.0,373,187,311,622,6220.0,Available,Airline Site,Valid,
1874,13,DEL-HYD,Akasa,AK992,2026-08-27,2026-08-20,T+7,Economy,5069.0,400,200,334,667,6670.0,Available,Airline Site,Valid,
1875,13,DEL-HYD,Akasa,AK950,2026-08-27,2026-08-26,T+1,Economy,5776.0,456,228,380,760,7600.0,Available,OTA,Valid,
1876,13,BOM-HYD,IndiGo,IN529,2026-08-27,2026-07-13,T+45,Economy,3071.0,242,121,202,404,4040.0,Available,Airline Site,Valid,
1877,13,BOM-HYD,IndiGo,IN809,2026-08-27,2026-07-28,T+30,Economy,4408.0,348,174,290,580,5800.0,Available,Airline Site,Valid,
1878,13,BOM-HYD,IndiGo,IN303,2026-08-27,2026-08-12,T+15,Economy,5457.0,431,215,359,718,7180.0,Available,Airline Site,Valid,
1879,13,BOM-HYD,IndiGo,IN851,2026-08-27,2026-08-20,T+7,Economy,5776.0,456,228,380,760,7600.0,Available,OTA,Valid,
1880,13,BOM-HYD,IndiGo,IN251,2026-08-27,2026-08-26,T+1,Economy,5677.0,448,224,374,747,7470.0,Available,OTA,Valid,
1881,13,BOM-HYD,Air India,AI633,2026-08-27,2026-07-13,T+45,Economy,2714.0,214,107,178,357,3570.0,Available,OTA,Valid,
1882,13,BOM-HYD,Air India,AI749,2026-08-27,2026-07-28,T+30,Economy,3967.0,313,157,261,522,5220.0,Available,Airline Site,Valid,
1883,13,BOM-HYD,Air India,AI292,2026-08-27,2026-08-12,T+15,Economy,4278.0,338,169,282,563,5630.0,Available,Airline Site,Valid,
1884,13,BOM-HYD,Air India,AI314,2026-08-27,2026-08-20,T+7,Economy,5176.0,409,204,340,681,6810.0,Available,Airline Site,Valid,
1885,13,BOM-HYD,Air India,AI409,2026-08-27,2026-08-26,T+1,Economy,5312.0,419,210,350,699,6990.0,Available,Airline Site,Valid,
1886,13,BOM-HYD,Akasa,AK520,2026-08-27,2026-07-13,T+45,Economy,3062.0,242,121,202,403,4030.0,Available,OTA,Valid,
1887,13,BOM-HYD,Akasa,AK216,2026-08-27,2026-07-28,T+30,Economy,4218.0,333,166,278,555,5550.0,Available,OTA,Valid,
1888,13,BOM-HYD,Akasa,AK709,2026-08-27,2026-08-12,T+15,Economy,5038.0,398,199,332,663,6630.0,Available,OTA,Valid,
1889,13,BOM-HYD,Akasa,AK805,2026-08-27,2026-08-20,T+7,Economy,5754.0,454,227,378,757,7570.0,Available,OTA,Valid,
1890,13,BOM-HYD,Akasa,AK977,2026-08-27,2026-08-26,T+1,Economy,6688.0,528,264,440,880,8800.0,Available,Airline Site,Valid,
1891,13,BLR-HYD,IndiGo,IN521,2026-08-27,2026-07-13,T+45,Economy,2546.0,201,100,168,335,3350.0,Available,Airline Site,Valid,
1892,13,BLR-HYD,IndiGo,IN925,2026-08-27,2026-07-28,T+30,Economy,3474.0,274,137,228,457,4570.0,Sold Out,OTA,Flagged,Sold out at collection time
1893,13,BLR-HYD,IndiGo,IN895,2026-08-27,2026-08-12,T+15,Economy,4515.0,356,178,297,594,5940.0,Available,OTA,Valid,
1894,13,BLR-HYD,IndiGo,IN227,2026-08-27,2026-08-20,T+7,Economy,4453.0,352,176,293,586,5860.0,Available,OTA,Valid,
1895,13,BLR-HYD,IndiGo,IN820,2026-08-27,2026-08-26,T+1,Economy,5115.0,404,202,336,673,6730.0,Available,OTA,Valid,
1896,13,BLR-HYD,Air India,AI390,2026-08-27,2026-07-13,T+45,Economy,2432.0,192,96,160,320,3200.0,Available,OTA,Valid,
1897,13,BLR-HYD,Air India,AI524,2026-08-27,2026-07-28,T+30,Economy,3344.0,264,132,220,440,4400.0,Available,Airline Site,Valid,
1898,13,BLR-HYD,Air India,AI115,2026-08-27,2026-08-12,T+15,Economy,4515.0,356,178,297,594,5940.0,Sold Out,OTA,Flagged,Sold out at collection time
1899,13,BLR-HYD,Air India,AI859,2026-08-27,2026-08-20,T+7,Economy,5031.0,397,199,331,662,6620.0,Available,OTA,Valid,
1900,13,BLR-HYD,Air India,AI540,2026-08-27,2026-08-26,T+1,Economy,4636.0,366,183,305,610,6100.0,Available,OTA,Valid,
1901,13,BLR-HYD,Akasa,AK920,2026-08-27,2026-07-13,T+45,Economy,2629.0,208,104,173,346,3460.0,Available,OTA,Valid,
1902,13,BLR-HYD,Akasa,AK845,2026-08-27,2026-07-28,T+30,Economy,3344.0,264,132,220,440,4400.0,Available,OTA,Valid,
1903,13,BLR-HYD,Akasa,AK201,2026-08-27,2026-08-12,T+15,Economy,4377.0,346,173,288,576,5760.0,Available,Airline Site,Valid,
1904,13,BLR-HYD,Akasa,AK903,2026-08-27,2026-08-20,T+7,Economy,4902.0,387,194,322,645,6450.0,Available,OTA,Valid,
1905,13,BLR-HYD,Akasa,AK430,2026-08-27,2026-08-26,T+1,Economy,5533.0,437,218,364,728,7280.0,Available,Airline Site,Valid,
1906,13,DEL-MAA,IndiGo,IN732,2026-08-27,2026-07-13,T+45,Economy,2295.0,181,91,151,302,3020.0,Available,Airline Site,Valid,
1907,13,DEL-MAA,IndiGo,IN851,2026-08-27,2026-07-28,T+30,Economy,3101.0,245,122,204,408,4080.0,Available,OTA,Valid,
1908,13,DEL-MAA,IndiGo,IN291,2026-08-27,2026-08-12,T+15,Economy,4157.0,328,164,274,547,5470.0,Available,Airline Site,Valid,
1909,13,DEL-MAA,IndiGo,IN351,2026-08-27,2026-08-20,T+7,Economy,4234.0,334,167,278,557,5570.0,Available,OTA,Valid,
1910,13,DEL-MAA,IndiGo,IN381,2026-08-27,2026-08-26,T+1,Economy,5107.0,403,202,336,672,6720.0,Available,Airline Site,Valid,
1911,13,DEL-MAA,Air India,AI205,2026-08-27,2026-07-13,T+45,Economy,2667.0,211,105,176,351,3510.0,Available,Airline Site,Valid,
1912,13,DEL-MAA,Air India,AI284,2026-08-27,2026-07-28,T+30,Economy,3366.0,266,133,222,443,4430.0,Available,OTA,Valid,
1913,13,DEL-MAA,Air India,AI312,2026-08-27,2026-08-12,T+15,Economy,4940.0,390,195,325,650,6500.0,Available,OTA,Valid,
1914,13,DEL-MAA,Air India,AI598,2026-08-27,2026-08-20,T+7,Economy,5320.0,420,210,350,700,7000.0,Available,Airline Site,Valid,
1915,13,DEL-MAA,Air India,AI421,2026-08-27,2026-08-26,T+1,Economy,4985.0,394,197,328,656,6560.0,Available,OTA,Valid,
1916,13,DEL-MAA,Akasa,AK282,2026-08-27,2026-07-13,T+45,Economy,2667.0,211,105,176,351,3510.0,Available,Airline Site,Valid,
1917,13,DEL-MAA,Akasa,AK455,2026-08-27,2026-07-28,T+30,Economy,3504.0,277,138,230,461,4610.0,Available,Airline Site,Valid,
1918,13,DEL-MAA,Akasa,AK224,2026-08-27,2026-08-12,T+15,Economy,4423.0,349,175,291,582,5820.0,Available,Airline Site,Valid,
1919,13,DEL-MAA,Akasa,AK879,2026-08-27,2026-08-20,T+7,Economy,5237.0,413,207,344,689,6890.0,Available,OTA,Valid,
1920,13,DEL-MAA,Akasa,AK435,2026-08-27,2026-08-26,T+1,Economy,4971.0,392,196,327,654,6540.0,Available,Airline Site,Valid,
1921,13,BOM-MAA,IndiGo,IN194,2026-08-27,2026-07-13,T+45,Economy,4287.0,338,169,282,564,5640.0,Available,OTA,Valid,
1922,13,BOM-MAA,IndiGo,IN546,2026-08-27,2026-07-28,T+30,Economy,5875.0,464,232,386,773,7730.0,Available,OTA,Valid,
1923,13,BOM-MAA,IndiGo,IN302,2026-08-27,2026-08-12,T+15,Economy,7783.0,614,307,512,1024,10240.0,Available,OTA,Valid,
1924,13,BOM-MAA,IndiGo,IN912,2026-08-27,2026-08-20,T+7,Economy,8717.0,688,344,574,1147,11470.0,Available,OTA,Valid,
1925,13,BOM-MAA,IndiGo,IN839,2026-08-27,2026-08-26,T+1,Economy,7851.0,620,310,516,1033,10330.0,Available,OTA,Valid,
1926,13,BOM-MAA,Air India,AI737,2026-08-27,2026-07-13,T+45,Economy,3967.0,313,157,261,522,5220.0,Available,OTA,Valid,
1927,13,BOM-MAA,Air India,AI482,2026-08-27,2026-07-28,T+30,Economy,5229.0,413,206,344,688,6880.0,Available,Airline Site,Valid,
1928,13,BOM-MAA,Air India,AI623,2026-08-27,2026-08-12,T+15,Economy,6703.0,529,265,441,882,8820.0,Available,OTA,Valid,
1929,13,BOM-MAA,Air India,AI760,2026-08-27,2026-08-20,T+7,Economy,7136.0,563,282,470,939,9390.0,Available,OTA,Valid,
1930,13,BOM-MAA,Air India,AI928,2026-08-27,2026-08-26,T+1,Economy,7517.0,593,297,494,989,9890.0,Available,Airline Site,Valid,
1931,13,BOM-MAA,Akasa,AK480,2026-08-27,2026-07-13,T+45,Economy,3876.0,306,153,255,510,5100.0,Available,OTA,Valid,
1932,13,BOM-MAA,Akasa,AK111,2026-08-27,2026-07-28,T+30,Economy,4886.0,386,193,322,643,6430.0,Available,Airline Site,Valid,
1933,13,BOM-MAA,Akasa,AK338,2026-08-27,2026-08-12,T+15,Economy,6597.0,521,260,434,868,8680.0,Available,OTA,Valid,
1934,13,BOM-MAA,Akasa,AK322,2026-08-27,2026-08-20,T+7,Economy,6771.0,535,267,446,891,8910.0,Available,OTA,Valid,
1935,13,BOM-MAA,Akasa,AK926,2026-08-27,2026-08-26,T+1,Economy,8405.0,664,332,553,1106,11060.0,Available,Airline Site,Valid,
1936,13,CCU-BLR,IndiGo,IN932,2026-08-27,2026-07-13,T+45,Economy,2546.0,201,100,168,335,3350.0,Available,Airline Site,Valid,
1937,13,CCU-BLR,IndiGo,IN147,2026-08-27,2026-07-28,T+30,Economy,3253.0,257,128,214,428,4280.0,Available,OTA,Valid,
1938,13,CCU-BLR,IndiGo,IN715,2026-08-27,2026-08-12,T+15,Economy,4005.0,316,158,264,527,5270.0,Available,OTA,Valid,
1939,13,CCU-BLR,IndiGo,IN118,2026-08-27,2026-08-20,T+7,Economy,4400.0,347,174,290,579,5790.0,Available,Airline Site,Valid,
1940,13,CCU-BLR,IndiGo,IN961,2026-08-27,2026-08-26,T+1,Economy,5616.0,443,222,370,739,7390.0,Available,Airline Site,Valid,
1941,13,CCU-BLR,Air India,AI760,2026-08-27,2026-07-13,T+45,Economy,2599.0,205,103,171,342,3420.0,Sold Out,OTA,Flagged,Sold out at collection time
1942,13,CCU-BLR,Air India,AI840,2026-08-27,2026-07-28,T+30,Economy,3488.0,275,138,230,459,4590.0,Available,OTA,Valid,
1943,13,CCU-BLR,Air India,AI669,2026-08-27,2026-08-12,T+15,Economy,4743.0,374,187,312,624,6240.0,Available,OTA,Valid,
1944,13,CCU-BLR,Air India,AI813,2026-08-27,2026-08-20,T+7,Economy,5137.0,406,203,338,676,6760.0,Available,OTA,Valid,
1945,13,CCU-BLR,Air India,AI224,2026-08-27,2026-08-26,T+1,Economy,6042.0,477,238,398,795,7950.0,Available,Airline Site,Valid,
1946,13,CCU-BLR,Akasa,AK207,2026-08-27,2026-07-13,T+45,Economy,2189.0,173,86,144,288,2880.0,Available,OTA,Valid,
1947,13,CCU-BLR,Akasa,AK841,2026-08-27,2026-07-28,T+30,Economy,2866.0,226,113,188,377,3770.0,Available,OTA,Valid,
1948,13,CCU-BLR,Akasa,AK105,2026-08-27,2026-08-12,T+15,Economy,4073.0,322,161,268,536,5360.0,Available,Airline Site,Valid,
1949,13,CCU-BLR,Akasa,AK213,2026-08-27,2026-08-20,T+7,Economy,4089.0,323,161,269,538,5380.0,Sold Out,OTA,Flagged,Sold out at collection time
1950,13,CCU-BLR,Akasa,AK727,2026-08-27,2026-08-26,T+1,Economy,4059.0,320,160,267,534,5340.0,Available,OTA,Valid,
1951,14,DEL-BOM,IndiGo,IN229,2026-08-28,2026-07-14,T+45,Economy,4043.0,319,160,266,532,5320.0,Available,Airline Site,Valid,
1952,14,DEL-BOM,IndiGo,IN523,2026-08-28,2026-07-29,T+30,Economy,5768.0,455,228,380,759,7590.0,Available,Airline Site,Valid,
1953,14,DEL-BOM,IndiGo,IN589,2026-08-28,2026-08-13,T+15,Economy,6802.0,537,268,448,895,8950.0,Available,OTA,Valid,
1954,14,DEL-BOM,IndiGo,IN331,2026-08-28,2026-08-21,T+7,Economy,7433.0,587,293,489,978,9780.0,Available,OTA,Valid,
1955,14,DEL-BOM,IndiGo,IN955,2026-08-28,2026-08-27,T+1,Economy,8550.0,675,338,562,1125,11250.0,Available,Airline Site,Valid,
1956,14,DEL-BOM,Air India,AI317,2026-08-28,2026-07-14,T+45,Economy,4491.0,355,177,296,591,5910.0,Sold Out,Airline Site,Flagged,Sold out at collection time
1957,14,DEL-BOM,Air India,AI599,2026-08-28,2026-07-29,T+30,Economy,6004.0,474,237,395,790,7900.0,Available,Airline Site,Valid,
1958,14,DEL-BOM,Air India,AI626,2026-08-28,2026-08-13,T+15,Economy,8239.0,650,325,542,1084,10840.0,Available,OTA,Valid,
1959,14,DEL-BOM,Air India,AI968,2026-08-28,2026-08-21,T+7,Economy,8960.0,707,354,590,1179,11790.0,Available,Airline Site,Valid,
1960,14,DEL-BOM,Air India,AI563,2026-08-28,2026-08-27,T+1,Economy,8421.0,665,332,554,1108,11080.0,Available,Airline Site,Valid,
1961,14,DEL-BOM,Akasa,AK268,2026-08-28,2026-07-14,T+45,Economy,4507.0,356,178,296,593,5930.0,Available,Airline Site,Valid,
1962,14,DEL-BOM,Akasa,AK862,2026-08-28,2026-07-29,T+30,Economy,6027.0,476,238,396,793,7930.0,Available,Airline Site,Valid,
1963,14,DEL-BOM,Akasa,AK129,2026-08-28,2026-08-13,T+15,Economy,8208.0,648,324,540,1080,10800.0,Available,OTA,Valid,
1964,14,DEL-BOM,Akasa,AK663,2026-08-28,2026-08-21,T+7,Economy,8139.0,643,321,536,1071,10710.0,Available,OTA,Valid,
1965,14,DEL-BOM,Akasa,AK541,2026-08-28,2026-08-27,T+1,Economy,8557.0,676,338,563,1126,11260.0,Available,Airline Site,Valid,
1966,14,DEL-BLR,IndiGo,IN532,2026-08-28,2026-07-14,T+45,Economy,2349.0,185,93,154,309,3090.0,Available,Airline Site,Valid,
1967,14,DEL-BLR,IndiGo,IN642,2026-08-28,2026-07-29,T+30,Economy,3177.0,251,125,209,418,4180.0,Available,OTA,Valid,
1968,14,DEL-BLR,IndiGo,IN354,2026-08-28,2026-08-13,T+15,Economy,3617.0,286,143,238,476,4760.0,Available,Airline Site,Valid,
1969,14,DEL-BLR,IndiGo,IN689,2026-08-28,2026-08-21,T+7,Economy,4180.0,330,165,275,550,5500.0,Available,Airline Site,Valid,
1970,14,DEL-BLR,IndiGo,IN735,2026-08-28,2026-08-27,T+1,Economy,4765.0,376,188,314,627,6270.0,Available,OTA,Valid,
1971,14,DEL-BLR,Air India,AI808,2026-08-28,2026-07-14,T+45,Economy,2410.0,190,95,158,317,3170.0,Available,Airline Site,Valid,
1972,14,DEL-BLR,Air India,AI752,2026-08-28,2026-07-29,T+30,Economy,3025.0,239,119,199,398,3980.0,Available,OTA,Valid,
1973,14,DEL-BLR,Air India,AI615,2026-08-28,2026-08-13,T+15,Economy,4126.0,326,163,272,543,5430.0,Available,OTA,Valid,
1974,14,DEL-BLR,Air India,AI804,2026-08-28,2026-08-21,T+7,Economy,4826.0,381,190,318,635,6350.0,Available,OTA,Valid,
1975,14,DEL-BLR,Air India,AI440,2026-08-28,2026-08-27,T+1,Economy,4925.0,389,194,324,648,6480.0,Available,Airline Site,Valid,
1976,14,DEL-BLR,Akasa,AK121,2026-08-28,2026-07-14,T+45,Economy,2637.0,208,104,174,347,3470.0,Available,OTA,Valid,
1977,14,DEL-BLR,Akasa,AK878,2026-08-28,2026-07-29,T+30,Economy,3670.0,290,145,242,483,4830.0,Available,OTA,Valid,
1978,14,DEL-BLR,Akasa,AK600,2026-08-28,2026-08-13,T+15,Economy,4940.0,390,195,325,650,6500.0,Available,OTA,Valid,
1979,14,DEL-BLR,Akasa,AK680,2026-08-28,2026-08-21,T+7,Economy,4643.0,367,183,306,611,6110.0,Available,OTA,Valid,
1980,14,DEL-BLR,Akasa,AK271,2026-08-28,2026-08-27,T+1,Economy,5814.0,459,230,382,765,7650.0,Available,Airline Site,Valid,
1981,14,BOM-BLR,IndiGo,IN459,2026-08-28,2026-07-14,T+45,Economy,2302.0,182,91,152,303,3030.0,Available,OTA,Valid,
1982,14,BOM-BLR,IndiGo,IN569,2026-08-28,2026-07-29,T+30,Economy,3123.0,247,123,206,411,4110.0,Sold Out,OTA,Flagged,Sold out at collection time
1983,14,BOM-BLR,IndiGo,IN630,2026-08-28,2026-08-13,T+15,Economy,3724.0,294,147,245,490,4900.0,Available,OTA,Valid,
1984,14,BOM-BLR,IndiGo,IN845,2026-08-28,2026-08-21,T+7,Economy,4013.0,317,158,264,528,5280.0,Available,Airline Site,Valid,
1985,14,BOM-BLR,IndiGo,IN775,2026-08-28,2026-08-27,T+1,Economy,5320.0,420,210,350,700,7000.0,Available,OTA,Valid,
1986,14,BOM-BLR,Air India,AI541,2026-08-28,2026-07-14,T+45,Economy,2204.0,174,87,145,290,2900.0,Available,Airline Site,Valid,
1987,14,BOM-BLR,Air India,AI754,2026-08-28,2026-07-29,T+30,Economy,2903.0,229,115,191,382,3820.0,Available,OTA,Valid,
1988,14,BOM-BLR,Air India,AI560,2026-08-28,2026-08-13,T+15,Economy,4013.0,317,158,264,528,5280.0,Available,Airline Site,Valid,
1989,14,BOM-BLR,Air India,AI439,2026-08-28,2026-08-21,T+7,Economy,3930.0,310,155,258,517,5170.0,Available,OTA,Valid,
1990,14,BOM-BLR,Air India,AI295,2026-08-28,2026-08-27,T+1,Economy,4811.0,380,190,316,633,6330.0,Sold Out,OTA,Flagged,Sold out at collection time
1991,14,BOM-BLR,Akasa,AK680,2026-08-28,2026-07-14,T+45,Economy,2356.0,186,93,155,310,3100.0,Available,OTA,Valid,
1992,14,BOM-BLR,Akasa,AK610,2026-08-28,2026-07-29,T+30,Economy,3131.0,247,124,206,412,4120.0,Available,Airline Site,Valid,
1993,14,BOM-BLR,Akasa,AK396,2026-08-28,2026-08-13,T+15,Economy,3831.0,302,151,252,504,5040.0,Available,Airline Site,Valid,
1994,14,BOM-BLR,Akasa,AK918,2026-08-28,2026-08-21,T+7,Economy,4126.0,326,163,272,543,5430.0,Available,OTA,Valid,
1995,14,BOM-BLR,Akasa,AK707,2026-08-28,2026-08-27,T+1,Economy,4119.0,325,163,271,542,5420.0,Available,OTA,Valid,
1996,14,DEL-CCU,IndiGo,IN357,2026-08-28,2026-07-14,T+45,Economy,2873.0,227,113,189,378,3780.0,Available,OTA,Valid,
1997,14,DEL-CCU,IndiGo,IN887,2026-08-28,2026-07-29,T+30,Economy,4135.0,326,163,272,544,5440.0,Available,Airline Site,Valid,
1998,14,DEL-CCU,IndiGo,IN850,2026-08-28,2026-08-13,T+15,Economy,5130.0,405,202,338,675,6750.0,Available,Airline Site,Valid,
1999,14,DEL-CCU,IndiGo,IN463,2026-08-28,2026-08-21,T+7,Economy,5168.0,408,204,340,680,6800.0,Available,OTA,Valid,
2000,14,DEL-CCU,IndiGo,IN200,2026-08-28,2026-08-27,T+1,Economy,6049.0,478,239,398,796,7960.0,Available,OTA,Valid,
2001,14,DEL-CCU,Air India,AI996,2026-08-28,2026-07-14,T+45,Economy,3048.0,241,120,200,401,4010.0,Available,Airline Site,Valid,
2002,14,DEL-CCU,Air India,AI238,2026-08-28,2026-07-29,T+30,Economy,4142.0,327,164,272,545,5450.0,Available,Airline Site,Valid,
2003,14,DEL-CCU,Air India,AI680,2026-08-28,2026-08-13,T+15,Economy,4872.0,385,192,320,641,6410.0,Available,OTA,Valid,
2004,14,DEL-CCU,Air India,AI996,2026-08-28,2026-08-21,T+7,Economy,5784.0,457,228,380,761,7610.0,Available,Airline Site,Valid,
2005,14,DEL-CCU,Air India,AI420,2026-08-28,2026-08-27,T+1,Economy,5632.0,445,222,370,741,7410.0,Available,OTA,Valid,
2006,14,DEL-CCU,Akasa,AK520,2026-08-28,2026-07-14,T+45,Economy,2964.0,234,117,195,390,3900.0,Available,Airline Site,Valid,
2007,14,DEL-CCU,Akasa,AK873,2026-08-28,2026-07-29,T+30,Economy,4234.0,334,167,278,557,5570.0,Available,OTA,Valid,
2008,14,DEL-CCU,Akasa,AK482,2026-08-28,2026-08-13,T+15,Economy,5381.0,425,212,354,708,7080.0,Available,OTA,Valid,
2009,14,DEL-CCU,Akasa,AK228,2026-08-28,2026-08-21,T+7,Economy,5168.0,408,204,340,680,6800.0,Available,Airline Site,Valid,
2010,14,DEL-CCU,Akasa,AK630,2026-08-28,2026-08-27,T+1,Economy,6080.0,480,240,400,800,8000.0,Available,Airline Site,Valid,
2011,14,DEL-HYD,IndiGo,IN708,2026-08-28,2026-07-14,T+45,Economy,2835.0,224,112,186,373,3730.0,Available,OTA,Valid,
2012,14,DEL-HYD,IndiGo,IN985,2026-08-28,2026-07-29,T+30,Economy,3990.0,315,158,262,525,5250.0,Available,Airline Site,Valid,
2013,14,DEL-HYD,IndiGo,IN675,2026-08-28,2026-08-13,T+15,Economy,5130.0,405,202,338,675,6750.0,Available,OTA,Valid,
2014,14,DEL-HYD,IndiGo,IN755,2026-08-28,2026-08-21,T+7,Economy,5146.0,406,203,338,677,6770.0,Available,OTA,Valid,
2015,14,DEL-HYD,IndiGo,IN106,2026-08-28,2026-08-27,T+1,Economy,6141.0,485,242,404,808,8080.0,Available,Airline Site,Valid,
2016,14,DEL-HYD,Air India,AI223,2026-08-28,2026-07-14,T+45,Economy,2827.0,223,112,186,372,3720.0,Available,Airline Site,Valid,
2017,14,DEL-HYD,Air India,AI952,2026-08-28,2026-07-29,T+30,Economy,3648.0,288,144,240,480,4800.0,Available,OTA,Valid,
2018,14,DEL-HYD,Air India,AI514,2026-08-28,2026-08-13,T+15,Economy,4256.0,336,168,280,560,5600.0,Available,Airline Site,Valid,
2019,14,DEL-HYD,Air India,AI659,2026-08-28,2026-08-21,T+7,Economy,5791.0,457,229,381,762,7620.0,Available,OTA,Valid,
2020,14,DEL-HYD,Air India,AI542,2026-08-28,2026-08-27,T+1,Economy,6224.0,491,246,410,819,8190.0,Available,Airline Site,Valid,
2021,14,DEL-HYD,Akasa,AK274,2026-08-28,2026-07-14,T+45,Economy,2873.0,227,113,189,378,3780.0,Available,Airline Site,Valid,
2022,14,DEL-HYD,Akasa,AK783,2026-08-28,2026-07-29,T+30,Economy,3785.0,299,149,249,498,4980.0,Available,OTA,Valid,
2023,14,DEL-HYD,Akasa,AK495,2026-08-28,2026-08-13,T+15,Economy,4651.0,367,184,306,612,6120.0,Available,Airline Site,Valid,
2024,14,DEL-HYD,Akasa,AK251,2026-08-28,2026-08-21,T+7,Economy,5434.0,429,214,358,715,7150.0,Sold Out,OTA,Flagged,Sold out at collection time
2025,14,DEL-HYD,Akasa,AK694,2026-08-28,2026-08-27,T+1,Economy,5213.0,412,206,343,686,6860.0,Available,OTA,Valid,
2026,14,BOM-HYD,IndiGo,IN840,2026-08-28,2026-07-14,T+45,Economy,3177.0,251,125,209,418,4180.0,Available,Airline Site,Valid,
2027,14,BOM-HYD,IndiGo,IN976,2026-08-28,2026-07-29,T+30,Economy,4515.0,356,178,297,594,5940.0,Available,Airline Site,Valid,
2028,14,BOM-HYD,IndiGo,IN499,2026-08-28,2026-08-13,T+15,Economy,5320.0,420,210,350,700,7000.0,Available,Airline Site,Valid,
2029,14,BOM-HYD,IndiGo,IN836,2026-08-28,2026-08-21,T+7,Economy,6163.0,487,243,406,811,8110.0,Available,OTA,Valid,
2030,14,BOM-HYD,IndiGo,IN385,2026-08-28,2026-08-27,T+1,Economy,6909.0,545,273,454,909,9090.0,Available,OTA,Valid,
2031,14,BOM-HYD,Air India,AI595,2026-08-28,2026-07-14,T+45,Economy,3261.0,257,129,214,429,4290.0,Available,OTA,Valid,
2032,14,BOM-HYD,Air India,AI825,2026-08-28,2026-07-29,T+30,Economy,4287.0,338,169,282,564,5640.0,Available,OTA,Valid,
2033,14,BOM-HYD,Air India,AI694,2026-08-28,2026-08-13,T+15,Economy,4985.0,394,197,328,656,6560.0,Available,OTA,Valid,
2034,14,BOM-HYD,Air India,AI850,2026-08-28,2026-08-21,T+7,Economy,5289.0,418,209,348,696,6960.0,Available,Airline Site,Valid,
2035,14,BOM-HYD,Air India,AI795,2026-08-28,2026-08-27,T+1,Economy,6733.0,532,266,443,886,8860.0,Available,Airline Site,Valid,
2036,14,BOM-HYD,Akasa,AK342,2026-08-28,2026-07-14,T+45,Economy,3275.0,259,129,216,431,4310.0,Available,Airline Site,Valid,
2037,14,BOM-HYD,Akasa,AK530,2026-08-28,2026-07-29,T+30,Economy,4446.0,351,176,292,585,5850.0,Available,Airline Site,Valid,
2038,14,BOM-HYD,Akasa,AK967,2026-08-28,2026-08-13,T+15,Economy,5480.0,433,216,360,721,7210.0,Available,OTA,Valid,
2039,14,BOM-HYD,Akasa,AK960,2026-08-28,2026-08-21,T+7,Economy,6491.0,512,256,427,854,8540.0,Sold Out,Airline Site,Flagged,Sold out at collection time
2040,14,BOM-HYD,Akasa,AK486,2026-08-28,2026-08-27,T+1,Economy,6331.0,500,250,416,833,8330.0,Available,Airline Site,Valid,
2041,14,BLR-HYD,IndiGo,IN859,2026-08-28,2026-07-14,T+45,Economy,2683.0,212,106,176,353,3530.0,Available,Airline Site,Valid,
2042,14,BLR-HYD,IndiGo,IN784,2026-08-28,2026-07-29,T+30,Economy,3397.0,268,134,224,447,4470.0,Available,Airline Site,Valid,
2043,14,BLR-HYD,IndiGo,IN468,2026-08-28,2026-08-13,T+15,Economy,5038.0,398,199,332,663,6630.0,Available,Airline Site,Valid,
2044,14,BLR-HYD,IndiGo,IN845,2026-08-28,2026-08-21,T+7,Economy,5016.0,396,198,330,660,6600.0,Available,OTA,Valid,
2045,14,BLR-HYD,IndiGo,IN947,2026-08-28,2026-08-27,T+1,Economy,5031.0,397,199,331,662,6620.0,Available,OTA,Valid,
2046,14,BLR-HYD,Air India,AI920,2026-08-28,2026-07-14,T+45,Economy,2714.0,214,107,178,357,3570.0,Available,OTA,Valid,
2047,14,BLR-HYD,Air India,AI682,2026-08-28,2026-07-29,T+30,Economy,3724.0,294,147,245,490,4900.0,Available,OTA,Valid,
2048,14,BLR-HYD,Air India,AI152,2026-08-28,2026-08-13,T+15,Economy,4165.0,329,164,274,548,5480.0,Available,OTA,Valid,
2049,14,BLR-HYD,Air India,AI396,2026-08-28,2026-08-21,T+7,Economy,4560.0,360,180,300,600,6000.0,Available,OTA,Valid,
2050,14,BLR-HYD,Air India,AI993,2026-08-28,2026-08-27,T+1,Economy,5199.0,410,205,342,684,6840.0,Available,OTA,Valid,
2051,14,BLR-HYD,Akasa,AK725,2026-08-28,2026-07-14,T+45,Economy,2562.0,202,101,168,337,3370.0,Available,OTA,Valid,
2052,14,BLR-HYD,Akasa,AK213,2026-08-28,2026-07-29,T+30,Economy,3443.0,272,136,226,453,4530.0,Available,OTA,Valid,
2053,14,BLR-HYD,Akasa,AK531,2026-08-28,2026-08-13,T+15,Economy,4264.0,337,168,280,561,5610.0,Available,OTA,Valid,
2054,14,BLR-HYD,Akasa,AK309,2026-08-28,2026-08-21,T+7,Economy,5001.0,395,197,329,658,6580.0,Available,OTA,Valid,
2055,14,BLR-HYD,Akasa,AK999,2026-08-28,2026-08-27,T+1,Economy,5655.0,446,223,372,744,7440.0,Available,OTA,Valid,
2056,14,DEL-MAA,IndiGo,IN883,2026-08-28,2026-07-14,T+45,Economy,2866.0,226,113,188,377,3770.0,Available,OTA,Valid,
2057,14,DEL-MAA,IndiGo,IN712,2026-08-28,2026-07-29,T+30,Economy,4157.0,328,164,274,547,5470.0,Available,Airline Site,Valid,
2058,14,DEL-MAA,IndiGo,IN232,2026-08-28,2026-08-13,T+15,Economy,5176.0,409,204,340,681,6810.0,Available,Airline Site,Valid,
2059,14,DEL-MAA,IndiGo,IN330,2026-08-28,2026-08-21,T+7,Economy,4864.0,384,192,320,640,6400.0,Available,OTA,Valid,
2060,14,DEL-MAA,IndiGo,IN997,2026-08-28,2026-08-27,T+1,Economy,5807.0,458,229,382,764,7640.0,Available,Airline Site,Valid,
2061,14,DEL-MAA,Air India,AI300,2026-08-28,2026-07-14,T+45,Economy,2873.0,227,113,189,378,3780.0,Available,OTA,Valid,
2062,14,DEL-MAA,Air India,AI665,2026-08-28,2026-07-29,T+30,Economy,3952.0,312,156,260,520,5200.0,Available,OTA,Valid,
2063,14,DEL-MAA,Air India,AI540,2026-08-28,2026-08-13,T+15,Economy,5107.0,403,202,336,672,6720.0,Available,Airline Site,Valid,
2064,14,DEL-MAA,Air India,AI730,2026-08-28,2026-08-21,T+7,Economy,4757.0,376,188,313,626,6260.0,Available,OTA,Valid,
2065,14,DEL-MAA,Air India,AI159,2026-08-28,2026-08-27,T+1,Economy,5464.0,431,216,360,719,7190.0,Available,Airline Site,Valid,
2066,14,DEL-MAA,Akasa,AK927,2026-08-28,2026-07-14,T+45,Economy,2691.0,212,106,177,354,3540.0,Available,Airline Site,Valid,
2067,14,DEL-MAA,Akasa,AK837,2026-08-28,2026-07-29,T+30,Economy,3679.0,290,145,242,484,4840.0,Available,Airline Site,Valid,
2068,14,DEL-MAA,Akasa,AK284,2026-08-28,2026-08-13,T+15,Economy,4035.0,319,159,266,531,5310.0,Available,OTA,Valid,
2069,14,DEL-MAA,Akasa,AK350,2026-08-28,2026-08-21,T+7,Economy,4872.0,385,192,320,641,6410.0,Available,Airline Site,Valid,
2070,14,DEL-MAA,Akasa,AK225,2026-08-28,2026-08-27,T+1,Economy,5494.0,434,217,362,723,7230.0,Available,Airline Site,Valid,
2071,14,BOM-MAA,IndiGo,IN465,2026-08-28,2026-07-14,T+45,Economy,4021.0,317,159,264,529,5290.0,Available,Airline Site,Valid,
2072,14,BOM-MAA,IndiGo,IN475,2026-08-28,2026-07-29,T+30,Economy,5259.0,415,208,346,692,6920.0,Available,OTA,Valid,
2073,14,BOM-MAA,IndiGo,IN373,2026-08-28,2026-08-13,T+15,Economy,7122.0,562,281,468,937,9370.0,Available,Airline Site,Valid,
2074,14,BOM-MAA,IndiGo,IN822,2026-08-28,2026-08-21,T+7,Economy,6901.0,545,272,454,908,9080.0,Available,OTA,Valid,
2075,14,BOM-MAA,IndiGo,IN240,2026-08-28,2026-08-27,T+1,Economy,7479.0,590,295,492,984,9840.0,Available,Airline Site,Valid,
2076,14,BOM-MAA,Air India,AI842,2026-08-28,2026-07-14,T+45,Economy,3701.0,292,146,244,487,4870.0,Available,Airline Site,Valid,
2077,14,BOM-MAA,Air India,AI550,2026-08-28,2026-07-29,T+30,Economy,4743.0,374,187,312,624,6240.0,Available,OTA,Valid,
2078,14,BOM-MAA,Air India,AI956,2026-08-28,2026-08-13,T+15,Economy,6802.0,537,268,448,895,8950.0,Sold Out,OTA,Flagged,Sold out at collection time
2079,14,BOM-MAA,Air India,AI186,2026-08-28,2026-08-21,T+7,Economy,7189.0,568,284,473,946,9460.0,Available,OTA,Valid,
2080,14,BOM-MAA,Air India,AI493,2026-08-28,2026-08-27,T+1,Economy,7828.0,618,309,515,1030,10300.0,Available,Airline Site,Valid,
2081,14,BOM-MAA,Akasa,AK153,2026-08-28,2026-07-14,T+45,Economy,3693.0,292,146,243,486,4860.0,Available,Airline Site,Valid,
2082,14,BOM-MAA,Akasa,AK126,2026-08-28,2026-07-29,T+30,Economy,4985.0,394,197,328,656,6560.0,Available,OTA,Valid,
2083,14,BOM-MAA,Akasa,AK929,2026-08-28,2026-08-13,T+15,Economy,6992.0,552,276,460,920,9200.0,Available,Airline Site,Valid,
2084,14,BOM-MAA,Akasa,AK949,2026-08-28,2026-08-21,T+7,Economy,7327.0,578,289,482,964,9640.0,Available,OTA,Valid,
2085,14,BOM-MAA,Akasa,AK870,2026-08-28,2026-08-27,T+1,Economy,8230.0,650,325,542,1083,10830.0,Available,Airline Site,Valid,
2086,14,CCU-BLR,IndiGo,IN647,2026-08-28,2026-07-14,T+45,Economy,2667.0,211,105,176,351,3510.0,Available,OTA,Valid,
2087,14,CCU-BLR,IndiGo,IN863,2026-08-28,2026-07-29,T+30,Economy,3474.0,274,137,228,457,4570.0,Available,Airline Site,Valid,
2088,14,CCU-BLR,IndiGo,IN918,2026-08-28,2026-08-13,T+15,Economy,4142.0,327,164,272,545,5450.0,Available,OTA,Valid,
2089,14,CCU-BLR,IndiGo,IN655,2026-08-28,2026-08-21,T+7,Economy,4560.0,360,180,300,600,6000.0,Available,OTA,Valid,
2090,14,CCU-BLR,IndiGo,IN375,2026-08-28,2026-08-27,T+1,Economy,4803.0,379,190,316,632,6320.0,Available,Airline Site,Valid,
2091,14,CCU-BLR,Air India,AI370,2026-08-28,2026-07-14,T+45,Economy,2272.0,179,90,150,299,2990.0,Available,OTA,Valid,
2092,14,CCU-BLR,Air India,AI577,2026-08-28,2026-07-29,T+30,Economy,3078.0,243,122,202,405,4050.0,Sold Out,OTA,Flagged,Sold out at collection time
2093,14,CCU-BLR,Air India,AI323,2026-08-28,2026-08-13,T+15,Economy,3974.0,314,157,262,523,5230.0,Available,Airline Site,Valid,
2094,14,CCU-BLR,Air India,AI421,2026-08-28,2026-08-21,T+7,Economy,4149.0,328,164,273,546,5460.0,Available,OTA,Valid,
2095,14,CCU-BLR,Air India,AI382,2026-08-28,2026-08-27,T+1,Economy,4370.0,345,172,288,575,5750.0,Available,OTA,Valid,
2096,14,CCU-BLR,Akasa,AK732,2026-08-28,2026-07-14,T+45,Economy,2258.0,178,89,148,297,2970.0,Available,Airline Site,Valid,
2097,14,CCU-BLR,Akasa,AK800,2026-08-28,2026-07-29,T+30,Economy,2880.0,227,114,190,379,3790.0,Available,OTA,Valid,
2098,14,CCU-BLR,Akasa,AK834,2026-08-28,2026-08-13,T+15,Economy,3869.0,305,153,254,509,5090.0,Available,OTA,Valid,
2099,14,CCU-BLR,Akasa,AK965,2026-08-28,2026-08-21,T+7,Economy,4667.0,368,184,307,614,6140.0,Available,OTA,Valid,
2100,14,CCU-BLR,Akasa,AK340,2026-08-28,2026-08-27,T+1,Economy,4582.0,362,181,302,603,6030.0,Available,Airline Site,Valid,
2101,15,DEL-BOM,IndiGo,IN684,2026-08-29,2026-07-15,T+45,Economy,3944.0,311,156,260,519,5190.0,Available,OTA,Valid,
2102,15,DEL-BOM,IndiGo,IN389,2026-08-29,2026-07-30,T+30,Economy,5115.0,404,202,336,673,6730.0,Available,OTA,Valid,
2103,15,DEL-BOM,IndiGo,IN517,2026-08-29,2026-08-14,T+15,Economy,6916.0,546,273,455,910,9100.0,Available,OTA,Valid,
2104,15,DEL-BOM,IndiGo,IN736,2026-08-29,2026-08-22,T+7,Economy,7744.0,611,306,510,1019,10190.0,Sold Out,OTA,Flagged,Sold out at collection time
2105,15,DEL-BOM,IndiGo,IN705,2026-08-29,2026-08-28,T+1,Economy,7440.0,587,294,490,979,9790.0,Sold Out,Airline Site,Flagged,Sold out at collection time
2106,15,DEL-BOM,Air India,AI620,2026-08-29,2026-07-15,T+45,Economy,4690.0,370,185,308,617,6170.0,Available,OTA,Valid,
2107,15,DEL-BOM,Air India,AI696,2026-08-29,2026-07-30,T+30,Economy,6514.0,514,257,428,857,8570.0,Sold Out,Airline Site,Flagged,Sold out at collection time
2108,15,DEL-BOM,Air India,AI180,2026-08-29,2026-08-14,T+15,Economy,7889.0,623,311,519,1038,10380.0,Available,Airline Site,Valid,
2109,15,DEL-BOM,Air India,AI745,2026-08-29,2026-08-22,T+7,Economy,9089.0,718,359,598,1196,11960.0,Available,OTA,Valid,
2110,15,DEL-BOM,Air India,AI999,2026-08-29,2026-08-28,T+1,Economy,9219.0,728,364,606,1213,12130.0,Available,Airline Site,Valid,
2111,15,DEL-BOM,Akasa,AK424,2026-08-29,2026-07-15,T+45,Economy,4446.0,351,176,292,585,5850.0,Available,OTA,Valid,
2112,15,DEL-BOM,Akasa,AK918,2026-08-29,2026-07-30,T+30,Economy,6232.0,492,246,410,820,8200.0,Available,OTA,Valid,
2113,15,DEL-BOM,Akasa,AK218,2026-08-29,2026-08-14,T+15,Economy,7068.0,558,279,465,930,9300.0,Available,OTA,Valid,
2114,15,DEL-BOM,Akasa,AK470,2026-08-29,2026-08-22,T+7,Economy,9013.0,712,356,593,1186,11860.0,Available,Airline Site,Valid,
2115,15,DEL-BOM,Akasa,AK719,2026-08-29,2026-08-28,T+1,Economy,9994.0,789,394,658,1315,13150.0,Available,OTA,Valid,
2116,15,DEL-BLR,IndiGo,IN350,2026-08-29,2026-07-15,T+45,Economy,2637.0,208,104,174,347,3470.0,Available,OTA,Valid,
2117,15,DEL-BLR,IndiGo,IN720,2026-08-29,2026-07-30,T+30,Economy,3579.0,283,141,236,471,4710.0,Available,OTA,Valid,
2118,15,DEL-BLR,IndiGo,IN518,2026-08-29,2026-08-14,T+15,Economy,4142.0,327,164,272,545,5450.0,Available,Airline Site,Valid,
2119,15,DEL-BLR,IndiGo,IN891,2026-08-29,2026-08-22,T+7,Economy,4978.0,393,196,328,655,6550.0,Available,Airline Site,Valid,
2120,15,DEL-BLR,IndiGo,IN223,2026-08-29,2026-08-28,T+1,Economy,5517.0,436,218,363,726,7260.0,Available,OTA,Valid,
2121,15,DEL-BLR,Air India,AI541,2026-08-29,2026-07-15,T+45,Economy,2463.0,194,97,162,324,3240.0,Sold Out,Airline Site,Flagged,Sold out at collection time
2122,15,DEL-BLR,Air India,AI987,2026-08-29,2026-07-30,T+30,Economy,3541.0,280,140,233,466,4660.0,Available,OTA,Valid,
2123,15,DEL-BLR,Air India,AI511,2026-08-29,2026-08-14,T+15,Economy,4605.0,364,182,303,606,6060.0,Available,Airline Site,Valid,
2124,15,DEL-BLR,Air India,AI944,2026-08-29,2026-08-22,T+7,Economy,4886.0,386,193,322,643,6430.0,Available,Airline Site,Valid,
2125,15,DEL-BLR,Air India,AI856,2026-08-29,2026-08-28,T+1,Economy,5586.0,441,220,368,735,7350.0,Available,OTA,Valid,
2126,15,DEL-BLR,Akasa,AK546,2026-08-29,2026-07-15,T+45,Economy,2653.0,209,105,174,349,3490.0,Available,OTA,Valid,
2127,15,DEL-BLR,Akasa,AK841,2026-08-29,2026-07-30,T+30,Economy,3663.0,289,145,241,482,4820.0,Available,Airline Site,Valid,
2128,15,DEL-BLR,Akasa,AK707,2026-08-29,2026-08-14,T+15,Economy,4013.0,317,158,264,528,5280.0,Available,OTA,Valid,
2129,15,DEL-BLR,Akasa,AK620,2026-08-29,2026-08-22,T+7,Economy,4773.0,377,188,314,628,6280.0,Available,OTA,Valid,
2130,15,DEL-BLR,Akasa,AK404,2026-08-29,2026-08-28,T+1,Economy,5715.0,451,226,376,752,7520.0,Available,Airline Site,Valid,
2131,15,BOM-BLR,IndiGo,IN536,2026-08-29,2026-07-15,T+45,Economy,2394.0,189,94,158,315,3150.0,Available,OTA,Valid,
2132,15,BOM-BLR,IndiGo,IN246,2026-08-29,2026-07-30,T+30,Economy,3040.0,240,120,200,400,4000.0,Sold Out,Airline Site,Flagged,Sold out at collection time
2133,15,BOM-BLR,IndiGo,IN730,2026-08-29,2026-08-14,T+15,Economy,3883.0,307,153,256,511,5110.0,Available,OTA,Valid,
2134,15,BOM-BLR,IndiGo,IN380,2026-08-29,2026-08-22,T+7,Economy,4119.0,325,163,271,542,5420.0,Available,Airline Site,Valid,
2135,15,BOM-BLR,IndiGo,IN365,2026-08-29,2026-08-28,T+1,Economy,5137.0,406,203,338,676,6760.0,Available,Airline Site,Valid,
2136,15,BOM-BLR,Air India,AI311,2026-08-29,2026-07-15,T+45,Economy,2311.0,182,91,152,304,3040.0,Available,Airline Site,Valid,
2137,15,BOM-BLR,Air India,AI652,2026-08-29,2026-07-30,T+30,Economy,3071.0,242,121,202,404,4040.0,Available,Airline Site,Valid,
2138,15,BOM-BLR,Air India,AI126,2026-08-29,2026-08-14,T+15,Economy,3693.0,292,146,243,486,4860.0,Available,OTA,Valid,
2139,15,BOM-BLR,Air India,AI849,2026-08-29,2026-08-22,T+7,Economy,4917.0,388,194,324,647,6470.0,Available,Airline Site,Valid,
2140,15,BOM-BLR,Air India,AI212,2026-08-29,2026-08-28,T+1,Economy,5099.0,403,201,336,671,6710.0,Available,Airline Site,Valid,
2141,15,BOM-BLR,Akasa,AK985,2026-08-29,2026-07-15,T+45,Economy,2128.0,168,84,140,280,2800.0,Available,OTA,Valid,
2142,15,BOM-BLR,Akasa,AK462,2026-08-29,2026-07-30,T+30,Economy,2926.0,231,116,192,385,3850.0,Available,Airline Site,Valid,
2143,15,BOM-BLR,Akasa,AK619,2026-08-29,2026-08-14,T+15,Economy,3785.0,299,149,249,498,4980.0,Available,OTA,Valid,
2144,15,BOM-BLR,Akasa,AK895,2026-08-29,2026-08-22,T+7,Economy,4187.0,331,165,276,551,5510.0,Available,OTA,Valid,
2145,15,BOM-BLR,Akasa,AK202,2026-08-29,2026-08-28,T+1,Economy,4651.0,367,184,306,612,6120.0,Available,OTA,Valid,
2146,15,DEL-CCU,IndiGo,IN749,2026-08-29,2026-07-15,T+45,Economy,3048.0,241,120,200,401,4010.0,Available,Airline Site,Valid,
2147,15,DEL-CCU,IndiGo,IN325,2026-08-29,2026-07-30,T+30,Economy,3876.0,306,153,255,510,5100.0,Available,OTA,Valid,
2148,15,DEL-CCU,IndiGo,IN291,2026-08-29,2026-08-14,T+15,Economy,5115.0,404,202,336,673,6730.0,Available,OTA,Valid,
2149,15,DEL-CCU,IndiGo,IN190,2026-08-29,2026-08-22,T+7,Economy,5282.0,417,208,348,695,6950.0,Available,Airline Site,Valid,
2150,15,DEL-CCU,IndiGo,IN671,2026-08-29,2026-08-28,T+1,Economy,5259.0,415,208,346,692,6920.0,Available,Airline Site,Valid,
2151,15,DEL-CCU,Air India,AI746,2026-08-29,2026-07-15,T+45,Economy,2744.0,217,108,180,361,3610.0,Available,OTA,Valid,
2152,15,DEL-CCU,Air India,AI284,2026-08-29,2026-07-30,T+30,Economy,3701.0,292,146,244,487,4870.0,Available,Airline Site,Valid,
2153,15,DEL-CCU,Air India,AI601,2026-08-29,2026-08-14,T+15,Economy,5016.0,396,198,330,660,6600.0,Available,OTA,Valid,
2154,15,DEL-CCU,Air India,AI402,2026-08-29,2026-08-22,T+7,Economy,5259.0,415,208,346,692,6920.0,Available,Airline Site,Valid,
2155,15,DEL-CCU,Air India,AI882,2026-08-29,2026-08-28,T+1,Economy,6277.0,496,248,413,826,8260.0,Available,OTA,Valid,
2156,15,DEL-CCU,Akasa,AK575,2026-08-29,2026-07-15,T+45,Economy,2827.0,223,112,186,372,3720.0,Available,Airline Site,Valid,
2157,15,DEL-CCU,Akasa,AK231,2026-08-29,2026-07-30,T+30,Economy,3808.0,301,150,250,501,5010.0,Available,OTA,Valid,
2158,15,DEL-CCU,Akasa,AK715,2026-08-29,2026-08-14,T+15,Economy,5358.0,423,212,352,705,7050.0,Available,Airline Site,Valid,
2159,15,DEL-CCU,Akasa,AK320,2026-08-29,2026-08-22,T+7,Economy,4811.0,380,190,316,633,6330.0,Available,OTA,Valid,
2160,15,DEL-CCU,Akasa,AK367,2026-08-29,2026-08-28,T+1,Economy,5320.0,420,210,350,700,7000.0,Available,OTA,Valid,
2161,15,DEL-HYD,IndiGo,IN374,2026-08-29,2026-07-15,T+45,Economy,3093.0,244,122,204,407,4070.0,Available,Airline Site,Valid,
2162,15,DEL-HYD,IndiGo,IN415,2026-08-29,2026-07-30,T+30,Economy,4073.0,322,161,268,536,5360.0,Available,Airline Site,Valid,
2163,15,DEL-HYD,IndiGo,IN311,2026-08-29,2026-08-14,T+15,Economy,5099.0,403,201,336,671,6710.0,Available,Airline Site,Valid,
2164,15,DEL-HYD,IndiGo,IN437,2026-08-29,2026-08-22,T+7,Economy,6308.0,498,249,415,830,8300.0,Available,Airline Site,Valid,
2165,15,DEL-HYD,IndiGo,IN488,2026-08-29,2026-08-28,T+1,Economy,6589.0,520,260,434,867,8670.0,Available,OTA,Valid,
2166,15,DEL-HYD,Air India,AI770,2026-08-29,2026-07-15,T+45,Economy,3313.0,262,131,218,436,4360.0,Sold Out,Airline Site,Flagged,Sold out at collection time
2167,15,DEL-HYD,Air India,AI260,2026-08-29,2026-07-30,T+30,Economy,4301.0,340,170,283,566,5660.0,Available,OTA,Valid,
2168,15,DEL-HYD,Air India,AI920,2026-08-29,2026-08-14,T+15,Economy,5906.0,466,233,388,777,7770.0,Available,OTA,Valid,
2169,15,DEL-HYD,Air India,AI850,2026-08-29,2026-08-22,T+7,Economy,5890.0,465,232,388,775,7750.0,Available,Airline Site,Valid,
2170,15,DEL-HYD,Air India,AI639,2026-08-29,2026-08-28,T+1,Economy,5768.0,455,228,380,759,7590.0,Available,OTA,Valid,
2171,15,DEL-HYD,Akasa,AK124,2026-08-29,2026-07-15,T+45,Economy,3184.0,251,126,210,419,4190.0,Available,Airline Site,Valid,
2172,15,DEL-HYD,Akasa,AK932,2026-08-29,2026-07-30,T+30,Economy,4165.0,329,164,274,548,5480.0,Available,OTA,Valid,
2173,15,DEL-HYD,Akasa,AK376,2026-08-29,2026-08-14,T+15,Economy,5160.0,407,204,340,679,6790.0,Available,Airline Site,Valid,
2174,15,DEL-HYD,Akasa,AK880,2026-08-29,2026-08-22,T+7,Economy,5586.0,441,220,368,735,7350.0,Available,Airline Site,Valid,
2175,15,DEL-HYD,Akasa,AK719,2026-08-29,2026-08-28,T+1,Economy,5890.0,465,232,388,775,7750.0,Available,Airline Site,Valid,
2176,15,BOM-HYD,IndiGo,IN419,2026-08-29,2026-07-15,T+45,Economy,3170.0,250,125,208,417,4170.0,Available,OTA,Valid,
2177,15,BOM-HYD,IndiGo,IN380,2026-08-29,2026-07-30,T+30,Economy,4135.0,326,163,272,544,5440.0,Available,Airline Site,Valid,
2178,15,BOM-HYD,IndiGo,IN582,2026-08-29,2026-08-14,T+15,Economy,5153.0,407,203,339,678,6780.0,Available,OTA,Valid,
2179,15,BOM-HYD,IndiGo,IN674,2026-08-29,2026-08-22,T+7,Economy,5548.0,438,219,365,730,7300.0,Available,OTA,Valid,
2180,15,BOM-HYD,IndiGo,IN350,2026-08-29,2026-08-28,T+1,Economy,7014.0,554,277,462,923,9230.0,Available,OTA,Valid,
2181,15,BOM-HYD,Air India,AI831,2026-08-29,2026-07-15,T+45,Economy,3154.0,249,124,208,415,4150.0,Available,Airline Site,Valid,
2182,15,BOM-HYD,Air India,AI889,2026-08-29,2026-07-30,T+30,Economy,4119.0,325,163,271,542,5420.0,Available,OTA,Valid,
2183,15,BOM-HYD,Air India,AI418,2026-08-29,2026-08-14,T+15,Economy,5137.0,406,203,338,676,6760.0,Available,Airline Site,Valid,
2184,15,BOM-HYD,Air India,AI985,2026-08-29,2026-08-22,T+7,Economy,5229.0,413,206,344,688,6880.0,Available,Airline Site,Valid,
2185,15,BOM-HYD,Air India,AI958,2026-08-29,2026-08-28,T+1,Economy,5632.0,445,222,370,741,7410.0,Available,Airline Site,Valid,
2186,15,BOM-HYD,Akasa,AK858,2026-08-29,2026-07-15,T+45,Economy,2705.0,214,107,178,356,3560.0,Available,Airline Site,Valid,
2187,15,BOM-HYD,Akasa,AK713,2026-08-29,2026-07-30,T+30,Economy,3496.0,276,138,230,460,4600.0,Available,Airline Site,Valid,
2188,15,BOM-HYD,Akasa,AK675,2026-08-29,2026-08-14,T+15,Economy,4332.0,342,171,285,570,5700.0,Available,OTA,Valid,
2189,15,BOM-HYD,Akasa,AK429,2026-08-29,2026-08-22,T+7,Economy,4963.0,392,196,326,653,6530.0,Available,OTA,Valid,
2190,15,BOM-HYD,Akasa,AK850,2026-08-29,2026-08-28,T+1,Economy,5646.0,446,223,372,743,7430.0,Available,Airline Site,Valid,
2191,15,BLR-HYD,IndiGo,IN632,2026-08-29,2026-07-15,T+45,Economy,2447.0,193,97,161,322,3220.0,Available,Airline Site,Valid,
2192,15,BLR-HYD,IndiGo,IN216,2026-08-29,2026-07-30,T+30,Economy,3352.0,265,132,220,441,4410.0,Sold Out,OTA,Flagged,Sold out at collection time
2193,15,BLR-HYD,IndiGo,IN637,2026-08-29,2026-08-14,T+15,Economy,4317.0,341,170,284,568,5680.0,Available,OTA,Valid,
2194,15,BLR-HYD,IndiGo,IN545,2026-08-29,2026-08-22,T+7,Economy,4591.0,362,181,302,604,6040.0,Available,OTA,Valid,
2195,15,BLR-HYD,IndiGo,IN480,2026-08-29,2026-08-28,T+1,Economy,5176.0,409,204,340,681,6810.0,Available,Airline Site,Valid,
2196,15,BLR-HYD,Air India,AI728,2026-08-29,2026-07-15,T+45,Economy,2508.0,198,99,165,330,3300.0,Available,OTA,Valid,
2197,15,BLR-HYD,Air India,AI573,2026-08-29,2026-07-30,T+30,Economy,3405.0,269,134,224,448,4480.0,Available,OTA,Valid,
2198,15,BLR-HYD,Air India,AI972,2026-08-29,2026-08-14,T+15,Economy,4773.0,377,188,314,628,6280.0,Available,Airline Site,Valid,
2199,15,BLR-HYD,Air India,AI110,2026-08-29,2026-08-22,T+7,Economy,4947.0,391,195,326,651,6510.0,Available,Airline Site,Valid,
2200,15,BLR-HYD,Air India,AI105,2026-08-29,2026-08-28,T+1,Economy,4621.0,365,182,304,608,6080.0,Available,Airline Site,Valid,
2201,15,BLR-HYD,Akasa,AK196,2026-08-29,2026-07-15,T+45,Economy,2584.0,204,102,170,340,3400.0,Available,OTA,Valid,
2202,15,BLR-HYD,Akasa,AK751,2026-08-29,2026-07-30,T+30,Economy,3443.0,272,136,226,453,4530.0,Available,Airline Site,Valid,
2203,15,BLR-HYD,Akasa,AK297,2026-08-29,2026-08-14,T+15,Economy,4142.0,327,164,272,545,5450.0,Available,OTA,Valid,
2204,15,BLR-HYD,Akasa,AK739,2026-08-29,2026-08-22,T+7,Economy,4917.0,388,194,324,647,6470.0,Available,OTA,Valid,
2205,15,BLR-HYD,Akasa,AK307,2026-08-29,2026-08-28,T+1,Economy,5365.0,424,212,353,706,7060.0,Available,Airline Site,Valid,
2206,15,DEL-MAA,IndiGo,IN229,2026-08-29,2026-07-15,T+45,Economy,2477.0,196,98,163,326,3260.0,Available,OTA,Valid,
2207,15,DEL-MAA,IndiGo,IN706,2026-08-29,2026-07-30,T+30,Economy,3313.0,262,131,218,436,4360.0,Available,OTA,Valid,
2208,15,DEL-MAA,IndiGo,IN337,2026-08-29,2026-08-14,T+15,Economy,3838.0,303,152,252,505,5050.0,Available,Airline Site,Valid,
2209,15,DEL-MAA,IndiGo,IN246,2026-08-29,2026-08-22,T+7,Economy,5137.0,406,203,338,676,6760.0,Available,Airline Site,Valid,
2210,15,DEL-MAA,IndiGo,IN153,2026-08-29,2026-08-28,T+1,Economy,4902.0,387,194,322,645,6450.0,Available,OTA,Valid,
2211,15,DEL-MAA,Air India,AI878,2026-08-29,2026-07-15,T+45,Economy,2546.0,201,100,168,335,3350.0,Available,OTA,Valid,
2212,15,DEL-MAA,Air India,AI585,2026-08-29,2026-07-30,T+30,Economy,3397.0,268,134,224,447,4470.0,Available,OTA,Valid,
2213,15,DEL-MAA,Air India,AI962,2026-08-29,2026-08-14,T+15,Economy,4499.0,355,178,296,592,5920.0,Available,Airline Site,Valid,
2214,15,DEL-MAA,Air India,AI828,2026-08-29,2026-08-22,T+7,Economy,5450.0,430,215,358,717,7170.0,Available,OTA,Valid,
2215,15,DEL-MAA,Air India,AI907,2026-08-29,2026-08-28,T+1,Economy,5289.0,418,209,348,696,6960.0,Available,Airline Site,Valid,
2216,15,DEL-MAA,Akasa,AK125,2026-08-29,2026-07-15,T+45,Economy,2615.0,206,103,172,344,3440.0,Available,OTA,Valid,
2217,15,DEL-MAA,Akasa,AK534,2026-08-29,2026-07-30,T+30,Economy,3648.0,288,144,240,480,4800.0,Available,Airline Site,Valid,
2218,15,DEL-MAA,Akasa,AK865,2026-08-29,2026-08-14,T+15,Economy,4301.0,340,170,283,566,5660.0,Available,Airline Site,Valid,
2219,15,DEL-MAA,Akasa,AK105,2026-08-29,2026-08-22,T+7,Economy,4925.0,389,194,324,648,6480.0,Available,OTA,Valid,
2220,15,DEL-MAA,Akasa,AK359,2026-08-29,2026-08-28,T+1,Economy,4788.0,378,189,315,630,6300.0,Available,Airline Site,Valid,
2221,15,BOM-MAA,IndiGo,IN144,2026-08-29,2026-07-15,T+45,Economy,3587.0,283,142,236,472,4720.0,Available,OTA,Valid,
2222,15,BOM-MAA,IndiGo,IN685,2026-08-29,2026-07-30,T+30,Economy,4582.0,362,181,302,603,6030.0,Available,OTA,Valid,
2223,15,BOM-MAA,IndiGo,IN602,2026-08-29,2026-08-14,T+15,Economy,6749.0,533,266,444,888,8880.0,Available,Airline Site,Valid,
2224,15,BOM-MAA,IndiGo,IN830,2026-08-29,2026-08-22,T+7,Economy,5906.0,466,233,388,777,7770.0,Available,Airline Site,Valid,
2225,15,BOM-MAA,IndiGo,IN529,2026-08-29,2026-08-28,T+1,Economy,7752.0,612,306,510,1020,10200.0,Available,Airline Site,Valid,
2226,15,BOM-MAA,Air India,AI199,2026-08-29,2026-07-15,T+45,Economy,3511.0,277,139,231,462,4620.0,Available,OTA,Valid,
2227,15,BOM-MAA,Air India,AI728,2026-08-29,2026-07-30,T+30,Economy,5069.0,400,200,334,667,6670.0,Available,OTA,Valid,
2228,15,BOM-MAA,Air India,AI424,2026-08-29,2026-08-14,T+15,Economy,6673.0,527,263,439,878,8780.0,Available,Airline Site,Valid,
2229,15,BOM-MAA,Air India,AI475,2026-08-29,2026-08-22,T+7,Economy,7463.0,589,295,491,982,9820.0,Available,OTA,Valid,
2230,15,BOM-MAA,Air India,AI162,2026-08-29,2026-08-28,T+1,Economy,7235.0,571,286,476,952,9520.0,Available,Airline Site,Valid,
2231,15,BOM-MAA,Akasa,AK382,2026-08-29,2026-07-15,T+45,Economy,4112.0,325,162,270,541,5410.0,Available,OTA,Valid,
2232,15,BOM-MAA,Akasa,AK957,2026-08-29,2026-07-30,T+30,Economy,5427.0,428,214,357,714,7140.0,Available,OTA,Valid,
2233,15,BOM-MAA,Akasa,AK449,2026-08-29,2026-08-14,T+15,Economy,6650.0,525,262,438,875,8750.0,Available,Airline Site,Valid,
2234,15,BOM-MAA,Akasa,AK219,2026-08-29,2026-08-22,T+7,Economy,7889.0,623,311,519,1038,10380.0,Available,Airline Site,Valid,
2235,15,BOM-MAA,Akasa,AK705,2026-08-29,2026-08-28,T+1,Economy,8664.0,684,342,570,1140,11400.0,Available,Airline Site,Valid,
2236,15,CCU-BLR,IndiGo,IN183,2026-08-29,2026-07-15,T+45,Economy,2615.0,206,103,172,344,3440.0,Available,Airline Site,Valid,
2237,15,CCU-BLR,IndiGo,IN985,2026-08-29,2026-07-30,T+30,Economy,3511.0,277,139,231,462,4620.0,Available,Airline Site,Valid,
2238,15,CCU-BLR,IndiGo,IN393,2026-08-29,2026-08-14,T+15,Economy,4278.0,338,169,282,563,5630.0,Available,Airline Site,Valid,
2239,15,CCU-BLR,IndiGo,IN955,2026-08-29,2026-08-22,T+7,Economy,5016.0,396,198,330,660,6600.0,Available,Airline Site,Valid,
2240,15,CCU-BLR,IndiGo,IN814,2026-08-29,2026-08-28,T+1,Economy,4856.0,383,192,320,639,6390.0,Available,Airline Site,Valid,
2241,15,CCU-BLR,Air India,AI757,2026-08-29,2026-07-15,T+45,Economy,2463.0,194,97,162,324,3240.0,Available,Airline Site,Valid,
2242,15,CCU-BLR,Air India,AI494,2026-08-29,2026-07-30,T+30,Economy,3230.0,255,128,212,425,4250.0,Available,Airline Site,Valid,
2243,15,CCU-BLR,Air India,AI761,2026-08-29,2026-08-14,T+15,Economy,4621.0,365,182,304,608,6080.0,Available,OTA,Valid,
2244,15,CCU-BLR,Air India,AI615,2026-08-29,2026-08-22,T+7,Economy,4439.0,350,175,292,584,5840.0,Available,OTA,Valid,
2245,15,CCU-BLR,Air India,AI364,2026-08-29,2026-08-28,T+1,Economy,4613.0,364,182,304,607,6070.0,Available,OTA,Valid,
2246,15,CCU-BLR,Akasa,AK290,2026-08-29,2026-07-15,T+45,Economy,2288.0,181,90,150,301,3010.0,Available,OTA,Valid,
2247,15,CCU-BLR,Akasa,AK486,2026-08-29,2026-07-30,T+30,Economy,3062.0,242,121,202,403,4030.0,Available,Airline Site,Valid,
2248,15,CCU-BLR,Akasa,AK467,2026-08-29,2026-08-14,T+15,Economy,3626.0,286,143,238,477,4770.0,Available,Airline Site,Valid,
2249,15,CCU-BLR,Akasa,AK444,2026-08-29,2026-08-22,T+7,Economy,3937.0,311,155,259,518,5180.0,Available,Airline Site,Valid,
2250,15,CCU-BLR,Akasa,AK266,2026-08-29,2026-08-28,T+1,Economy,4203.0,332,166,276,553,5530.0,Available,Airline Site,Valid,
2251,16,DEL-BOM,IndiGo,IN811,2026-08-30,2026-07-16,T+45,Economy,4339.0,343,171,286,571,5710.0,Available,OTA,Valid,
2252,16,DEL-BOM,IndiGo,IN840,2026-08-30,2026-07-31,T+30,Economy,5723.0,452,226,376,753,7530.0,Available,OTA,Valid,
2253,16,DEL-BOM,IndiGo,IN141,2026-08-30,2026-08-15,T+15,Economy,7274.0,574,287,478,957,9570.0,Available,Airline Site,Valid,
2254,16,DEL-BOM,IndiGo,IN619,2026-08-30,2026-08-23,T+7,Economy,8831.0,697,349,581,1162,11620.0,Available,OTA,Valid,
2255,16,DEL-BOM,IndiGo,IN510,2026-08-30,2026-08-29,T+1,Economy,9584.0,757,378,630,1261,12610.0,Available,Airline Site,Valid,
2256,16,DEL-BOM,Air India,AI814,2026-08-30,2026-07-16,T+45,Economy,4484.0,354,177,295,590,5900.0,Available,Airline Site,Valid,
2257,16,DEL-BOM,Air India,AI242,2026-08-30,2026-07-31,T+30,Economy,6270.0,495,248,412,825,8250.0,Available,OTA,Valid,
2258,16,DEL-BOM,Air India,AI192,2026-08-30,2026-08-15,T+15,Economy,7661.0,605,302,504,1008,10080.0,Available,Airline Site,Valid,
2259,16,DEL-BOM,Air India,AI269,2026-08-30,2026-08-23,T+7,Economy,8801.0,695,347,579,1158,11580.0,Available,Airline Site,Valid,
2260,16,DEL-BOM,Air India,AI414,2026-08-30,2026-08-29,T+1,Economy,8071.0,637,319,531,1062,10620.0,Available,Airline Site,Valid,
2261,16,DEL-BOM,Akasa,AK257,2026-08-30,2026-07-16,T+45,Economy,4743.0,374,187,312,624,6240.0,Available,OTA,Valid,
2262,16,DEL-BOM,Akasa,AK202,2026-08-30,2026-07-31,T+30,Economy,5807.0,458,229,382,764,7640.0,Available,OTA,Valid,
2263,16,DEL-BOM,Akasa,AK784,2026-08-30,2026-08-15,T+15,Economy,8467.0,668,334,557,1114,11140.0,Available,OTA,Valid,
2264,16,DEL-BOM,Akasa,AK198,2026-08-30,2026-08-23,T+7,Economy,9379.0,740,370,617,1234,12340.0,Available,OTA,Valid,
2265,16,DEL-BOM,Akasa,AK891,2026-08-30,2026-08-29,T+1,Economy,9858.0,778,389,648,1297,12970.0,Available,OTA,Valid,
2266,16,DEL-BLR,IndiGo,IN173,2026-08-30,2026-07-16,T+45,Economy,2515.0,199,99,166,331,3310.0,Available,Airline Site,Valid,
2267,16,DEL-BLR,IndiGo,IN886,2026-08-30,2026-07-31,T+30,Economy,3322.0,262,131,218,437,4370.0,Available,OTA,Valid,
2268,16,DEL-BLR,IndiGo,IN725,2026-08-30,2026-08-15,T+15,Economy,4256.0,336,168,280,560,5600.0,Available,OTA,Valid,
2269,16,DEL-BLR,IndiGo,IN241,2026-08-30,2026-08-23,T+7,Economy,5267.0,416,208,346,693,6930.0,Available,Airline Site,Valid,
2270,16,DEL-BLR,IndiGo,IN447,2026-08-30,2026-08-29,T+1,Economy,4757.0,376,188,313,626,6260.0,Available,Airline Site,Valid,
2271,16,DEL-BLR,Air India,AI940,2026-08-30,2026-07-16,T+45,Economy,2371.0,187,94,156,312,3120.0,Available,OTA,Valid,
2272,16,DEL-BLR,Air India,AI267,2026-08-30,2026-07-31,T+30,Economy,3389.0,268,134,223,446,4460.0,Available,Airline Site,Valid,
2273,16,DEL-BLR,Air India,AI802,2026-08-30,2026-08-15,T+15,Economy,3930.0,310,155,258,517,5170.0,Available,OTA,Valid,
2274,16,DEL-BLR,Air India,AI426,2026-08-30,2026-08-23,T+7,Economy,4674.0,369,184,308,615,6150.0,Available,OTA,Valid,
2275,16,DEL-BLR,Air India,AI769,2026-08-30,2026-08-29,T+1,Economy,4909.0,388,194,323,646,6460.0,Available,OTA,Valid,
2276,16,DEL-BLR,Akasa,AK859,2026-08-30,2026-07-16,T+45,Economy,2379.0,188,94,156,313,3130.0,Available,OTA,Valid,
2277,16,DEL-BLR,Akasa,AK829,2026-08-30,2026-07-31,T+30,Economy,3275.0,259,129,216,431,4310.0,Available,OTA,Valid,
2278,16,DEL-BLR,Akasa,AK534,2026-08-30,2026-08-15,T+15,Economy,3679.0,290,145,242,484,4840.0,Available,OTA,Valid,
2279,16,DEL-BLR,Akasa,AK107,2026-08-30,2026-08-23,T+7,Economy,4757.0,376,188,313,626,6260.0,Available,OTA,Valid,
2280,16,DEL-BLR,Akasa,AK845,2026-08-30,2026-08-29,T+1,Economy,4568.0,361,180,300,601,6010.0,Available,OTA,Valid,
2281,16,BOM-BLR,IndiGo,IN475,2026-08-30,2026-07-16,T+45,Economy,2067.0,163,82,136,272,2720.0,Available,OTA,Valid,
2282,16,BOM-BLR,IndiGo,IN403,2026-08-30,2026-07-31,T+30,Economy,2683.0,212,106,176,353,3530.0,Available,Airline Site,Valid,
2283,16,BOM-BLR,IndiGo,IN465,2026-08-30,2026-08-15,T+15,Economy,3481.0,275,137,229,458,4580.0,Available,OTA,Valid,
2284,16,BOM-BLR,IndiGo,IN710,2026-08-30,2026-08-23,T+7,Economy,3785.0,299,149,249,498,4980.0,Available,Airline Site,Valid,
2285,16,BOM-BLR,IndiGo,IN279,2026-08-30,2026-08-29,T+1,Economy,4203.0,332,166,276,553,5530.0,Available,Airline Site,Valid,
2286,16,BOM-BLR,Air India,AI381,2026-08-30,2026-07-16,T+45,Economy,2007.0,158,79,132,264,2640.0,Available,OTA,Valid,
2287,16,BOM-BLR,Air India,AI945,2026-08-30,2026-07-31,T+30,Economy,2728.0,215,108,180,359,3590.0,Available,OTA,Valid,
2288,16,BOM-BLR,Air India,AI139,2026-08-30,2026-08-15,T+15,Economy,3071.0,242,121,202,404,4040.0,Available,Airline Site,Valid,
2289,16,BOM-BLR,Air India,AI180,2026-08-30,2026-08-23,T+7,Economy,3785.0,299,149,249,498,4980.0,Available,OTA,Valid,
2290,16,BOM-BLR,Air India,AI864,2026-08-30,2026-08-29,T+1,Economy,3876.0,306,153,255,510,5100.0,Available,Airline Site,Valid,
2291,16,BOM-BLR,Akasa,AK296,2026-08-30,2026-07-16,T+45,Economy,2249.0,178,89,148,296,2960.0,Available,OTA,Valid,
2292,16,BOM-BLR,Akasa,AK912,2026-08-30,2026-07-31,T+30,Economy,3161.0,250,125,208,416,4160.0,Available,Airline Site,Valid,
2293,16,BOM-BLR,Akasa,AK878,2026-08-30,2026-08-15,T+15,Economy,3815.0,301,151,251,502,5020.0,Available,OTA,Valid,
2294,16,BOM-BLR,Akasa,AK383,2026-08-30,2026-08-23,T+7,Economy,4667.0,368,184,307,614,6140.0,Available,Airline Site,Valid,
2295,16,BOM-BLR,Akasa,AK794,2026-08-30,2026-08-29,T+1,Economy,4909.0,388,194,323,646,6460.0,Available,Airline Site,Valid,
2296,16,DEL-CCU,IndiGo,IN373,2026-08-30,2026-07-16,T+45,Economy,2653.0,209,105,174,349,3490.0,Available,OTA,Valid,
2297,16,DEL-CCU,IndiGo,IN826,2026-08-30,2026-07-31,T+30,Economy,3427.0,271,135,226,451,4510.0,Available,Airline Site,Valid,
2298,16,DEL-CCU,IndiGo,IN723,2026-08-30,2026-08-15,T+15,Economy,4781.0,377,189,314,629,6290.0,Available,OTA,Valid,
2299,16,DEL-CCU,IndiGo,IN498,2026-08-30,2026-08-23,T+7,Economy,5221.0,412,206,344,687,6870.0,Available,Airline Site,Valid,
2300,16,DEL-CCU,IndiGo,IN942,2026-08-30,2026-08-29,T+1,Economy,5237.0,413,207,344,689,6890.0,Available,OTA,Valid,
2301,16,DEL-CCU,Air India,AI274,2026-08-30,2026-07-16,T+45,Economy,3214.0,254,127,212,423,4230.0,Available,OTA,Valid,
2302,16,DEL-CCU,Air India,AI685,2026-08-30,2026-07-31,T+30,Economy,4317.0,341,170,284,568,5680.0,Available,OTA,Valid,
2303,16,DEL-CCU,Air India,AI312,2026-08-30,2026-08-15,T+15,Economy,5464.0,431,216,360,719,7190.0,Available,OTA,Valid,
2304,16,DEL-CCU,Air India,AI562,2026-08-30,2026-08-23,T+7,Economy,5867.0,463,232,386,772,7720.0,Available,Airline Site,Valid,
2305,16,DEL-CCU,Air India,AI739,2026-08-30,2026-08-29,T+1,Economy,5989.0,473,236,394,788,7880.0,Available,OTA,Valid,
2306,16,DEL-CCU,Akasa,AK390,2026-08-30,2026-07-16,T+45,Economy,2995.0,236,118,197,394,3940.0,Available,OTA,Valid,
2307,16,DEL-CCU,Akasa,AK650,2026-08-30,2026-07-31,T+30,Economy,4187.0,331,165,276,551,5510.0,Available,Airline Site,Valid,
2308,16,DEL-CCU,Akasa,AK213,2026-08-30,2026-08-15,T+15,Economy,4538.0,358,179,298,597,5970.0,Available,Airline Site,Valid,
2309,16,DEL-CCU,Akasa,AK852,2026-08-30,2026-08-23,T+7,Economy,6111.0,482,241,402,804,8040.0,Available,OTA,Valid,
2310,16,DEL-CCU,Akasa,AK713,2026-08-30,2026-08-29,T+1,Economy,5662.0,447,224,372,745,7450.0,Available,OTA,Valid,
2311,16,DEL-HYD,IndiGo,IN751,2026-08-30,2026-07-16,T+45,Economy,3192.0,252,126,210,420,4200.0,Available,OTA,Valid,
2312,16,DEL-HYD,IndiGo,IN874,2026-08-30,2026-07-31,T+30,Economy,4104.0,324,162,270,540,5400.0,Available,OTA,Valid,
2313,16,DEL-HYD,IndiGo,IN509,2026-08-30,2026-08-15,T+15,Economy,5137.0,406,203,338,676,6760.0,Available,OTA,Valid,
2314,16,DEL-HYD,IndiGo,IN799,2026-08-30,2026-08-23,T+7,Economy,6384.0,504,252,420,840,8400.0,Available,OTA,Valid,
2315,16,DEL-HYD,IndiGo,IN528,2026-08-30,2026-08-29,T+1,Economy,6514.0,514,257,428,857,8570.0,Available,Airline Site,Valid,
2316,16,DEL-HYD,Air India,AI182,2026-08-30,2026-07-16,T+45,Economy,3161.0,250,125,208,416,4160.0,Available,OTA,Valid,
2317,16,DEL-HYD,Air India,AI355,2026-08-30,2026-07-31,T+30,Economy,4423.0,349,175,291,582,5820.0,Available,OTA,Valid,
2318,16,DEL-HYD,Air India,AI123,2026-08-30,2026-08-15,T+15,Economy,5677.0,448,224,374,747,7470.0,Available,OTA,Valid,
2319,16,DEL-HYD,Air India,AI970,2026-08-30,2026-08-23,T+7,Economy,6125.0,484,242,403,806,8060.0,Available,OTA,Valid,
2320,16,DEL-HYD,Air India,AI279,2026-08-30,2026-08-29,T+1,Economy,6301.0,497,249,414,829,8290.0,Available,Airline Site,Valid,
2321,16,DEL-HYD,Akasa,AK311,2026-08-30,2026-07-16,T+45,Economy,3032.0,239,120,200,399,3990.0,Available,OTA,Valid,
2322,16,DEL-HYD,Akasa,AK347,2026-08-30,2026-07-31,T+30,Economy,3899.0,308,154,256,513,5130.0,Available,OTA,Valid,
2323,16,DEL-HYD,Akasa,AK718,2026-08-30,2026-08-15,T+15,Economy,4917.0,388,194,324,647,6470.0,Available,Airline Site,Valid,
2324,16,DEL-HYD,Akasa,AK171,2026-08-30,2026-08-23,T+7,Economy,5335.0,421,211,351,702,7020.0,Sold Out,Airline Site,Flagged,Sold out at collection time
2325,16,DEL-HYD,Akasa,AK632,2026-08-30,2026-08-29,T+1,Economy,6232.0,492,246,410,820,8200.0,Available,OTA,Valid,
2326,16,BOM-HYD,IndiGo,IN223,2026-08-30,2026-07-16,T+45,Economy,2949.0,233,116,194,388,3880.0,Available,Airline Site,Valid,
2327,16,BOM-HYD,IndiGo,IN161,2026-08-30,2026-07-31,T+30,Economy,3983.0,314,157,262,524,5240.0,Available,OTA,Valid,
2328,16,BOM-HYD,IndiGo,IN140,2026-08-30,2026-08-15,T+15,Economy,5342.0,422,211,352,703,7030.0,Available,OTA,Valid,
2329,16,BOM-HYD,IndiGo,IN249,2026-08-30,2026-08-23,T+7,Economy,5289.0,418,209,348,696,6960.0,Available,Airline Site,Valid,
2330,16,BOM-HYD,IndiGo,IN772,2026-08-30,2026-08-29,T+1,Economy,6171.0,487,244,406,812,8120.0,Available,Airline Site,Valid,
2331,16,BOM-HYD,Air India,AI757,2026-08-30,2026-07-16,T+45,Economy,3055.0,241,121,201,402,4020.0,Available,OTA,Valid,
2332,16,BOM-HYD,Air India,AI350,2026-08-30,2026-07-31,T+30,Economy,4439.0,350,175,292,584,5840.0,Available,OTA,Valid,
2333,16,BOM-HYD,Air India,AI906,2026-08-30,2026-08-15,T+15,Economy,5099.0,403,201,336,671,6710.0,Available,OTA,Valid,
2334,16,BOM-HYD,Air India,AI879,2026-08-30,2026-08-23,T+7,Economy,6035.0,476,238,397,794,7940.0,Available,OTA,Valid,
2335,16,BOM-HYD,Air India,AI677,2026-08-30,2026-08-29,T+1,Economy,5754.0,454,227,378,757,7570.0,Available,OTA,Valid,
2336,16,BOM-HYD,Akasa,AK412,2026-08-30,2026-07-16,T+45,Economy,2866.0,226,113,188,377,3770.0,Available,OTA,Valid,
2337,16,BOM-HYD,Akasa,AK924,2026-08-30,2026-07-31,T+30,Economy,3845.0,304,152,253,506,5060.0,Available,Airline Site,Valid,
2338,16,BOM-HYD,Akasa,AK363,2026-08-30,2026-08-15,T+15,Economy,5054.0,399,200,332,665,6650.0,Available,Airline Site,Valid,
2339,16,BOM-HYD,Akasa,AK251,2026-08-30,2026-08-23,T+7,Economy,5829.0,460,230,384,767,7670.0,Available,OTA,Valid,
2340,16,BOM-HYD,Akasa,AK991,2026-08-30,2026-08-29,T+1,Economy,5586.0,441,220,368,735,7350.0,Available,OTA,Valid,
2341,16,BLR-HYD,IndiGo,IN701,2026-08-30,2026-07-16,T+45,Economy,3002.0,237,118,198,395,3950.0,Available,OTA,Valid,
2342,16,BLR-HYD,IndiGo,IN596,2026-08-30,2026-07-31,T+30,Economy,3997.0,316,158,263,526,5260.0,Available,OTA,Valid,
2343,16,BLR-HYD,IndiGo,IN114,2026-08-30,2026-08-15,T+15,Economy,4849.0,383,191,319,638,6380.0,Available,Airline Site,Valid,
2344,16,BLR-HYD,IndiGo,IN329,2026-08-30,2026-08-23,T+7,Economy,5358.0,423,212,352,705,7050.0,Available,Airline Site,Valid,
2345,16,BLR-HYD,IndiGo,IN570,2026-08-30,2026-08-29,T+1,Economy,6194.0,489,244,408,815,8150.0,Available,Airline Site,Valid,
2346,16,BLR-HYD,Air India,AI636,2026-08-30,2026-07-16,T+45,Economy,2995.0,236,118,197,394,3940.0,Available,Airline Site,Valid,
2347,16,BLR-HYD,Air India,AI741,2026-08-30,2026-07-31,T+30,Economy,3800.0,300,150,250,500,5000.0,Available,OTA,Valid,
2348,16,BLR-HYD,Air India,AI647,2026-08-30,2026-08-15,T+15,Economy,4947.0,391,195,326,651,6510.0,Available,Airline Site,Valid,
2349,16,BLR-HYD,Air India,AI680,2026-08-30,2026-08-23,T+7,Economy,5973.0,472,236,393,786,7860.0,Available,Airline Site,Valid,
2350,16,BLR-HYD,Air India,AI806,2026-08-30,2026-08-29,T+1,Economy,5700.0,450,225,375,750,7500.0,Available,Airline Site,Valid,
2351,16,BLR-HYD,Akasa,AK723,2026-08-30,2026-07-16,T+45,Economy,2562.0,202,101,168,337,3370.0,Available,OTA,Valid,
2352,16,BLR-HYD,Akasa,AK950,2026-08-30,2026-07-31,T+30,Economy,3291.0,260,130,216,433,4330.0,Available,Airline Site,Valid,
2353,16,BLR-HYD,Akasa,AK333,2026-08-30,2026-08-15,T+15,Economy,4347.0,343,172,286,572,5720.0,Available,OTA,Valid,
2354,16,BLR-HYD,Akasa,AK900,2026-08-30,2026-08-23,T+7,Economy,4902.0,387,194,322,645,6450.0,Available,Airline Site,Valid,
2355,16,BLR-HYD,Akasa,AK185,2026-08-30,2026-08-29,T+1,Economy,4795.0,379,189,316,631,6310.0,Available,Airline Site,Valid,
2356,16,DEL-MAA,IndiGo,IN695,2026-08-30,2026-07-16,T+45,Economy,2493.0,197,98,164,328,3280.0,Available,Airline Site,Valid,
2357,16,DEL-MAA,IndiGo,IN758,2026-08-30,2026-07-31,T+30,Economy,3435.0,271,136,226,452,4520.0,Available,OTA,Valid,
2358,16,DEL-MAA,IndiGo,IN516,2026-08-30,2026-08-15,T+15,Economy,4560.0,360,180,300,600,6000.0,Available,OTA,Valid,
2359,16,DEL-MAA,IndiGo,IN594,2026-08-30,2026-08-23,T+7,Economy,4773.0,377,188,314,628,6280.0,Available,OTA,Valid,
2360,16,DEL-MAA,IndiGo,IN449,2026-08-30,2026-08-29,T+1,Economy,4757.0,376,188,313,626,6260.0,Available,OTA,Valid,
2361,16,DEL-MAA,Air India,AI286,2026-08-30,2026-07-16,T+45,Economy,2736.0,216,108,180,360,3600.0,Available,OTA,Valid,
2362,16,DEL-MAA,Air India,AI607,2026-08-30,2026-07-31,T+30,Economy,3822.0,302,151,252,503,5030.0,Available,Airline Site,Valid,
2363,16,DEL-MAA,Air India,AI196,2026-08-30,2026-08-15,T+15,Economy,4872.0,385,192,320,641,6410.0,Available,OTA,Valid,
2364,16,DEL-MAA,Air India,AI942,2026-08-30,2026-08-23,T+7,Economy,4963.0,392,196,326,653,6530.0,Available,Airline Site,Valid,
2365,16,DEL-MAA,Air India,AI613,2026-08-30,2026-08-29,T+1,Economy,5715.0,451,226,376,752,7520.0,Available,OTA,Valid,
2366,16,DEL-MAA,Akasa,AK684,2026-08-30,2026-07-16,T+45,Economy,2440.0,193,96,160,321,3210.0,Available,OTA,Valid,
2367,16,DEL-MAA,Akasa,AK904,2026-08-30,2026-07-31,T+30,Economy,3184.0,251,126,210,419,4190.0,Available,Airline Site,Valid,
2368,16,DEL-MAA,Akasa,AK628,2026-08-30,2026-08-15,T+15,Economy,4126.0,326,163,272,543,5430.0,Available,OTA,Valid,
2369,16,DEL-MAA,Akasa,AK369,2026-08-30,2026-08-23,T+7,Economy,4795.0,379,189,316,631,6310.0,Available,OTA,Valid,
2370,16,DEL-MAA,Akasa,AK844,2026-08-30,2026-08-29,T+1,Economy,4712.0,372,186,310,620,6200.0,Available,OTA,Valid,
2371,16,BOM-MAA,IndiGo,IN880,2026-08-30,2026-07-16,T+45,Economy,3869.0,305,153,254,509,5090.0,Available,Airline Site,Valid,
2372,16,BOM-MAA,IndiGo,IN924,2026-08-30,2026-07-31,T+30,Economy,5510.0,435,218,362,725,7250.0,Available,OTA,Valid,
2373,16,BOM-MAA,IndiGo,IN821,2026-08-30,2026-08-15,T+15,Economy,6757.0,533,267,444,889,8890.0,Available,OTA,Valid,
2374,16,BOM-MAA,IndiGo,IN429,2026-08-30,2026-08-23,T+7,Economy,6947.0,548,274,457,914,9140.0,Available,OTA,Valid,
2375,16,BOM-MAA,IndiGo,IN304,2026-08-30,2026-08-29,T+1,Economy,7578.0,598,299,498,997,9970.0,Available,OTA,Valid,
2376,16,BOM-MAA,Air India,AI433,2026-08-30,2026-07-16,T+45,Economy,4157.0,328,164,274,547,5470.0,Available,OTA,Valid,
2377,16,BOM-MAA,Air India,AI899,2026-08-30,2026-07-31,T+30,Economy,6179.0,488,244,406,813,8130.0,Available,OTA,Valid,
2378,16,BOM-MAA,Air India,AI700,2026-08-30,2026-08-15,T+15,Economy,7030.0,555,278,462,925,9250.0,Available,Airline Site,Valid,
2379,16,BOM-MAA,Air India,AI650,2026-08-30,2026-08-23,T+7,Economy,7113.0,562,281,468,936,9360.0,Available,OTA,Valid,
2380,16,BOM-MAA,Air India,AI867,2026-08-30,2026-08-29,T+1,Economy,7585.0,599,299,499,998,9980.0,Available,OTA,Valid,
2381,16,BOM-MAA,Akasa,AK687,2026-08-30,2026-07-16,T+45,Economy,4225.0,334,167,278,556,5560.0,Available,Airline Site,Valid,
2382,16,BOM-MAA,Akasa,AK659,2026-08-30,2026-07-31,T+30,Economy,5571.0,440,220,366,733,7330.0,Available,OTA,Valid,
2383,16,BOM-MAA,Akasa,AK806,2026-08-30,2026-08-15,T+15,Economy,7357.0,581,290,484,968,9680.0,Sold Out,Airline Site,Flagged,Sold out at collection time
2384,16,BOM-MAA,Akasa,AK856,2026-08-30,2026-08-23,T+7,Economy,8679.0,685,343,571,1142,11420.0,Available,OTA,Valid,
2385,16,BOM-MAA,Akasa,AK319,2026-08-30,2026-08-29,T+1,Economy,9310.0,735,368,612,1225,12250.0,Available,OTA,Valid,
2386,16,CCU-BLR,IndiGo,IN365,2026-08-30,2026-07-16,T+45,Economy,2485.0,196,98,164,327,3270.0,Available,Airline Site,Valid,
2387,16,CCU-BLR,IndiGo,IN537,2026-08-30,2026-07-31,T+30,Economy,3139.0,248,124,206,413,4130.0,Available,OTA,Valid,
2388,16,CCU-BLR,IndiGo,IN161,2026-08-30,2026-08-15,T+15,Economy,4430.0,350,175,292,583,5830.0,Available,OTA,Valid,
2389,16,CCU-BLR,IndiGo,IN132,2026-08-30,2026-08-23,T+7,Economy,4043.0,319,160,266,532,5320.0,Available,OTA,Valid,
2390,16,CCU-BLR,IndiGo,IN688,2026-08-30,2026-08-29,T+1,Economy,5229.0,413,206,344,688,6880.0,Available,Airline Site,Valid,
2391,16,CCU-BLR,Air India,AI899,2026-08-30,2026-07-16,T+45,Economy,2667.0,211,105,176,351,3510.0,Available,Airline Site,Valid,
2392,16,CCU-BLR,Air India,AI189,2026-08-30,2026-07-31,T+30,Economy,3709.0,293,146,244,488,4880.0,Available,OTA,Valid,
2393,16,CCU-BLR,Air India,AI869,2026-08-30,2026-08-15,T+15,Economy,4643.0,367,183,306,611,6110.0,Available,OTA,Valid,
2394,16,CCU-BLR,Air India,AI856,2026-08-30,2026-08-23,T+7,Economy,5237.0,413,207,344,689,6890.0,Available,OTA,Valid,
2395,16,CCU-BLR,Air India,AI447,2026-08-30,2026-08-29,T+1,Economy,4757.0,376,188,313,626,6260.0,Available,OTA,Valid,
2396,16,CCU-BLR,Akasa,AK738,2026-08-30,2026-07-16,T+45,Economy,2637.0,208,104,174,347,3470.0,Available,Airline Site,Valid,
2397,16,CCU-BLR,Akasa,AK254,2026-08-30,2026-07-31,T+30,Economy,3352.0,265,132,220,441,4410.0,Available,Airline Site,Valid,
2398,16,CCU-BLR,Akasa,AK645,2026-08-30,2026-08-15,T+15,Economy,4690.0,370,185,308,617,6170.0,Available,Airline Site,Valid,
2399,16,CCU-BLR,Akasa,AK463,2026-08-30,2026-08-23,T+7,Economy,5365.0,424,212,353,706,7060.0,Available,Airline Site,Valid,
2400,16,CCU-BLR,Akasa,AK415,2026-08-30,2026-08-29,T+1,Economy,4902.0,387,194,322,645,6450.0,Available,Airline Site,Valid,
2401,17,DEL-BOM,IndiGo,IN456,2026-08-31,2026-07-17,T+45,Economy,4643.0,367,183,306,611,6110.0,Available,OTA,Valid,
2402,17,DEL-BOM,IndiGo,IN773,2026-08-31,2026-08-01,T+30,Economy,6878.0,543,272,452,905,9050.0,Available,OTA,Valid,
2403,17,DEL-BOM,IndiGo,IN338,2026-08-31,2026-08-16,T+15,Economy,7767.0,613,307,511,1022,10220.0,Available,Airline Site,Valid,
2404,17,DEL-BOM,IndiGo,IN998,2026-08-31,2026-08-24,T+7,Economy,9241.0,730,365,608,1216,12160.0,Available,OTA,Valid,
2405,17,DEL-BOM,IndiGo,IN126,2026-08-31,2026-08-30,T+1,Economy,8990.0,710,355,592,1183,11830.0,Available,Airline Site,Valid,
2406,17,DEL-BOM,Air India,AI310,2026-08-31,2026-07-17,T+45,Economy,4241.0,335,167,279,558,5580.0,Available,Airline Site,Valid,
2407,17,DEL-BOM,Air India,AI692,2026-08-31,2026-08-01,T+30,Economy,5365.0,424,212,353,706,7060.0,Available,Airline Site,Valid,
2408,17,DEL-BOM,Air India,AI600,2026-08-31,2026-08-16,T+15,Economy,6657.0,526,263,438,876,8760.0,Available,OTA,Valid,
2409,17,DEL-BOM,Air India,AI295,2026-08-31,2026-08-24,T+7,Economy,8405.0,664,332,553,1106,11060.0,Available,Airline Site,Valid,
2410,17,DEL-BOM,Air India,AI361,2026-08-31,2026-08-30,T+1,Economy,9196.0,726,363,605,1210,12100.0,Available,OTA,Valid,
2411,17,DEL-BOM,Akasa,AK978,2026-08-31,2026-07-17,T+45,Economy,3937.0,311,155,259,518,5180.0,Available,OTA,Valid,
2412,17,DEL-BOM,Akasa,AK544,2026-08-31,2026-08-01,T+30,Economy,5745.0,454,227,378,756,7560.0,Available,OTA,Valid,
2413,17,DEL-BOM,Akasa,AK766,2026-08-31,2026-08-16,T+15,Economy,6445.0,509,254,424,848,8480.0,Available,OTA,Valid,
2414,17,DEL-BOM,Akasa,AK381,2026-08-31,2026-08-24,T+7,Economy,7859.0,620,310,517,1034,10340.0,Available,OTA,Valid,
2415,17,DEL-BOM,Akasa,AK281,2026-08-31,2026-08-30,T+1,Economy,7288.0,575,288,480,959,9590.0,Available,Airline Site,Valid,
2416,17,DEL-BLR,IndiGo,IN710,2026-08-31,2026-07-17,T+45,Economy,2181.0,172,86,144,287,2870.0,Available,OTA,Valid,
2417,17,DEL-BLR,IndiGo,IN261,2026-08-31,2026-08-01,T+30,Economy,2964.0,234,117,195,390,3900.0,Available,Airline Site,Valid,
2418,17,DEL-BLR,IndiGo,IN859,2026-08-31,2026-08-16,T+15,Economy,4248.0,335,168,280,559,5590.0,Available,Airline Site,Valid,
2419,17,DEL-BLR,IndiGo,IN905,2026-08-31,2026-08-24,T+7,Economy,4203.0,332,166,276,553,5530.0,Available,OTA,Valid,
2420,17,DEL-BLR,IndiGo,IN482,2026-08-31,2026-08-30,T+1,Economy,4195.0,331,166,276,552,5520.0,Available,OTA,Valid,
2421,17,DEL-BLR,Air India,AI129,2026-08-31,2026-07-17,T+45,Economy,2401.0,190,95,158,316,3160.0,Available,Airline Site,Valid,
2422,17,DEL-BLR,Air India,AI517,2026-08-31,2026-08-01,T+30,Economy,3359.0,265,133,221,442,4420.0,Sold Out,OTA,Flagged,Sold out at collection time
2423,17,DEL-BLR,Air India,AI273,2026-08-31,2026-08-16,T+15,Economy,4469.0,353,176,294,588,5880.0,Available,Airline Site,Valid,
2424,17,DEL-BLR,Air India,AI529,2026-08-31,2026-08-24,T+7,Economy,4423.0,349,175,291,582,5820.0,Available,Airline Site,Valid,
2425,17,DEL-BLR,Air India,AI525,2026-08-31,2026-08-30,T+1,Economy,5555.0,439,219,366,731,7310.0,Available,OTA,Valid,
2426,17,DEL-BLR,Akasa,AK418,2026-08-31,2026-07-17,T+45,Economy,2258.0,178,89,148,297,2970.0,Available,OTA,Valid,
2427,17,DEL-BLR,Akasa,AK474,2026-08-31,2026-08-01,T+30,Economy,2910.0,230,115,192,383,3830.0,Available,Airline Site,Valid,
2428,17,DEL-BLR,Akasa,AK972,2026-08-31,2026-08-16,T+15,Economy,3845.0,304,152,253,506,5060.0,Available,Airline Site,Valid,
2429,17,DEL-BLR,Akasa,AK246,2026-08-31,2026-08-24,T+7,Economy,3869.0,305,153,254,509,5090.0,Available,Airline Site,Valid,
2430,17,DEL-BLR,Akasa,AK389,2026-08-31,2026-08-30,T+1,Economy,4864.0,384,192,320,640,6400.0,Available,Airline Site,Valid,
2431,17,BOM-BLR,IndiGo,IN827,2026-08-31,2026-07-17,T+45,Economy,2029.0,160,80,134,267,2670.0,Available,OTA,Valid,
2432,17,BOM-BLR,IndiGo,IN532,2026-08-31,2026-08-01,T+30,Economy,2805.0,221,111,184,369,3690.0,Available,Airline Site,Valid,
2433,17,BOM-BLR,IndiGo,IN135,2026-08-31,2026-08-16,T+15,Economy,3648.0,288,144,240,480,4800.0,Available,OTA,Valid,
2434,17,BOM-BLR,IndiGo,IN286,2026-08-31,2026-08-24,T+7,Economy,4066.0,321,160,268,535,5350.0,Sold Out,Airline Site,Flagged,Sold out at collection time
2435,17,BOM-BLR,IndiGo,IN506,2026-08-31,2026-08-30,T+1,Economy,4439.0,350,175,292,584,5840.0,Available,OTA,Valid,
2436,17,BOM-BLR,Air India,AI936,2026-08-31,2026-07-17,T+45,Economy,2173.0,172,86,143,286,2860.0,Available,OTA,Valid,
2437,17,BOM-BLR,Air India,AI736,2026-08-31,2026-08-01,T+30,Economy,2843.0,224,112,187,374,3740.0,Available,OTA,Valid,
2438,17,BOM-BLR,Air India,AI886,2026-08-31,2026-08-16,T+15,Economy,3344.0,264,132,220,440,4400.0,Available,OTA,Valid,
2439,17,BOM-BLR,Air India,AI361,2026-08-31,2026-08-24,T+7,Economy,4013.0,317,158,264,528,5280.0,Available,OTA,Valid,
2440,17,BOM-BLR,Air India,AI198,2026-08-31,2026-08-30,T+1,Economy,4643.0,367,183,306,611,6110.0,Available,OTA,Valid,
2441,17,BOM-BLR,Akasa,AK536,2026-08-31,2026-07-17,T+45,Economy,2311.0,182,91,152,304,3040.0,Available,Airline Site,Valid,
2442,17,BOM-BLR,Akasa,AK949,2026-08-31,2026-08-01,T+30,Economy,3002.0,237,118,198,395,3950.0,Available,OTA,Valid,
2443,17,BOM-BLR,Akasa,AK563,2026-08-31,2026-08-16,T+15,Economy,3549.0,280,140,234,467,4670.0,Available,Airline Site,Valid,
2444,17,BOM-BLR,Akasa,AK286,2026-08-31,2026-08-24,T+7,Economy,4872.0,385,192,320,641,6410.0,Available,Airline Site,Valid,
2445,17,BOM-BLR,Akasa,AK894,2026-08-31,2026-08-30,T+1,Economy,4256.0,336,168,280,560,5600.0,Sold Out,OTA,Flagged,Sold out at collection time
2446,17,DEL-CCU,IndiGo,IN148,2026-08-31,2026-07-17,T+45,Economy,3170.0,250,125,208,417,4170.0,Available,OTA,Valid,
2447,17,DEL-CCU,IndiGo,IN643,2026-08-31,2026-08-01,T+30,Economy,4339.0,343,171,286,571,5710.0,Available,Airline Site,Valid,
2448,17,DEL-CCU,IndiGo,IN749,2026-08-31,2026-08-16,T+15,Economy,4856.0,383,192,320,639,6390.0,Available,Airline Site,Valid,
2449,17,DEL-CCU,IndiGo,IN255,2026-08-31,2026-08-24,T+7,Economy,6521.0,515,257,429,858,8580.0,Available,OTA,Valid,
2450,17,DEL-CCU,IndiGo,IN510,2026-08-31,2026-08-30,T+1,Economy,6871.0,542,271,452,904,9040.0,Available,OTA,Valid,
2451,17,DEL-CCU,Air India,AI407,2026-08-31,2026-07-17,T+45,Economy,3161.0,250,125,208,416,4160.0,Sold Out,OTA,Flagged,Sold out at collection time
2452,17,DEL-CCU,Air India,AI313,2026-08-31,2026-08-01,T+30,Economy,4515.0,356,178,297,594,5940.0,Available,Airline Site,Valid,
2453,17,DEL-CCU,Air India,AI247,2026-08-31,2026-08-16,T+15,Economy,4985.0,394,197,328,656,6560.0,Available,Airline Site,Valid,
2454,17,DEL-CCU,Air India,AI348,2026-08-31,2026-08-24,T+7,Economy,6574.0,519,260,432,865,8650.0,Available,Airline Site,Valid,
2455,17,DEL-CCU,Air India,AI298,2026-08-31,2026-08-30,T+1,Economy,6733.0,532,266,443,886,8860.0,Available,OTA,Valid,
2456,17,DEL-CCU,Akasa,AK511,2026-08-31,2026-07-17,T+45,Economy,2705.0,214,107,178,356,3560.0,Available,Airline Site,Valid,
2457,17,DEL-CCU,Akasa,AK382,2026-08-31,2026-08-01,T+30,Economy,3496.0,276,138,230,460,4600.0,Available,Airline Site,Valid,
2458,17,DEL-CCU,Akasa,AK636,2026-08-31,2026-08-16,T+15,Economy,4795.0,379,189,316,631,6310.0,Available,OTA,Valid,
2459,17,DEL-CCU,Akasa,AK941,2026-08-31,2026-08-24,T+7,Economy,4849.0,383,191,319,638,6380.0,Available,OTA,Valid,
2460,17,DEL-CCU,Akasa,AK872,2026-08-31,2026-08-30,T+1,Economy,5213.0,412,206,343,686,6860.0,Available,OTA,Valid,
2461,17,DEL-HYD,IndiGo,IN361,2026-08-31,2026-07-17,T+45,Economy,3420.0,270,135,225,450,4500.0,Available,OTA,Valid,
2462,17,DEL-HYD,IndiGo,IN826,2026-08-31,2026-08-01,T+30,Economy,4400.0,347,174,290,579,5790.0,Available,OTA,Valid,
2463,17,DEL-HYD,IndiGo,IN205,2026-08-31,2026-08-16,T+15,Economy,5890.0,465,232,388,775,7750.0,Available,OTA,Valid,
2464,17,DEL-HYD,IndiGo,IN606,2026-08-31,2026-08-24,T+7,Economy,6088.0,481,240,400,801,8010.0,Available,OTA,Valid,
2465,17,DEL-HYD,IndiGo,IN985,2026-08-31,2026-08-30,T+1,Economy,6726.0,531,266,442,885,8850.0,Available,OTA,Valid,
2466,17,DEL-HYD,Air India,AI782,2026-08-31,2026-07-17,T+45,Economy,3291.0,260,130,216,433,4330.0,Available,OTA,Valid,
2467,17,DEL-HYD,Air India,AI925,2026-08-31,2026-08-01,T+30,Economy,4157.0,328,164,274,547,5470.0,Available,OTA,Valid,
2468,17,DEL-HYD,Air India,AI372,2026-08-31,2026-08-16,T+15,Economy,5328.0,421,210,350,701,7010.0,Available,OTA,Valid,
2469,17,DEL-HYD,Air India,AI484,2026-08-31,2026-08-24,T+7,Economy,6491.0,512,256,427,854,8540.0,Available,OTA,Valid,
2470,17,DEL-HYD,Air India,AI958,2026-08-31,2026-08-30,T+1,Economy,5859.0,463,231,386,771,7710.0,Available,Airline Site,Valid,
2471,17,DEL-HYD,Akasa,AK469,2026-08-31,2026-07-17,T+45,Economy,3177.0,251,125,209,418,4180.0,Available,OTA,Valid,
2472,17,DEL-HYD,Akasa,AK140,2026-08-31,2026-08-01,T+30,Economy,4446.0,351,176,292,585,5850.0,Available,OTA,Valid,
2473,17,DEL-HYD,Akasa,AK635,2026-08-31,2026-08-16,T+15,Economy,5715.0,451,226,376,752,7520.0,Sold Out,OTA,Flagged,Sold out at collection time
2474,17,DEL-HYD,Akasa,AK896,2026-08-31,2026-08-24,T+7,Economy,6369.0,503,251,419,838,8380.0,Available,Airline Site,Valid,
2475,17,DEL-HYD,Akasa,AK745,2026-08-31,2026-08-30,T+1,Economy,5791.0,457,229,381,762,7620.0,Available,Airline Site,Valid,
2476,17,BOM-HYD,IndiGo,IN359,2026-08-31,2026-07-17,T+45,Economy,2919.0,230,115,192,384,3840.0,Available,OTA,Valid,
2477,17,BOM-HYD,IndiGo,IN383,2026-08-31,2026-08-01,T+30,Economy,3983.0,314,157,262,524,5240.0,Available,Airline Site,Valid,
2478,17,BOM-HYD,IndiGo,IN750,2026-08-31,2026-08-16,T+15,Economy,4856.0,383,192,320,639,6390.0,Available,Airline Site,Valid,
2479,17,BOM-HYD,IndiGo,IN660,2026-08-31,2026-08-24,T+7,Economy,5244.0,414,207,345,690,6900.0,Available,OTA,Valid,
2480,17,BOM-HYD,IndiGo,IN276,2026-08-31,2026-08-30,T+1,Economy,6392.0,505,252,420,841,8410.0,Available,Airline Site,Valid,
2481,17,BOM-HYD,Air India,AI956,2026-08-31,2026-07-17,T+45,Economy,2919.0,230,115,192,384,3840.0,Available,OTA,Valid,
2482,17,BOM-HYD,Air India,AI839,2026-08-31,2026-08-01,T+30,Economy,3944.0,311,156,260,519,5190.0,Available,OTA,Valid,
2483,17,BOM-HYD,Air India,AI290,2026-08-31,2026-08-16,T+15,Economy,4712.0,372,186,310,620,6200.0,Available,Airline Site,Valid,
2484,17,BOM-HYD,Air India,AI459,2026-08-31,2026-08-24,T+7,Economy,5206.0,411,206,342,685,6850.0,Available,OTA,Valid,
2485,17,BOM-HYD,Air India,AI272,2026-08-31,2026-08-30,T+1,Economy,6491.0,512,256,427,854,8540.0,Available,Airline Site,Valid,
2486,17,BOM-HYD,Akasa,AK757,2026-08-31,2026-07-17,T+45,Economy,2797.0,221,110,184,368,3680.0,Available,Airline Site,Valid,
2487,17,BOM-HYD,Akasa,AK303,2026-08-31,2026-08-01,T+30,Economy,3769.0,298,149,248,496,4960.0,Available,OTA,Valid,
2488,17,BOM-HYD,Akasa,AK448,2026-08-31,2026-08-16,T+15,Economy,4971.0,392,196,327,654,6540.0,Available,OTA,Valid,
2489,17,BOM-HYD,Akasa,AK965,2026-08-31,2026-08-24,T+7,Economy,4803.0,379,190,316,632,6320.0,Available,OTA,Valid,
2490,17,BOM-HYD,Akasa,AK431,2026-08-31,2026-08-30,T+1,Economy,5981.0,472,236,394,787,7870.0,Available,OTA,Valid,
2491,17,BLR-HYD,IndiGo,IN126,2026-08-31,2026-07-17,T+45,Economy,2721.0,215,107,179,358,3580.0,Available,Airline Site,Valid,
2492,17,BLR-HYD,IndiGo,IN763,2026-08-31,2026-08-01,T+30,Economy,3397.0,268,134,224,447,4470.0,Available,Airline Site,Valid,
2493,17,BLR-HYD,IndiGo,IN121,2026-08-31,2026-08-16,T+15,Economy,3997.0,316,158,263,526,5260.0,Available,OTA,Valid,
2494,17,BLR-HYD,IndiGo,IN664,2026-08-31,2026-08-24,T+7,Economy,5335.0,421,211,351,702,7020.0,Available,Airline Site,Valid,
2495,17,BLR-HYD,IndiGo,IN694,2026-08-31,2026-08-30,T+1,Economy,5351.0,422,211,352,704,7040.0,Available,OTA,Valid,
2496,17,BLR-HYD,Air India,AI922,2026-08-31,2026-07-17,T+45,Economy,3002.0,237,118,198,395,3950.0,Available,OTA,Valid,
2497,17,BLR-HYD,Air India,AI340,2026-08-31,2026-08-01,T+30,Economy,3967.0,313,157,261,522,5220.0,Available,OTA,Valid,
2498,17,BLR-HYD,Air India,AI429,2026-08-31,2026-08-16,T+15,Economy,4598.0,363,182,302,605,6050.0,Available,Airline Site,Valid,
2499,17,BLR-HYD,Air India,AI198,2026-08-31,2026-08-24,T+7,Economy,5890.0,465,232,388,775,7750.0,Available,OTA,Valid,
2500,17,BLR-HYD,Air India,AI946,2026-08-31,2026-08-30,T+1,Economy,5814.0,459,230,382,765,7650.0,Available,OTA,Valid,
2501,17,BLR-HYD,Akasa,AK329,2026-08-31,2026-07-17,T+45,Economy,2910.0,230,115,192,383,3830.0,Available,Airline Site,Valid,
2502,17,BLR-HYD,Akasa,AK705,2026-08-31,2026-08-01,T+30,Economy,3876.0,306,153,255,510,5100.0,Available,Airline Site,Valid,
2503,17,BLR-HYD,Akasa,AK765,2026-08-31,2026-08-16,T+15,Economy,4453.0,352,176,293,586,5860.0,Available,OTA,Valid,
2504,17,BLR-HYD,Akasa,AK165,2026-08-31,2026-08-24,T+7,Economy,5510.0,435,218,362,725,7250.0,Available,Airline Site,Valid,
2505,17,BLR-HYD,Akasa,AK358,2026-08-31,2026-08-30,T+1,Economy,6429.0,508,254,423,846,8460.0,Available,Airline Site,Valid,
2506,17,DEL-MAA,IndiGo,IN505,2026-08-31,2026-07-17,T+45,Economy,2714.0,214,107,178,357,3570.0,Available,OTA,Valid,
2507,17,DEL-MAA,IndiGo,IN411,2026-08-31,2026-08-01,T+30,Economy,3518.0,278,139,232,463,4630.0,Available,OTA,Valid,
2508,17,DEL-MAA,IndiGo,IN797,2026-08-31,2026-08-16,T+15,Economy,4187.0,331,165,276,551,5510.0,Available,Airline Site,Valid,
2509,17,DEL-MAA,IndiGo,IN872,2026-08-31,2026-08-24,T+7,Economy,5358.0,423,212,352,705,7050.0,Available,Airline Site,Valid,
2510,17,DEL-MAA,IndiGo,IN165,2026-08-31,2026-08-30,T+1,Economy,5555.0,439,219,366,731,7310.0,Available,Airline Site,Valid,
2511,17,DEL-MAA,Air India,AI877,2026-08-31,2026-07-17,T+45,Economy,2781.0,220,110,183,366,3660.0,Available,Airline Site,Valid,
2512,17,DEL-MAA,Air India,AI846,2026-08-31,2026-08-01,T+30,Economy,3610.0,285,142,238,475,4750.0,Available,Airline Site,Valid,
2513,17,DEL-MAA,Air India,AI817,2026-08-31,2026-08-16,T+15,Economy,4301.0,340,170,283,566,5660.0,Available,OTA,Valid,
2514,17,DEL-MAA,Air India,AI585,2026-08-31,2026-08-24,T+7,Economy,5533.0,437,218,364,728,7280.0,Available,OTA,Valid,
2515,17,DEL-MAA,Air India,AI281,2026-08-31,2026-08-30,T+1,Economy,5115.0,404,202,336,673,6730.0,Available,OTA,Valid,
2516,17,DEL-MAA,Akasa,AK332,2026-08-31,2026-07-17,T+45,Economy,2629.0,208,104,173,346,3460.0,Available,Airline Site,Valid,
2517,17,DEL-MAA,Akasa,AK636,2026-08-31,2026-08-01,T+30,Economy,3557.0,281,140,234,468,4680.0,Available,Airline Site,Valid,
2518,17,DEL-MAA,Akasa,AK482,2026-08-31,2026-08-16,T+15,Economy,4788.0,378,189,315,630,6300.0,Available,Airline Site,Valid,
2519,17,DEL-MAA,Akasa,AK104,2026-08-31,2026-08-24,T+7,Economy,5517.0,436,218,363,726,7260.0,Available,OTA,Valid,
2520,17,DEL-MAA,Akasa,AK676,2026-08-31,2026-08-30,T+1,Economy,4864.0,384,192,320,640,6400.0,Available,Airline Site,Valid,
2521,17,BOM-MAA,IndiGo,IN323,2026-08-31,2026-07-17,T+45,Economy,3656.0,289,144,240,481,4810.0,Available,Airline Site,Valid,
2522,17,BOM-MAA,IndiGo,IN714,2026-08-31,2026-08-01,T+30,Economy,5396.0,426,213,355,710,7100.0,Available,Airline Site,Valid,
2523,17,BOM-MAA,IndiGo,IN890,2026-08-31,2026-08-16,T+15,Economy,6909.0,545,273,454,909,9090.0,Available,Airline Site,Valid,
2524,17,BOM-MAA,IndiGo,IN737,2026-08-31,2026-08-24,T+7,Economy,7509.0,593,296,494,988,9880.0,Sold Out,Airline Site,Flagged,Sold out at collection time
2525,17,BOM-MAA,IndiGo,IN398,2026-08-31,2026-08-30,T+1,Economy,8025.0,634,317,528,1056,10560.0,Available,Airline Site,Valid,
2526,17,BOM-MAA,Air India,AI297,2026-08-31,2026-07-17,T+45,Economy,3944.0,311,156,260,519,5190.0,Available,OTA,Valid,
2527,17,BOM-MAA,Air India,AI661,2026-08-31,2026-08-01,T+30,Economy,5897.0,466,233,388,776,7760.0,Available,OTA,Valid,
2528,17,BOM-MAA,Air India,AI167,2026-08-31,2026-08-16,T+15,Economy,7547.0,596,298,496,993,9930.0,Available,OTA,Valid,
2529,17,BOM-MAA,Air India,AI602,2026-08-31,2026-08-24,T+7,Economy,7205.0,569,284,474,948,9480.0,Available,OTA,Valid,
2530,17,BOM-MAA,Air India,AI591,2026-08-31,2026-08-30,T+1,Economy,7091.0,560,280,466,933,9330.0,Available,Airline Site,Valid,
2531,17,BOM-MAA,Akasa,AK639,2026-08-31,2026-07-17,T+45,Economy,4278.0,338,169,282,563,5630.0,Available,OTA,Valid,
2532,17,BOM-MAA,Akasa,AK389,2026-08-31,2026-08-01,T+30,Economy,5959.0,470,235,392,784,7840.0,Available,OTA,Valid,
2533,17,BOM-MAA,Akasa,AK741,2026-08-31,2026-08-16,T+15,Economy,7493.0,592,296,493,986,9860.0,Available,OTA,Valid,
2534,17,BOM-MAA,Akasa,AK603,2026-08-31,2026-08-24,T+7,Economy,7783.0,614,307,512,1024,10240.0,Available,OTA,Valid,
2535,17,BOM-MAA,Akasa,AK905,2026-08-31,2026-08-30,T+1,Economy,8725.0,689,344,574,1148,11480.0,Available,Airline Site,Valid,
2536,17,CCU-BLR,IndiGo,IN701,2026-08-31,2026-07-17,T+45,Economy,2242.0,177,88,148,295,2950.0,Available,Airline Site,Valid,
2537,17,CCU-BLR,IndiGo,IN647,2026-08-31,2026-08-01,T+30,Economy,3161.0,250,125,208,416,4160.0,Sold Out,OTA,Flagged,Sold out at collection time
2538,17,CCU-BLR,IndiGo,IN650,2026-08-31,2026-08-16,T+15,Economy,3731.0,295,147,246,491,4910.0,Available,OTA,Valid,
2539,17,CCU-BLR,IndiGo,IN282,2026-08-31,2026-08-24,T+7,Economy,4515.0,356,178,297,594,5940.0,Available,Airline Site,Valid,
2540,17,CCU-BLR,IndiGo,IN290,2026-08-31,2026-08-30,T+1,Economy,4925.0,389,194,324,648,6480.0,Available,OTA,Valid,
2541,17,CCU-BLR,Air India,AI755,2026-08-31,2026-07-17,T+45,Economy,2242.0,177,88,148,295,2950.0,Available,Airline Site,Valid,
2542,17,CCU-BLR,Air India,AI805,2026-08-31,2026-08-01,T+30,Economy,3184.0,251,126,210,419,4190.0,Available,OTA,Valid,
2543,17,CCU-BLR,Air India,AI933,2026-08-31,2026-08-16,T+15,Economy,3451.0,272,136,227,454,4540.0,Available,OTA,Valid,
2544,17,CCU-BLR,Air India,AI946,2026-08-31,2026-08-24,T+7,Economy,4909.0,388,194,323,646,6460.0,Available,OTA,Valid,
2545,17,CCU-BLR,Air India,AI352,2026-08-31,2026-08-30,T+1,Economy,4028.0,318,159,265,530,5300.0,Available,OTA,Valid,
2546,17,CCU-BLR,Akasa,AK984,2026-08-31,2026-07-17,T+45,Economy,2691.0,212,106,177,354,3540.0,Available,OTA,Valid,
2547,17,CCU-BLR,Akasa,AK854,2026-08-31,2026-08-01,T+30,Economy,3565.0,281,141,234,469,4690.0,Available,OTA,Valid,
2548,17,CCU-BLR,Akasa,AK523,2026-08-31,2026-08-16,T+15,Economy,4697.0,371,185,309,618,6180.0,Available,Airline Site,Valid,
2549,17,CCU-BLR,Akasa,AK714,2026-08-31,2026-08-24,T+7,Economy,5403.0,427,213,356,711,7110.0,Sold Out,OTA,Flagged,Sold out at collection time
2550,17,CCU-BLR,Akasa,AK231,2026-08-31,2026-08-30,T+1,Economy,4902.0,387,194,322,645,6450.0,Available,Airline Site,Valid,
2551,18,DEL-BOM,IndiGo,IN168,2026-09-01,2026-07-18,T+45,Economy,4104.0,324,162,270,540,5400.0,Available,OTA,Valid,
2552,18,DEL-BOM,IndiGo,IN797,2026-09-01,2026-08-02,T+30,Economy,5289.0,418,209,348,696,6960.0,Available,OTA,Valid,
2553,18,DEL-BOM,IndiGo,IN976,2026-09-01,2026-08-17,T+15,Economy,6483.0,512,256,426,853,8530.0,Available,Airline Site,Valid,
2554,18,DEL-BOM,IndiGo,IN306,2026-09-01,2026-08-25,T+7,Economy,7995.0,631,316,526,1052,10520.0,Available,OTA,Valid,
2555,18,DEL-BOM,IndiGo,IN136,2026-09-01,2026-08-31,T+1,Economy,7585.0,599,299,499,998,9980.0,Available,Airline Site,Valid,
2556,18,DEL-BOM,Air India,AI185,2026-09-01,2026-07-18,T+45,Economy,3997.0,316,158,263,526,5260.0,Available,Airline Site,Valid,
2557,18,DEL-BOM,Air India,AI548,2026-09-01,2026-08-02,T+30,Economy,5305.0,419,209,349,698,6980.0,Available,OTA,Valid,
2558,18,DEL-BOM,Air India,AI615,2026-09-01,2026-08-17,T+15,Economy,6787.0,536,268,446,893,8930.0,Available,Airline Site,Valid,
2559,18,DEL-BOM,Air India,AI144,2026-09-01,2026-08-25,T+7,Economy,8163.0,644,322,537,1074,10740.0,Available,Airline Site,Valid,
2560,18,DEL-BOM,Air India,AI279,2026-09-01,2026-08-31,T+1,Economy,8064.0,637,318,530,1061,10610.0,Available,Airline Site,Valid,
2561,18,DEL-BOM,Akasa,AK398,2026-09-01,2026-07-18,T+45,Economy,4667.0,368,184,307,614,6140.0,Available,Airline Site,Valid,
2562,18,DEL-BOM,Akasa,AK773,2026-09-01,2026-08-02,T+30,Economy,5989.0,473,236,394,788,7880.0,Available,Airline Site,Valid,
2563,18,DEL-BOM,Akasa,AK351,2026-09-01,2026-08-17,T+15,Economy,8360.0,660,330,550,1100,11000.0,Available,OTA,Valid,
2564,18,DEL-BOM,Akasa,AK425,2026-09-01,2026-08-25,T+7,Economy,8794.0,694,347,578,1157,11570.0,Available,Airline Site,Valid,
2565,18,DEL-BOM,Akasa,AK733,2026-09-01,2026-08-31,T+1,Economy,9348.0,738,369,615,1230,12300.0,Available,OTA,Valid,
2566,18,DEL-BLR,IndiGo,IN490,2026-09-01,2026-07-18,T+45,Economy,2197.0,173,87,144,289,2890.0,Sold Out,Airline Site,Flagged,Sold out at collection time
2567,18,DEL-BLR,IndiGo,IN222,2026-09-01,2026-08-02,T+30,Economy,3184.0,251,126,210,419,4190.0,Available,Airline Site,Valid,
2568,18,DEL-BLR,IndiGo,IN764,2026-09-01,2026-08-17,T+15,Economy,3747.0,296,148,246,493,4930.0,Available,OTA,Valid,
2569,18,DEL-BLR,IndiGo,IN389,2026-09-01,2026-08-25,T+7,Economy,4667.0,368,184,307,614,6140.0,Available,OTA,Valid,
2570,18,DEL-BLR,IndiGo,IN799,2026-09-01,2026-08-31,T+1,Economy,4538.0,358,179,298,597,5970.0,Available,OTA,Valid,
2571,18,DEL-BLR,Air India,AI256,2026-09-01,2026-07-18,T+45,Economy,2318.0,183,92,152,305,3050.0,Available,OTA,Valid,
2572,18,DEL-BLR,Air India,AI848,2026-09-01,2026-08-02,T+30,Economy,2995.0,236,118,197,394,3940.0,Available,OTA,Valid,
2573,18,DEL-BLR,Air India,AI476,2026-09-01,2026-08-17,T+15,Economy,4446.0,351,176,292,585,5850.0,Available,OTA,Valid,
2574,18,DEL-BLR,Air India,AI570,2026-09-01,2026-08-25,T+7,Economy,4591.0,362,181,302,604,6040.0,Available,Airline Site,Valid,
2575,18,DEL-BLR,Air India,AI741,2026-09-01,2026-08-31,T+1,Economy,5153.0,407,203,339,678,6780.0,Available,OTA,Valid,
2576,18,DEL-BLR,Akasa,AK554,2026-09-01,2026-07-18,T+45,Economy,2394.0,189,94,158,315,3150.0,Available,OTA,Valid,
2577,18,DEL-BLR,Akasa,AK508,2026-09-01,2026-08-02,T+30,Economy,3101.0,245,122,204,408,4080.0,Available,Airline Site,Valid,
2578,18,DEL-BLR,Akasa,AK682,2026-09-01,2026-08-17,T+15,Economy,3869.0,305,153,254,509,5090.0,Available,OTA,Valid,
2579,18,DEL-BLR,Akasa,AK882,2026-09-01,2026-08-25,T+7,Economy,4872.0,385,192,320,641,6410.0,Available,OTA,Valid,
2580,18,DEL-BLR,Akasa,AK244,2026-09-01,2026-08-31,T+1,Economy,4872.0,385,192,320,641,6410.0,Available,OTA,Valid,
2581,18,BOM-BLR,IndiGo,IN152,2026-09-01,2026-07-18,T+45,Economy,2318.0,183,92,152,305,3050.0,Available,OTA,Valid,
2582,18,BOM-BLR,IndiGo,IN493,2026-09-01,2026-08-02,T+30,Economy,3062.0,242,121,202,403,4030.0,Available,OTA,Valid,
2583,18,BOM-BLR,IndiGo,IN810,2026-09-01,2026-08-17,T+15,Economy,3656.0,289,144,240,481,4810.0,Available,Airline Site,Valid,
2584,18,BOM-BLR,IndiGo,IN676,2026-09-01,2026-08-25,T+7,Economy,4180.0,330,165,275,550,5500.0,Available,OTA,Valid,
2585,18,BOM-BLR,IndiGo,IN254,2026-09-01,2026-08-31,T+1,Economy,4833.0,382,191,318,636,6360.0,Available,OTA,Valid,
2586,18,BOM-BLR,Air India,AI598,2026-09-01,2026-07-18,T+45,Economy,2083.0,164,82,137,274,2740.0,Available,Airline Site,Valid,
2587,18,BOM-BLR,Air India,AI187,2026-09-01,2026-08-02,T+30,Economy,2880.0,227,114,190,379,3790.0,Sold Out,Airline Site,Flagged,Sold out at collection time
2588,18,BOM-BLR,Air India,AI465,2026-09-01,2026-08-17,T+15,Economy,3291.0,260,130,216,433,4330.0,Available,Airline Site,Valid,
2589,18,BOM-BLR,Air India,AI167,2026-09-01,2026-08-25,T+7,Economy,4218.0,333,166,278,555,5550.0,Available,OTA,Valid,
2590,18,BOM-BLR,Air India,AI586,2026-09-01,2026-08-31,T+1,Economy,4325.0,341,171,284,569,5690.0,Available,Airline Site,Valid,
2591,18,BOM-BLR,Akasa,AK255,2026-09-01,2026-07-18,T+45,Economy,2075.0,164,82,136,273,2730.0,Available,Airline Site,Valid,
2592,18,BOM-BLR,Akasa,AK262,2026-09-01,2026-08-02,T+30,Economy,2827.0,223,112,186,372,3720.0,Available,OTA,Valid,
2593,18,BOM-BLR,Akasa,AK968,2026-09-01,2026-08-17,T+15,Economy,3610.0,285,142,238,475,4750.0,Available,Airline Site,Valid,
2594,18,BOM-BLR,Akasa,AK555,2026-09-01,2026-08-25,T+7,Economy,3967.0,313,157,261,522,5220.0,Available,Airline Site,Valid,
2595,18,BOM-BLR,Akasa,AK488,2026-09-01,2026-08-31,T+1,Economy,3800.0,300,150,250,500,5000.0,Available,Airline Site,Valid,
2596,18,DEL-CCU,IndiGo,IN685,2026-09-01,2026-07-18,T+45,Economy,3268.0,258,129,215,430,4300.0,Available,Airline Site,Valid,
2597,18,DEL-CCU,IndiGo,IN680,2026-09-01,2026-08-02,T+30,Economy,4819.0,380,190,317,634,6340.0,Available,OTA,Valid,
2598,18,DEL-CCU,IndiGo,IN170,2026-09-01,2026-08-17,T+15,Economy,6254.0,494,247,412,823,8230.0,Available,OTA,Valid,
2599,18,DEL-CCU,IndiGo,IN213,2026-09-01,2026-08-25,T+7,Economy,6605.0,521,261,434,869,8690.0,Available,Airline Site,Valid,
2600,18,DEL-CCU,IndiGo,IN828,2026-09-01,2026-08-31,T+1,Economy,7318.0,578,289,482,963,9630.0,Available,Airline Site,Valid,
2601,18,DEL-CCU,Air India,AI736,2026-09-01,2026-07-18,T+45,Economy,2910.0,230,115,192,383,3830.0,Available,OTA,Valid,
2602,18,DEL-CCU,Air India,AI358,2026-09-01,2026-08-02,T+30,Economy,4135.0,326,163,272,544,5440.0,Available,OTA,Valid,
2603,18,DEL-CCU,Air India,AI124,2026-09-01,2026-08-17,T+15,Economy,5548.0,438,219,365,730,7300.0,Available,Airline Site,Valid,
2604,18,DEL-CCU,Air India,AI413,2026-09-01,2026-08-25,T+7,Economy,4864.0,384,192,320,640,6400.0,Available,OTA,Valid,
2605,18,DEL-CCU,Air India,AI877,2026-09-01,2026-08-31,T+1,Economy,5593.0,442,221,368,736,7360.0,Available,Airline Site,Valid,
2606,18,DEL-CCU,Akasa,AK739,2026-09-01,2026-07-18,T+45,Economy,2964.0,234,117,195,390,3900.0,Sold Out,Airline Site,Flagged,Sold out at collection time
2607,18,DEL-CCU,Akasa,AK581,2026-09-01,2026-08-02,T+30,Economy,3747.0,296,148,246,493,4930.0,Available,Airline Site,Valid,
2608,18,DEL-CCU,Akasa,AK484,2026-09-01,2026-08-17,T+15,Economy,5047.0,398,199,332,664,6640.0,Available,OTA,Valid,
2609,18,DEL-CCU,Akasa,AK454,2026-09-01,2026-08-25,T+7,Economy,5305.0,419,209,349,698,6980.0,Available,Airline Site,Valid,
2610,18,DEL-CCU,Akasa,AK560,2026-09-01,2026-08-31,T+1,Economy,5776.0,456,228,380,760,7600.0,Available,Airline Site,Valid,
2611,18,DEL-HYD,IndiGo,IN123,2026-09-01,2026-07-18,T+45,Economy,3420.0,270,135,225,450,4500.0,Available,Airline Site,Valid,
2612,18,DEL-HYD,IndiGo,IN166,2026-09-01,2026-08-02,T+30,Economy,4278.0,338,169,282,563,5630.0,Available,Airline Site,Valid,
2613,18,DEL-HYD,IndiGo,IN109,2026-09-01,2026-08-17,T+15,Economy,6118.0,483,242,402,805,8050.0,Available,OTA,Valid,
2614,18,DEL-HYD,IndiGo,IN259,2026-09-01,2026-08-25,T+7,Economy,6871.0,542,271,452,904,9040.0,Available,OTA,Valid,
2615,18,DEL-HYD,IndiGo,IN780,2026-09-01,2026-08-31,T+1,Economy,6909.0,545,273,454,909,9090.0,Available,Airline Site,Valid,
2616,18,DEL-HYD,Air India,AI183,2026-09-01,2026-07-18,T+45,Economy,2888.0,228,114,190,380,3800.0,Available,Airline Site,Valid,
2617,18,DEL-HYD,Air India,AI338,2026-09-01,2026-08-02,T+30,Economy,3633.0,287,143,239,478,4780.0,Available,Airline Site,Valid,
2618,18,DEL-HYD,Air India,AI297,2026-09-01,2026-08-17,T+15,Economy,4720.0,373,186,310,621,6210.0,Available,Airline Site,Valid,
2619,18,DEL-HYD,Air India,AI823,2026-09-01,2026-08-25,T+7,Economy,5563.0,439,220,366,732,7320.0,Available,OTA,Valid,
2620,18,DEL-HYD,Air India,AI981,2026-09-01,2026-08-31,T+1,Economy,6065.0,479,239,399,798,7980.0,Available,Airline Site,Valid,
2621,18,DEL-HYD,Akasa,AK369,2026-09-01,2026-07-18,T+45,Economy,3184.0,251,126,210,419,4190.0,Available,Airline Site,Valid,
2622,18,DEL-HYD,Akasa,AK177,2026-09-01,2026-08-02,T+30,Economy,4332.0,342,171,285,570,5700.0,Available,OTA,Valid,
2623,18,DEL-HYD,Akasa,AK504,2026-09-01,2026-08-17,T+15,Economy,5434.0,429,214,358,715,7150.0,Available,OTA,Valid,
2624,18,DEL-HYD,Akasa,AK392,2026-09-01,2026-08-25,T+7,Economy,5973.0,472,236,393,786,7860.0,Available,OTA,Valid,
2625,18,DEL-HYD,Akasa,AK643,2026-09-01,2026-08-31,T+1,Economy,6855.0,541,271,451,902,9020.0,Sold Out,OTA,Flagged,Sold out at collection time
2626,18,BOM-HYD,IndiGo,IN850,2026-09-01,2026-07-18,T+45,Economy,2781.0,220,110,183,366,3660.0,Available,OTA,Valid,
2627,18,BOM-HYD,IndiGo,IN833,2026-09-01,2026-08-02,T+30,Economy,3617.0,286,143,238,476,4760.0,Available,Airline Site,Valid,
2628,18,BOM-HYD,IndiGo,IN470,2026-09-01,2026-08-17,T+15,Economy,4636.0,366,183,305,610,6100.0,Available,Airline Site,Valid,
2629,18,BOM-HYD,IndiGo,IN426,2026-09-01,2026-08-25,T+7,Economy,5403.0,427,213,356,711,7110.0,Available,OTA,Valid,
2630,18,BOM-HYD,IndiGo,IN600,2026-09-01,2026-08-31,T+1,Economy,5396.0,426,213,355,710,7100.0,Available,Airline Site,Valid,
2631,18,BOM-HYD,Air India,AI519,2026-09-01,2026-07-18,T+45,Economy,2857.0,226,113,188,376,3760.0,Available,OTA,Valid,
2632,18,BOM-HYD,Air India,AI512,2026-09-01,2026-08-02,T+30,Economy,3792.0,299,150,250,499,4990.0,Available,OTA,Valid,
2633,18,BOM-HYD,Air India,AI868,2026-09-01,2026-08-17,T+15,Economy,4651.0,367,184,306,612,6120.0,Available,Airline Site,Valid,
2634,18,BOM-HYD,Air India,AI490,2026-09-01,2026-08-25,T+7,Economy,5867.0,463,232,386,772,7720.0,Available,Airline Site,Valid,
2635,18,BOM-HYD,Air India,AI910,2026-09-01,2026-08-31,T+1,Economy,5419.0,428,214,356,713,7130.0,Available,Airline Site,Valid,
2636,18,BOM-HYD,Akasa,AK116,2026-09-01,2026-07-18,T+45,Economy,2728.0,215,108,180,359,3590.0,Available,Airline Site,Valid,
2637,18,BOM-HYD,Akasa,AK609,2026-09-01,2026-08-02,T+30,Economy,3579.0,283,141,236,471,4710.0,Available,OTA,Valid,
2638,18,BOM-HYD,Akasa,AK384,2026-09-01,2026-08-17,T+15,Economy,5130.0,405,202,338,675,6750.0,Available,OTA,Valid,
2639,18,BOM-HYD,Akasa,AK545,2026-09-01,2026-08-25,T+7,Economy,5365.0,424,212,353,706,7060.0,Available,Airline Site,Valid,
2640,18,BOM-HYD,Akasa,AK461,2026-09-01,2026-08-31,T+1,Economy,5669.0,448,224,373,746,7460.0,Available,Airline Site,Valid,
2641,18,BLR-HYD,IndiGo,IN631,2026-09-01,2026-07-18,T+45,Economy,2843.0,224,112,187,374,3740.0,Available,Airline Site,Valid,
2642,18,BLR-HYD,IndiGo,IN415,2026-09-01,2026-08-02,T+30,Economy,3769.0,298,149,248,496,4960.0,Available,OTA,Valid,
2643,18,BLR-HYD,IndiGo,IN539,2026-09-01,2026-08-17,T+15,Economy,5123.0,404,202,337,674,6740.0,Available,Airline Site,Valid,
2644,18,BLR-HYD,IndiGo,IN482,2026-09-01,2026-08-25,T+7,Economy,5464.0,431,216,360,719,7190.0,Available,Airline Site,Valid,
2645,18,BLR-HYD,IndiGo,IN164,2026-09-01,2026-08-31,T+1,Economy,5867.0,463,232,386,772,7720.0,Sold Out,OTA,Flagged,Sold out at collection time
2646,18,BLR-HYD,Air India,AI339,2026-09-01,2026-07-18,T+45,Economy,2721.0,215,107,179,358,3580.0,Available,OTA,Valid,
2647,18,BLR-HYD,Air India,AI587,2026-09-01,2026-08-02,T+30,Economy,3861.0,305,152,254,508,5080.0,Available,OTA,Valid,
2648,18,BLR-HYD,Air India,AI299,2026-09-01,2026-08-17,T+15,Economy,4690.0,370,185,308,617,6170.0,Available,OTA,Valid,
2649,18,BLR-HYD,Air India,AI334,2026-09-01,2026-08-25,T+7,Economy,5533.0,437,218,364,728,7280.0,Available,Airline Site,Valid,
2650,18,BLR-HYD,Air India,AI676,2026-09-01,2026-08-31,T+1,Economy,5897.0,466,233,388,776,7760.0,Available,Airline Site,Valid,
2651,18,BLR-HYD,Akasa,AK251,2026-09-01,2026-07-18,T+45,Economy,2675.0,211,106,176,352,3520.0,Available,Airline Site,Valid,
2652,18,BLR-HYD,Akasa,AK845,2026-09-01,2026-08-02,T+30,Economy,3640.0,287,144,240,479,4790.0,Available,OTA,Valid,
2653,18,BLR-HYD,Akasa,AK888,2026-09-01,2026-08-17,T+15,Economy,4393.0,347,173,289,578,5780.0,Available,Airline Site,Valid,
2654,18,BLR-HYD,Akasa,AK585,2026-09-01,2026-08-25,T+7,Economy,5001.0,395,197,329,658,6580.0,Available,Airline Site,Valid,
2655,18,BLR-HYD,Akasa,AK594,2026-09-01,2026-08-31,T+1,Economy,5328.0,421,210,350,701,7010.0,Available,OTA,Valid,
2656,18,DEL-MAA,IndiGo,IN304,2026-09-01,2026-07-18,T+45,Economy,2714.0,214,107,178,357,3570.0,Available,Airline Site,Valid,
2657,18,DEL-MAA,IndiGo,IN223,2026-09-01,2026-08-02,T+30,Economy,3808.0,301,150,250,501,5010.0,Available,Airline Site,Valid,
2658,18,DEL-MAA,IndiGo,IN918,2026-09-01,2026-08-17,T+15,Economy,4629.0,365,183,304,609,6090.0,Available,Airline Site,Valid,
2659,18,DEL-MAA,IndiGo,IN938,2026-09-01,2026-08-25,T+7,Economy,5305.0,419,209,349,698,6980.0,Available,OTA,Valid,
2660,18,DEL-MAA,IndiGo,IN125,2026-09-01,2026-08-31,T+1,Economy,4955.0,391,196,326,652,6520.0,Sold Out,OTA,Flagged,Sold out at collection time
2661,18,DEL-MAA,Air India,AI251,2026-09-01,2026-07-18,T+45,Economy,2501.0,197,99,164,329,3290.0,Available,OTA,Valid,
2662,18,DEL-MAA,Air India,AI876,2026-09-01,2026-08-02,T+30,Economy,3336.0,263,132,220,439,4390.0,Available,OTA,Valid,
2663,18,DEL-MAA,Air India,AI721,2026-09-01,2026-08-17,T+15,Economy,4035.0,319,159,266,531,5310.0,Available,Airline Site,Valid,
2664,18,DEL-MAA,Air India,AI117,2026-09-01,2026-08-25,T+7,Economy,4643.0,367,183,306,611,6110.0,Available,OTA,Valid,
2665,18,DEL-MAA,Air India,AI422,2026-09-01,2026-08-31,T+1,Economy,4971.0,392,196,327,654,6540.0,Available,OTA,Valid,
2666,18,DEL-MAA,Akasa,AK505,2026-09-01,2026-07-18,T+45,Economy,2714.0,214,107,178,357,3570.0,Available,Airline Site,Valid,
2667,18,DEL-MAA,Akasa,AK874,2026-09-01,2026-08-02,T+30,Economy,3656.0,289,144,240,481,4810.0,Available,Airline Site,Valid,
2668,18,DEL-MAA,Akasa,AK608,2026-09-01,2026-08-17,T+15,Economy,4826.0,381,190,318,635,6350.0,Available,Airline Site,Valid,
2669,18,DEL-MAA,Akasa,AK267,2026-09-01,2026-08-25,T+7,Economy,4552.0,359,180,300,599,5990.0,Available,Airline Site,Valid,
2670,18,DEL-MAA,Akasa,AK465,2026-09-01,2026-08-31,T+1,Economy,4864.0,384,192,320,640,6400.0,Available,OTA,Valid,
2671,18,BOM-MAA,IndiGo,IN526,2026-09-01,2026-07-18,T+45,Economy,3518.0,278,139,232,463,4630.0,Available,OTA,Valid,
2672,18,BOM-MAA,IndiGo,IN191,2026-09-01,2026-08-02,T+30,Economy,5016.0,396,198,330,660,6600.0,Available,OTA,Valid,
2673,18,BOM-MAA,IndiGo,IN989,2026-09-01,2026-08-17,T+15,Economy,5829.0,460,230,384,767,7670.0,Available,Airline Site,Valid,
2674,18,BOM-MAA,IndiGo,IN124,2026-09-01,2026-08-25,T+7,Economy,6217.0,491,245,409,818,8180.0,Available,Airline Site,Valid,
2675,18,BOM-MAA,IndiGo,IN876,2026-09-01,2026-08-31,T+1,Economy,7091.0,560,280,466,933,9330.0,Available,Airline Site,Valid,
2676,18,BOM-MAA,Air India,AI496,2026-09-01,2026-07-18,T+45,Economy,4256.0,336,168,280,560,5600.0,Available,OTA,Valid,
2677,18,BOM-MAA,Air India,AI604,2026-09-01,2026-08-02,T+30,Economy,5548.0,438,219,365,730,7300.0,Sold Out,OTA,Flagged,Sold out at collection time
2678,18,BOM-MAA,Air India,AI703,2026-09-01,2026-08-17,T+15,Economy,7182.0,567,284,472,945,9450.0,Sold Out,Airline Site,Flagged,Sold out at collection time
2679,18,BOM-MAA,Air India,AI818,2026-09-01,2026-08-25,T+7,Economy,8025.0,634,317,528,1056,10560.0,Available,OTA,Valid,
2680,18,BOM-MAA,Air India,AI506,2026-09-01,2026-08-31,T+1,Economy,8907.0,703,352,586,1172,11720.0,Available,Airline Site,Valid,
2681,18,BOM-MAA,Akasa,AK669,2026-09-01,2026-07-18,T+45,Economy,4218.0,333,166,278,555,5550.0,Available,OTA,Valid,
2682,18,BOM-MAA,Akasa,AK722,2026-09-01,2026-08-02,T+30,Economy,5427.0,428,214,357,714,7140.0,Available,Airline Site,Valid,
2683,18,BOM-MAA,Akasa,AK222,2026-09-01,2026-08-17,T+15,Economy,6916.0,546,273,455,910,9100.0,Available,OTA,Valid,
2684,18,BOM-MAA,Akasa,AK767,2026-09-01,2026-08-25,T+7,Economy,7258.0,573,286,478,955,9550.0,Available,OTA,Valid,
2685,18,BOM-MAA,Akasa,AK496,2026-09-01,2026-08-31,T+1,Economy,7851.0,620,310,516,1033,10330.0,Available,Airline Site,Valid,
2686,18,CCU-BLR,IndiGo,IN790,2026-09-01,2026-07-18,T+45,Economy,2569.0,203,101,169,338,3380.0,Available,OTA,Valid,
2687,18,CCU-BLR,IndiGo,IN741,2026-09-01,2026-08-02,T+30,Economy,3253.0,257,128,214,428,4280.0,Available,OTA,Valid,
2688,18,CCU-BLR,IndiGo,IN112,2026-09-01,2026-08-17,T+15,Economy,3930.0,310,155,258,517,5170.0,Available,Airline Site,Valid,
2689,18,CCU-BLR,IndiGo,IN837,2026-09-01,2026-08-25,T+7,Economy,5047.0,398,199,332,664,6640.0,Available,OTA,Valid,
2690,18,CCU-BLR,IndiGo,IN871,2026-09-01,2026-08-31,T+1,Economy,5024.0,397,198,330,661,6610.0,Available,OTA,Valid,
2691,18,CCU-BLR,Air India,AI783,2026-09-01,2026-07-18,T+45,Economy,2523.0,199,100,166,332,3320.0,Available,Airline Site,Valid,
2692,18,CCU-BLR,Air India,AI100,2026-09-01,2026-08-02,T+30,Economy,3093.0,244,122,204,407,4070.0,Available,Airline Site,Valid,
2693,18,CCU-BLR,Air India,AI100,2026-09-01,2026-08-17,T+15,Economy,4621.0,365,182,304,608,6080.0,Available,OTA,Valid,
2694,18,CCU-BLR,Air India,AI199,2026-09-01,2026-08-25,T+7,Economy,5047.0,398,199,332,664,6640.0,Available,Airline Site,Valid,
2695,18,CCU-BLR,Air India,AI859,2026-09-01,2026-08-31,T+1,Economy,5342.0,422,211,352,703,7030.0,Available,Airline Site,Valid,
2696,18,CCU-BLR,Akasa,AK135,2026-09-01,2026-07-18,T+45,Economy,2349.0,185,93,154,309,3090.0,Available,OTA,Valid,
2697,18,CCU-BLR,Akasa,AK919,2026-09-01,2026-08-02,T+30,Economy,3062.0,242,121,202,403,4030.0,Available,Airline Site,Valid,
2698,18,CCU-BLR,Akasa,AK798,2026-09-01,2026-08-17,T+15,Economy,4439.0,350,175,292,584,5840.0,Available,OTA,Valid,
2699,18,CCU-BLR,Akasa,AK842,2026-09-01,2026-08-25,T+7,Economy,4066.0,321,160,268,535,5350.0,Available,OTA,Valid,
2700,18,CCU-BLR,Akasa,AK591,2026-09-01,2026-08-31,T+1,Economy,4605.0,364,182,303,606,6060.0,Available,Airline Site,Valid,
2701,19,DEL-BOM,IndiGo,IN542,2026-09-02,2026-07-19,T+45,Economy,4173.0,329,165,274,549,5490.0,Available,OTA,Valid,
2702,19,DEL-BOM,IndiGo,IN145,2026-09-02,2026-08-03,T+30,Economy,5396.0,426,213,355,710,7100.0,Available,OTA,Valid,
2703,19,DEL-BOM,IndiGo,IN307,2026-09-02,2026-08-18,T+15,Economy,7691.0,607,304,506,1012,10120.0,Available,Airline Site,Valid,
2704,19,DEL-BOM,IndiGo,IN292,2026-09-02,2026-08-26,T+7,Economy,8633.0,682,341,568,1136,11360.0,Available,OTA,Valid,
2705,19,DEL-BOM,IndiGo,IN145,2026-09-02,2026-09-01,T+1,Economy,9621.0,760,380,633,1266,12660.0,Available,OTA,Valid,
2706,19,DEL-BOM,Air India,AI832,2026-09-02,2026-07-19,T+45,Economy,4507.0,356,178,296,593,5930.0,Available,Airline Site,Valid,
2707,19,DEL-BOM,Air India,AI476,2026-09-02,2026-08-03,T+30,Economy,5677.0,448,224,374,747,7470.0,Available,OTA,Valid,
2708,19,DEL-BOM,Air India,AI480,2026-09-02,2026-08-18,T+15,Economy,7531.0,595,297,496,991,9910.0,Available,Airline Site,Valid,
2709,19,DEL-BOM,Air India,AI516,2026-09-02,2026-08-26,T+7,Economy,8087.0,638,319,532,1064,10640.0,Available,OTA,Valid,
2710,19,DEL-BOM,Air India,AI885,2026-09-02,2026-09-01,T+1,Economy,8946.0,706,353,588,1177,11770.0,Available,OTA,Valid,
2711,19,DEL-BOM,Akasa,AK188,2026-09-02,2026-07-19,T+45,Economy,4651.0,367,184,306,612,6120.0,Available,Airline Site,Valid,
2712,19,DEL-BOM,Akasa,AK577,2026-09-02,2026-08-03,T+30,Economy,5936.0,469,234,390,781,7810.0,Available,Airline Site,Valid,
2713,19,DEL-BOM,Akasa,AK980,2026-09-02,2026-08-18,T+15,Economy,8208.0,648,324,540,1080,10800.0,Available,Airline Site,Valid,
2714,19,DEL-BOM,Akasa,AK951,2026-09-02,2026-08-26,T+7,Economy,8755.0,691,346,576,1152,11520.0,Available,Airline Site,Valid,
2715,19,DEL-BOM,Akasa,AK944,2026-09-02,2026-09-01,T+1,Economy,10412.0,822,411,685,1370,13700.0,Available,Airline Site,Valid,
2716,19,DEL-BLR,IndiGo,IN632,2026-09-02,2026-07-19,T+45,Economy,2592.0,205,102,170,341,3410.0,Available,Airline Site,Valid,
2717,19,DEL-BLR,IndiGo,IN268,2026-09-02,2026-08-03,T+30,Economy,3397.0,268,134,224,447,4470.0,Available,OTA,Valid,
2718,19,DEL-BLR,IndiGo,IN956,2026-09-02,2026-08-18,T+15,Economy,4339.0,343,171,286,571,5710.0,Available,OTA,Valid,
2719,19,DEL-BLR,IndiGo,IN324,2026-09-02,2026-08-26,T+7,Economy,4994.0,394,197,328,657,6570.0,Available,OTA,Valid,
2720,19,DEL-BLR,IndiGo,IN331,2026-09-02,2026-09-01,T+1,Economy,5632.0,445,222,370,741,7410.0,Available,OTA,Valid,
2721,19,DEL-BLR,Air India,AI833,2026-09-02,2026-07-19,T+45,Economy,2280.0,180,90,150,300,3000.0,Sold Out,Airline Site,Flagged,Sold out at collection time
2722,19,DEL-BLR,Air India,AI811,2026-09-02,2026-08-03,T+30,Economy,3101.0,245,122,204,408,4080.0,Available,Airline Site,Valid,
2723,19,DEL-BLR,Air India,AI314,2026-09-02,2026-08-18,T+15,Economy,3960.0,313,156,260,521,5210.0,Available,Airline Site,Valid,
2724,19,DEL-BLR,Air India,AI116,2026-09-02,2026-08-26,T+7,Economy,4575.0,361,181,301,602,6020.0,Sold Out,Airline Site,Flagged,Sold out at collection time
2725,19,DEL-BLR,Air India,AI796,2026-09-02,2026-09-01,T+1,Economy,4309.0,340,170,284,567,5670.0,Available,OTA,Valid,
2726,19,DEL-BLR,Akasa,AK777,2026-09-02,2026-07-19,T+45,Economy,2447.0,193,97,161,322,3220.0,Available,OTA,Valid,
2727,19,DEL-BLR,Akasa,AK411,2026-09-02,2026-08-03,T+30,Economy,3131.0,247,124,206,412,4120.0,Available,OTA,Valid,
2728,19,DEL-BLR,Akasa,AK795,2026-09-02,2026-08-18,T+15,Economy,4180.0,330,165,275,550,5500.0,Available,Airline Site,Valid,
2729,19,DEL-BLR,Akasa,AK361,2026-09-02,2026-08-26,T+7,Economy,4453.0,352,176,293,586,5860.0,Available,OTA,Valid,
2730,19,DEL-BLR,Akasa,AK532,2026-09-02,2026-09-01,T+1,Economy,5206.0,411,206,342,685,6850.0,Available,OTA,Valid,
2731,19,BOM-BLR,IndiGo,IN599,2026-09-02,2026-07-19,T+45,Economy,2235.0,176,88,147,294,2940.0,Available,Airline Site,Valid,
2732,19,BOM-BLR,IndiGo,IN184,2026-09-02,2026-08-03,T+30,Economy,3032.0,239,120,200,399,3990.0,Available,Airline Site,Valid,
2733,19,BOM-BLR,IndiGo,IN347,2026-09-02,2026-08-18,T+15,Economy,3845.0,304,152,253,506,5060.0,Available,OTA,Valid,
2734,19,BOM-BLR,IndiGo,IN895,2026-09-02,2026-08-26,T+7,Economy,3755.0,296,148,247,494,4940.0,Available,OTA,Valid,
2735,19,BOM-BLR,IndiGo,IN110,2026-09-02,2026-09-01,T+1,Economy,4218.0,333,166,278,555,5550.0,Available,Airline Site,Valid,
2736,19,BOM-BLR,Air India,AI574,2026-09-02,2026-07-19,T+45,Economy,2356.0,186,93,155,310,3100.0,Available,OTA,Valid,
2737,19,BOM-BLR,Air India,AI841,2026-09-02,2026-08-03,T+30,Economy,3306.0,261,130,218,435,4350.0,Sold Out,Airline Site,Flagged,Sold out at collection time
2738,19,BOM-BLR,Air India,AI562,2026-09-02,2026-08-18,T+15,Economy,4157.0,328,164,274,547,5470.0,Available,Airline Site,Valid,
2739,19,BOM-BLR,Air India,AI536,2026-09-02,2026-08-26,T+7,Economy,4005.0,316,158,264,527,5270.0,Available,Airline Site,Valid,
2740,19,BOM-BLR,Air India,AI593,2026-09-02,2026-09-01,T+1,Economy,5176.0,409,204,340,681,6810.0,Available,Airline Site,Valid,
2741,19,BOM-BLR,Akasa,AK280,2026-09-02,2026-07-19,T+45,Economy,2143.0,169,85,141,282,2820.0,Available,Airline Site,Valid,
2742,19,BOM-BLR,Akasa,AK986,2026-09-02,2026-08-03,T+30,Economy,2744.0,217,108,180,361,3610.0,Available,OTA,Valid,
2743,19,BOM-BLR,Akasa,AK817,2026-09-02,2026-08-18,T+15,Economy,3405.0,269,134,224,448,4480.0,Available,Airline Site,Valid,
2744,19,BOM-BLR,Akasa,AK858,2026-09-02,2026-08-26,T+7,Economy,3565.0,281,141,234,469,4690.0,Available,Airline Site,Valid,
2745,19,BOM-BLR,Akasa,AK815,2026-09-02,2026-09-01,T+1,Economy,4203.0,332,166,276,553,5530.0,Available,OTA,Valid,
2746,19,DEL-CCU,IndiGo,IN670,2026-09-02,2026-07-19,T+45,Economy,2728.0,215,108,180,359,3590.0,Available,Airline Site,Valid,
2747,19,DEL-CCU,IndiGo,IN780,2026-09-02,2026-08-03,T+30,Economy,3481.0,275,137,229,458,4580.0,Available,OTA,Valid,
2748,19,DEL-CCU,IndiGo,IN996,2026-09-02,2026-08-18,T+15,Economy,4636.0,366,183,305,610,6100.0,Available,Airline Site,Valid,
2749,19,DEL-CCU,IndiGo,IN780,2026-09-02,2026-08-26,T+7,Economy,4842.0,382,191,318,637,6370.0,Available,OTA,Valid,
2750,19,DEL-CCU,IndiGo,IN908,2026-09-02,2026-09-01,T+1,Economy,5669.0,448,224,373,746,7460.0,Available,OTA,Valid,
2751,19,DEL-CCU,Air India,AI407,2026-09-02,2026-07-19,T+45,Economy,2721.0,215,107,179,358,3580.0,Available,OTA,Valid,
2752,19,DEL-CCU,Air India,AI907,2026-09-02,2026-08-03,T+30,Economy,3420.0,270,135,225,450,4500.0,Sold Out,OTA,Flagged,Sold out at collection time
2753,19,DEL-CCU,Air India,AI930,2026-09-02,2026-08-18,T+15,Economy,4643.0,367,183,306,611,6110.0,Available,Airline Site,Valid,
2754,19,DEL-CCU,Air India,AI293,2026-09-02,2026-08-26,T+7,Economy,5754.0,454,227,378,757,7570.0,Available,OTA,Valid,
2755,19,DEL-CCU,Air India,AI497,2026-09-02,2026-09-01,T+1,Economy,5450.0,430,215,358,717,7170.0,Available,Airline Site,Valid,
2756,19,DEL-CCU,Akasa,AK981,2026-09-02,2026-07-19,T+45,Economy,2789.0,220,110,184,367,3670.0,Available,OTA,Valid,
2757,19,DEL-CCU,Akasa,AK679,2026-09-02,2026-08-03,T+30,Economy,3876.0,306,153,255,510,5100.0,Available,OTA,Valid,
2758,19,DEL-CCU,Akasa,AK330,2026-09-02,2026-08-18,T+15,Economy,5016.0,396,198,330,660,6600.0,Available,OTA,Valid,
2759,19,DEL-CCU,Akasa,AK991,2026-09-02,2026-08-26,T+7,Economy,4720.0,373,186,310,621,6210.0,Available,OTA,Valid,
2760,19,DEL-CCU,Akasa,AK482,2026-09-02,2026-09-01,T+1,Economy,5054.0,399,200,332,665,6650.0,Available,Airline Site,Valid,
2761,19,DEL-HYD,IndiGo,IN516,2026-09-02,2026-07-19,T+45,Economy,2919.0,230,115,192,384,3840.0,Available,Airline Site,Valid,
2762,19,DEL-HYD,IndiGo,IN609,2026-09-02,2026-08-03,T+30,Economy,3755.0,296,148,247,494,4940.0,Available,OTA,Valid,
2763,19,DEL-HYD,IndiGo,IN675,2026-09-02,2026-08-18,T+15,Economy,4947.0,391,195,326,651,6510.0,Available,Airline Site,Valid,
2764,19,DEL-HYD,IndiGo,IN384,2026-09-02,2026-08-26,T+7,Economy,5586.0,441,220,368,735,7350.0,Available,OTA,Valid,
2765,19,DEL-HYD,IndiGo,IN449,2026-09-02,2026-09-01,T+1,Economy,6201.0,490,245,408,816,8160.0,Available,OTA,Valid,
2766,19,DEL-HYD,Air India,AI599,2026-09-02,2026-07-19,T+45,Economy,3344.0,264,132,220,440,4400.0,Available,Airline Site,Valid,
2767,19,DEL-HYD,Air India,AI601,2026-09-02,2026-08-03,T+30,Economy,4393.0,347,173,289,578,5780.0,Available,Airline Site,Valid,
2768,19,DEL-HYD,Air India,AI377,2026-09-02,2026-08-18,T+15,Economy,5342.0,422,211,352,703,7030.0,Available,Airline Site,Valid,
2769,19,DEL-HYD,Air India,AI345,2026-09-02,2026-08-26,T+7,Economy,6201.0,490,245,408,816,8160.0,Available,OTA,Valid,
2770,19,DEL-HYD,Air India,AI443,2026-09-02,2026-09-01,T+1,Economy,7417.0,586,293,488,976,9760.0,Available,OTA,Valid,
2771,19,DEL-HYD,Akasa,AK292,2026-09-02,2026-07-19,T+45,Economy,2987.0,236,118,196,393,3930.0,Available,Airline Site,Valid,
2772,19,DEL-HYD,Akasa,AK294,2026-09-02,2026-08-03,T+30,Economy,4195.0,331,166,276,552,5520.0,Available,OTA,Valid,
2773,19,DEL-HYD,Akasa,AK309,2026-09-02,2026-08-18,T+15,Economy,5259.0,415,208,346,692,6920.0,Available,Airline Site,Valid,
2774,19,DEL-HYD,Akasa,AK398,2026-09-02,2026-08-26,T+7,Economy,5176.0,409,204,340,681,6810.0,Available,Airline Site,Valid,
2775,19,DEL-HYD,Akasa,AK445,2026-09-02,2026-09-01,T+1,Economy,6187.0,488,244,407,814,8140.0,Available,OTA,Valid,
2776,19,BOM-HYD,IndiGo,IN570,2026-09-02,2026-07-19,T+45,Economy,3002.0,237,118,198,395,3950.0,Available,Airline Site,Valid,
2777,19,BOM-HYD,IndiGo,IN227,2026-09-02,2026-08-03,T+30,Economy,3731.0,295,147,246,491,4910.0,Available,OTA,Valid,
2778,19,BOM-HYD,IndiGo,IN360,2026-09-02,2026-08-18,T+15,Economy,4408.0,348,174,290,580,5800.0,Available,OTA,Valid,
2779,19,BOM-HYD,IndiGo,IN940,2026-09-02,2026-08-26,T+7,Economy,6072.0,479,240,400,799,7990.0,Available,OTA,Valid,
2780,19,BOM-HYD,IndiGo,IN537,2026-09-02,2026-09-01,T+1,Economy,5351.0,422,211,352,704,7040.0,Available,OTA,Valid,
2781,19,BOM-HYD,Air India,AI222,2026-09-02,2026-07-19,T+45,Economy,3025.0,239,119,199,398,3980.0,Available,Airline Site,Valid,
2782,19,BOM-HYD,Air India,AI155,2026-09-02,2026-08-03,T+30,Economy,4112.0,325,162,270,541,5410.0,Sold Out,Airline Site,Flagged,Sold out at collection time
2783,19,BOM-HYD,Air India,AI374,2026-09-02,2026-08-18,T+15,Economy,4963.0,392,196,326,653,6530.0,Available,Airline Site,Valid,
2784,19,BOM-HYD,Air India,AI309,2026-09-02,2026-08-26,T+7,Economy,6362.0,502,251,418,837,8370.0,Sold Out,Airline Site,Flagged,Sold out at collection time
2785,19,BOM-HYD,Air India,AI739,2026-09-02,2026-09-01,T+1,Economy,5389.0,425,213,354,709,7090.0,Available,OTA,Valid,
2786,19,BOM-HYD,Akasa,AK684,2026-09-02,2026-07-19,T+45,Economy,2971.0,235,117,196,391,3910.0,Available,OTA,Valid,
2787,19,BOM-HYD,Akasa,AK666,2026-09-02,2026-08-03,T+30,Economy,4059.0,320,160,267,534,5340.0,Available,Airline Site,Valid,
2788,19,BOM-HYD,Akasa,AK492,2026-09-02,2026-08-18,T+15,Economy,4819.0,380,190,317,634,6340.0,Available,Airline Site,Valid,
2789,19,BOM-HYD,Akasa,AK858,2026-09-02,2026-08-26,T+7,Economy,5981.0,472,236,394,787,7870.0,Available,OTA,Valid,
2790,19,BOM-HYD,Akasa,AK352,2026-09-02,2026-09-01,T+1,Economy,6277.0,496,248,413,826,8260.0,Available,Airline Site,Valid,
2791,19,BLR-HYD,IndiGo,IN386,2026-09-02,2026-07-19,T+45,Economy,2910.0,230,115,192,383,3830.0,Available,Airline Site,Valid,
2792,19,BLR-HYD,IndiGo,IN981,2026-09-02,2026-08-03,T+30,Economy,3907.0,308,154,257,514,5140.0,Available,OTA,Valid,
2793,19,BLR-HYD,IndiGo,IN967,2026-09-02,2026-08-18,T+15,Economy,4704.0,371,186,310,619,6190.0,Available,OTA,Valid,
2794,19,BLR-HYD,IndiGo,IN493,2026-09-02,2026-08-26,T+7,Economy,5365.0,424,212,353,706,7060.0,Available,OTA,Valid,
2795,19,BLR-HYD,IndiGo,IN310,2026-09-02,2026-09-01,T+1,Economy,5176.0,409,204,340,681,6810.0,Available,OTA,Valid,
2796,19,BLR-HYD,Air India,AI121,2026-09-02,2026-07-19,T+45,Economy,2721.0,215,107,179,358,3580.0,Available,OTA,Valid,
2797,19,BLR-HYD,Air India,AI481,2026-09-02,2026-08-03,T+30,Economy,3891.0,307,154,256,512,5120.0,Available,Airline Site,Valid,
2798,19,BLR-HYD,Air India,AI486,2026-09-02,2026-08-18,T+15,Economy,4819.0,380,190,317,634,6340.0,Available,OTA,Valid,
2799,19,BLR-HYD,Air India,AI514,2026-09-02,2026-08-26,T+7,Economy,4788.0,378,189,315,630,6300.0,Available,OTA,Valid,
2800,19,BLR-HYD,Air India,AI998,2026-09-02,2026-09-01,T+1,Economy,6058.0,478,239,398,797,7970.0,Available,Airline Site,Valid,
2801,19,BLR-HYD,Akasa,AK166,2026-09-02,2026-07-19,T+45,Economy,2910.0,230,115,192,383,3830.0,Available,Airline Site,Valid,
2802,19,BLR-HYD,Akasa,AK490,2026-09-02,2026-08-03,T+30,Economy,3808.0,301,150,250,501,5010.0,Sold Out,OTA,Flagged,Sold out at collection time
2803,19,BLR-HYD,Akasa,AK191,2026-09-02,2026-08-18,T+15,Economy,5244.0,414,207,345,690,6900.0,Available,OTA,Valid,
2804,19,BLR-HYD,Akasa,AK366,2026-09-02,2026-08-26,T+7,Economy,5069.0,400,200,334,667,6670.0,Available,Airline Site,Valid,
2805,19,BLR-HYD,Akasa,AK629,2026-09-02,2026-09-01,T+1,Economy,5480.0,433,216,360,721,7210.0,Available,Airline Site,Valid,
2806,19,DEL-MAA,IndiGo,IN192,2026-09-02,2026-07-19,T+45,Economy,2964.0,234,117,195,390,3900.0,Available,Airline Site,Valid,
2807,19,DEL-MAA,IndiGo,IN151,2026-09-02,2026-08-03,T+30,Economy,3785.0,299,149,249,498,4980.0,Available,OTA,Valid,
2808,19,DEL-MAA,IndiGo,IN979,2026-09-02,2026-08-18,T+15,Economy,4849.0,383,191,319,638,6380.0,Available,Airline Site,Valid,
2809,19,DEL-MAA,IndiGo,IN633,2026-09-02,2026-08-26,T+7,Economy,5115.0,404,202,336,673,6730.0,Available,Airline Site,Valid,
2810,19,DEL-MAA,IndiGo,IN901,2026-09-02,2026-09-01,T+1,Economy,6111.0,482,241,402,804,8040.0,Available,Airline Site,Valid,
2811,19,DEL-MAA,Air India,AI271,2026-09-02,2026-07-19,T+45,Economy,2546.0,201,100,168,335,3350.0,Available,Airline Site,Valid,
2812,19,DEL-MAA,Air India,AI891,2026-09-02,2026-08-03,T+30,Economy,3405.0,269,134,224,448,4480.0,Available,Airline Site,Valid,
2813,19,DEL-MAA,Air India,AI666,2026-09-02,2026-08-18,T+15,Economy,4446.0,351,176,292,585,5850.0,Available,Airline Site,Valid,
2814,19,DEL-MAA,Air India,AI351,2026-09-02,2026-08-26,T+7,Economy,4560.0,360,180,300,600,6000.0,Available,OTA,Valid,
2815,19,DEL-MAA,Air India,AI625,2026-09-02,2026-09-01,T+1,Economy,5715.0,451,226,376,752,7520.0,Available,Airline Site,Valid,
2816,19,DEL-MAA,Akasa,AK966,2026-09-02,2026-07-19,T+45,Economy,2606.0,206,103,172,343,3430.0,Available,OTA,Valid,
2817,19,DEL-MAA,Akasa,AK351,2026-09-02,2026-08-03,T+30,Economy,3511.0,277,139,231,462,4620.0,Available,Airline Site,Valid,
2818,19,DEL-MAA,Akasa,AK720,2026-09-02,2026-08-18,T+15,Economy,4529.0,358,179,298,596,5960.0,Available,Airline Site,Valid,
2819,19,DEL-MAA,Akasa,AK394,2026-09-02,2026-08-26,T+7,Economy,5335.0,421,211,351,702,7020.0,Available,OTA,Valid,
2820,19,DEL-MAA,Akasa,AK654,2026-09-02,2026-09-01,T+1,Economy,5480.0,433,216,360,721,7210.0,Available,OTA,Valid,
2821,19,BOM-MAA,IndiGo,IN835,2026-09-02,2026-07-19,T+45,Economy,4347.0,343,172,286,572,5720.0,Available,OTA,Valid,
2822,19,BOM-MAA,IndiGo,IN517,2026-09-02,2026-08-03,T+30,Economy,6027.0,476,238,396,793,7930.0,Available,OTA,Valid,
2823,19,BOM-MAA,IndiGo,IN175,2026-09-02,2026-08-18,T+15,Economy,6619.0,523,261,436,871,8710.0,Available,OTA,Valid,
2824,19,BOM-MAA,IndiGo,IN522,2026-09-02,2026-08-26,T+7,Economy,8581.0,677,339,564,1129,11290.0,Available,OTA,Valid,
2825,19,BOM-MAA,IndiGo,IN303,2026-09-02,2026-09-01,T+1,Economy,8398.0,663,332,552,1105,11050.0,Available,Airline Site,Valid,
2826,19,BOM-MAA,Air India,AI985,2026-09-02,2026-07-19,T+45,Economy,3845.0,304,152,253,506,5060.0,Available,Airline Site,Valid,
2827,19,BOM-MAA,Air India,AI350,2026-09-02,2026-08-03,T+30,Economy,5335.0,421,211,351,702,7020.0,Available,Airline Site,Valid,
2828,19,BOM-MAA,Air India,AI508,2026-09-02,2026-08-18,T+15,Economy,7099.0,560,280,467,934,9340.0,Available,OTA,Valid,
2829,19,BOM-MAA,Air India,AI233,2026-09-02,2026-08-26,T+7,Economy,7068.0,558,279,465,930,9300.0,Available,Airline Site,Valid,
2830,19,BOM-MAA,Air India,AI755,2026-09-02,2026-09-01,T+1,Economy,7311.0,577,289,481,962,9620.0,Available,OTA,Valid,
2831,19,BOM-MAA,Akasa,AK769,2026-09-02,2026-07-19,T+45,Economy,3974.0,314,157,262,523,5230.0,Available,Airline Site,Valid,
2832,19,BOM-MAA,Akasa,AK624,2026-09-02,2026-08-03,T+30,Economy,5251.0,415,207,346,691,6910.0,Available,Airline Site,Valid,
2833,19,BOM-MAA,Akasa,AK590,2026-09-02,2026-08-18,T+15,Economy,7311.0,577,289,481,962,9620.0,Available,OTA,Valid,
2834,19,BOM-MAA,Akasa,AK269,2026-09-02,2026-08-26,T+7,Economy,6992.0,552,276,460,920,9200.0,Sold Out,Airline Site,Flagged,Sold out at collection time
2835,19,BOM-MAA,Akasa,AK376,2026-09-02,2026-09-01,T+1,Economy,7281.0,575,287,479,958,9580.0,Available,Airline Site,Valid,
2836,19,CCU-BLR,IndiGo,IN727,2026-09-02,2026-07-19,T+45,Economy,2410.0,190,95,158,317,3170.0,Available,OTA,Valid,
2837,19,CCU-BLR,IndiGo,IN629,2026-09-02,2026-08-03,T+30,Economy,3116.0,246,123,205,410,4100.0,Available,OTA,Valid,
2838,19,CCU-BLR,IndiGo,IN626,2026-09-02,2026-08-18,T+15,Economy,4332.0,342,171,285,570,5700.0,Sold Out,Airline Site,Flagged,Sold out at collection time
2839,19,CCU-BLR,IndiGo,IN944,2026-09-02,2026-08-26,T+7,Economy,5001.0,395,197,329,658,6580.0,Available,OTA,Valid,
2840,19,CCU-BLR,IndiGo,IN247,2026-09-02,2026-09-01,T+1,Economy,5251.0,415,207,346,691,6910.0,Available,Airline Site,Valid,
2841,19,CCU-BLR,Air India,AI142,2026-09-02,2026-07-19,T+45,Economy,2288.0,181,90,150,301,3010.0,Sold Out,Airline Site,Flagged,Sold out at collection time
2842,19,CCU-BLR,Air India,AI682,2026-09-02,2026-08-03,T+30,Economy,3214.0,254,127,212,423,4230.0,Available,Airline Site,Valid,
2843,19,CCU-BLR,Air India,AI315,2026-09-02,2026-08-18,T+15,Economy,3869.0,305,153,254,509,5090.0,Sold Out,Airline Site,Flagged,Sold out at collection time
2844,19,CCU-BLR,Air India,AI844,2026-09-02,2026-08-26,T+7,Economy,3899.0,308,154,256,513,5130.0,Available,Airline Site,Valid,
2845,19,CCU-BLR,Air India,AI269,2026-09-02,2026-09-01,T+1,Economy,4453.0,352,176,293,586,5860.0,Available,OTA,Valid,
2846,19,CCU-BLR,Akasa,AK450,2026-09-02,2026-07-19,T+45,Economy,2356.0,186,93,155,310,3100.0,Available,OTA,Valid,
2847,19,CCU-BLR,Akasa,AK364,2026-09-02,2026-08-03,T+30,Economy,3344.0,264,132,220,440,4400.0,Available,OTA,Valid,
2848,19,CCU-BLR,Akasa,AK259,2026-09-02,2026-08-18,T+15,Economy,3983.0,314,157,262,524,5240.0,Available,OTA,Valid,
2849,19,CCU-BLR,Akasa,AK351,2026-09-02,2026-08-26,T+7,Economy,4734.0,374,187,312,623,6230.0,Available,Airline Site,Valid,
2850,19,CCU-BLR,Akasa,AK621,2026-09-02,2026-09-01,T+1,Economy,4545.0,359,179,299,598,5980.0,Available,OTA,Valid,
2851,20,DEL-BOM,IndiGo,IN943,2026-09-03,2026-07-20,T+45,Economy,4393.0,347,173,289,578,5780.0,Available,Airline Site,Valid,
2852,20,DEL-BOM,IndiGo,IN354,2026-09-03,2026-08-04,T+30,Economy,6171.0,487,244,406,812,8120.0,Available,Airline Site,Valid,
2853,20,DEL-BOM,IndiGo,IN617,2026-09-03,2026-08-19,T+15,Economy,8307.0,656,328,546,1093,10930.0,Available,OTA,Valid,
2854,20,DEL-BOM,IndiGo,IN183,2026-09-03,2026-08-27,T+7,Economy,8177.0,646,323,538,1076,10760.0,Available,OTA,Valid,
2855,20,DEL-BOM,IndiGo,IN893,2026-09-03,2026-09-02,T+1,Economy,10108.0,798,399,665,1330,13300.0,Available,Airline Site,Valid,
2856,20,DEL-BOM,Air India,AI584,2026-09-03,2026-07-20,T+45,Economy,4234.0,334,167,278,557,5570.0,Available,OTA,Valid,
2857,20,DEL-BOM,Air India,AI341,2026-09-03,2026-08-04,T+30,Economy,6011.0,475,237,396,791,7910.0,Available,OTA,Valid,
2858,20,DEL-BOM,Air India,AI319,2026-09-03,2026-08-19,T+15,Economy,7919.0,625,313,521,1042,10420.0,Available,Airline Site,Valid,
2859,20,DEL-BOM,Air India,AI268,2026-09-03,2026-08-27,T+7,Economy,7821.0,617,309,514,1029,10290.0,Available,OTA,Valid,
2860,20,DEL-BOM,Air India,AI203,2026-09-03,2026-09-02,T+1,Economy,9151.0,722,361,602,1204,12040.0,Available,Airline Site,Valid,
2861,20,DEL-BOM,Akasa,AK912,2026-09-03,2026-07-20,T+45,Economy,4180.0,330,165,275,550,5500.0,Available,Airline Site,Valid,
2862,20,DEL-BOM,Akasa,AK281,2026-09-03,2026-08-04,T+30,Economy,5669.0,448,224,373,746,7460.0,Sold Out,OTA,Flagged,Sold out at collection time
2863,20,DEL-BOM,Akasa,AK802,2026-09-03,2026-08-19,T+15,Economy,7531.0,595,297,496,991,9910.0,Available,OTA,Valid,
2864,20,DEL-BOM,Akasa,AK269,2026-09-03,2026-08-27,T+7,Economy,7783.0,614,307,512,1024,10240.0,Available,OTA,Valid,
2865,20,DEL-BOM,Akasa,AK184,2026-09-03,2026-09-02,T+1,Economy,7691.0,607,304,506,1012,10120.0,Available,Airline Site,Valid,
2866,20,DEL-BLR,IndiGo,IN602,2026-09-03,2026-07-20,T+45,Economy,2242.0,177,88,148,295,2950.0,Available,OTA,Valid,
2867,20,DEL-BLR,IndiGo,IN951,2026-09-03,2026-08-04,T+30,Economy,3093.0,244,122,204,407,4070.0,Available,Airline Site,Valid,
2868,20,DEL-BLR,IndiGo,IN366,2026-09-03,2026-08-19,T+15,Economy,3527.0,278,139,232,464,4640.0,Available,Airline Site,Valid,
2869,20,DEL-BLR,IndiGo,IN390,2026-09-03,2026-08-27,T+7,Economy,4180.0,330,165,275,550,5500.0,Sold Out,OTA,Flagged,Sold out at collection time
2870,20,DEL-BLR,IndiGo,IN929,2026-09-03,2026-09-02,T+1,Economy,4803.0,379,190,316,632,6320.0,Available,OTA,Valid,
2871,20,DEL-BLR,Air India,AI926,2026-09-03,2026-07-20,T+45,Economy,2288.0,181,90,150,301,3010.0,Available,OTA,Valid,
2872,20,DEL-BLR,Air India,AI572,2026-09-03,2026-08-04,T+30,Economy,3116.0,246,123,205,410,4100.0,Available,Airline Site,Valid,
2873,20,DEL-BLR,Air India,AI996,2026-09-03,2026-08-19,T+15,Economy,3465.0,274,137,228,456,4560.0,Available,Airline Site,Valid,
2874,20,DEL-BLR,Air India,AI840,2026-09-03,2026-08-27,T+7,Economy,4720.0,373,186,310,621,6210.0,Available,OTA,Valid,
2875,20,DEL-BLR,Air India,AI835,2026-09-03,2026-09-02,T+1,Economy,4895.0,386,193,322,644,6440.0,Available,OTA,Valid,
2876,20,DEL-BLR,Akasa,AK665,2026-09-03,2026-07-20,T+45,Economy,2280.0,180,90,150,300,3000.0,Available,OTA,Valid,
2877,20,DEL-BLR,Akasa,AK584,2026-09-03,2026-08-04,T+30,Economy,3109.0,245,123,204,409,4090.0,Available,OTA,Valid,
2878,20,DEL-BLR,Akasa,AK167,2026-09-03,2026-08-19,T+15,Economy,3458.0,273,136,228,455,4550.0,Sold Out,OTA,Flagged,Sold out at collection time
2879,20,DEL-BLR,Akasa,AK574,2026-09-03,2026-08-27,T+7,Economy,4165.0,329,164,274,548,5480.0,Available,OTA,Valid,
2880,20,DEL-BLR,Akasa,AK560,2026-09-03,2026-09-02,T+1,Economy,4909.0,388,194,323,646,6460.0,Available,OTA,Valid,
2881,20,BOM-BLR,IndiGo,IN869,2026-09-03,2026-07-20,T+45,Economy,2311.0,182,91,152,304,3040.0,Available,Airline Site,Valid,
2882,20,BOM-BLR,IndiGo,IN356,2026-09-03,2026-08-04,T+30,Economy,2896.0,229,114,190,381,3810.0,Available,OTA,Valid,
2883,20,BOM-BLR,IndiGo,IN143,2026-09-03,2026-08-19,T+15,Economy,4059.0,320,160,267,534,5340.0,Available,Airline Site,Valid,
2884,20,BOM-BLR,IndiGo,IN384,2026-09-03,2026-08-27,T+7,Economy,4248.0,335,168,280,559,5590.0,Available,Airline Site,Valid,
2885,20,BOM-BLR,IndiGo,IN746,2026-09-03,2026-09-02,T+1,Economy,4538.0,358,179,298,597,5970.0,Available,OTA,Valid,
2886,20,BOM-BLR,Air India,AI594,2026-09-03,2026-07-20,T+45,Economy,2219.0,175,88,146,292,2920.0,Available,Airline Site,Valid,
2887,20,BOM-BLR,Air India,AI774,2026-09-03,2026-08-04,T+30,Economy,2949.0,233,116,194,388,3880.0,Available,OTA,Valid,
2888,20,BOM-BLR,Air India,AI704,2026-09-03,2026-08-19,T+15,Economy,4005.0,316,158,264,527,5270.0,Available,Airline Site,Valid,
2889,20,BOM-BLR,Air India,AI919,2026-09-03,2026-08-27,T+7,Economy,4370.0,345,172,288,575,5750.0,Sold Out,OTA,Flagged,Sold out at collection time
2890,20,BOM-BLR,Air India,AI145,2026-09-03,2026-09-02,T+1,Economy,4750.0,375,188,312,625,6250.0,Available,Airline Site,Valid,
2891,20,BOM-BLR,Akasa,AK585,2026-09-03,2026-07-20,T+45,Economy,2159.0,170,85,142,284,2840.0,Available,OTA,Valid,
2892,20,BOM-BLR,Akasa,AK723,2026-09-03,2026-08-04,T+30,Economy,3085.0,244,122,203,406,4060.0,Available,OTA,Valid,
2893,20,BOM-BLR,Akasa,AK371,2026-09-03,2026-08-19,T+15,Economy,3778.0,298,149,248,497,4970.0,Available,Airline Site,Valid,
2894,20,BOM-BLR,Akasa,AK693,2026-09-03,2026-08-27,T+7,Economy,4325.0,341,171,284,569,5690.0,Available,OTA,Valid,
2895,20,BOM-BLR,Akasa,AK327,2026-09-03,2026-09-02,T+1,Economy,3724.0,294,147,245,490,4900.0,Available,OTA,Valid,
2896,20,DEL-CCU,IndiGo,IN922,2026-09-03,2026-07-20,T+45,Economy,2622.0,207,104,172,345,3450.0,Available,OTA,Valid,
2897,20,DEL-CCU,IndiGo,IN850,2026-09-03,2026-08-04,T+30,Economy,3488.0,275,138,230,459,4590.0,Available,OTA,Valid,
2898,20,DEL-CCU,IndiGo,IN608,2026-09-03,2026-08-19,T+15,Economy,4864.0,384,192,320,640,6400.0,Available,Airline Site,Valid,
2899,20,DEL-CCU,IndiGo,IN898,2026-09-03,2026-08-27,T+7,Economy,5130.0,405,202,338,675,6750.0,Available,Airline Site,Valid,
2900,20,DEL-CCU,IndiGo,IN843,2026-09-03,2026-09-02,T+1,Economy,5973.0,472,236,393,786,7860.0,Available,Airline Site,Valid,
2901,20,DEL-CCU,Air India,AI351,2026-09-03,2026-07-20,T+45,Economy,2667.0,211,105,176,351,3510.0,Available,Airline Site,Valid,
2902,20,DEL-CCU,Air India,AI848,2026-09-03,2026-08-04,T+30,Economy,3549.0,280,140,234,467,4670.0,Available,OTA,Valid,
2903,20,DEL-CCU,Air India,AI536,2026-09-03,2026-08-19,T+15,Economy,4712.0,372,186,310,620,6200.0,Available,Airline Site,Valid,
2904,20,DEL-CCU,Air India,AI395,2026-09-03,2026-08-27,T+7,Economy,5008.0,395,198,330,659,6590.0,Available,Airline Site,Valid,
2905,20,DEL-CCU,Air India,AI224,2026-09-03,2026-09-02,T+1,Economy,4803.0,379,190,316,632,6320.0,Available,Airline Site,Valid,
2906,20,DEL-CCU,Akasa,AK876,2026-09-03,2026-07-20,T+45,Economy,3299.0,260,130,217,434,4340.0,Available,Airline Site,Valid,
2907,20,DEL-CCU,Akasa,AK224,2026-09-03,2026-08-04,T+30,Economy,4157.0,328,164,274,547,5470.0,Available,OTA,Valid,
2908,20,DEL-CCU,Akasa,AK729,2026-09-03,2026-08-19,T+15,Economy,5525.0,436,218,364,727,7270.0,Available,Airline Site,Valid,
2909,20,DEL-CCU,Akasa,AK280,2026-09-03,2026-08-27,T+7,Economy,5784.0,457,228,380,761,7610.0,Available,Airline Site,Valid,
2910,20,DEL-CCU,Akasa,AK118,2026-09-03,2026-09-02,T+1,Economy,6551.0,517,259,431,862,8620.0,Available,Airline Site,Valid,
2911,20,DEL-HYD,IndiGo,IN806,2026-09-03,2026-07-20,T+45,Economy,2910.0,230,115,192,383,3830.0,Available,OTA,Valid,
2912,20,DEL-HYD,IndiGo,IN459,2026-09-03,2026-08-04,T+30,Economy,4218.0,333,166,278,555,5550.0,Sold Out,OTA,Flagged,Sold out at collection time
2913,20,DEL-HYD,IndiGo,IN926,2026-09-03,2026-08-19,T+15,Economy,5199.0,410,205,342,684,6840.0,Available,OTA,Valid,
2914,20,DEL-HYD,IndiGo,IN752,2026-09-03,2026-08-27,T+7,Economy,5031.0,397,199,331,662,6620.0,Available,Airline Site,Valid,
2915,20,DEL-HYD,IndiGo,IN954,2026-09-03,2026-09-02,T+1,Economy,6657.0,526,263,438,876,8760.0,Available,OTA,Valid,
2916,20,DEL-HYD,Air India,AI477,2026-09-03,2026-07-20,T+45,Economy,3109.0,245,123,204,409,4090.0,Available,Airline Site,Valid,
2917,20,DEL-HYD,Air India,AI684,2026-09-03,2026-08-04,T+30,Economy,3930.0,310,155,258,517,5170.0,Available,OTA,Valid,
2918,20,DEL-HYD,Air India,AI957,2026-09-03,2026-08-19,T+15,Economy,5472.0,432,216,360,720,7200.0,Sold Out,OTA,Flagged,Sold out at collection time
2919,20,DEL-HYD,Air India,AI963,2026-09-03,2026-08-27,T+7,Economy,6254.0,494,247,412,823,8230.0,Available,Airline Site,Valid,
2920,20,DEL-HYD,Air India,AI666,2026-09-03,2026-09-02,T+1,Economy,6505.0,514,257,428,856,8560.0,Available,OTA,Valid,
2921,20,DEL-HYD,Akasa,AK753,2026-09-03,2026-07-20,T+45,Economy,2926.0,231,116,192,385,3850.0,Available,OTA,Valid,
2922,20,DEL-HYD,Akasa,AK139,2026-09-03,2026-08-04,T+30,Economy,3883.0,307,153,256,511,5110.0,Available,Airline Site,Valid,
2923,20,DEL-HYD,Akasa,AK240,2026-09-03,2026-08-19,T+15,Economy,5365.0,424,212,353,706,7060.0,Available,OTA,Valid,
2924,20,DEL-HYD,Akasa,AK970,2026-09-03,2026-08-27,T+7,Economy,5959.0,470,235,392,784,7840.0,Available,Airline Site,Valid,
2925,20,DEL-HYD,Akasa,AK610,2026-09-03,2026-09-02,T+1,Economy,6445.0,509,254,424,848,8480.0,Available,OTA,Valid,
2926,20,BOM-HYD,IndiGo,IN195,2026-09-03,2026-07-20,T+45,Economy,2667.0,211,105,176,351,3510.0,Available,Airline Site,Valid,
2927,20,BOM-HYD,IndiGo,IN370,2026-09-03,2026-08-04,T+30,Economy,3518.0,278,139,232,463,4630.0,Available,OTA,Valid,
2928,20,BOM-HYD,IndiGo,IN317,2026-09-03,2026-08-19,T+15,Economy,4879.0,385,193,321,642,6420.0,Available,Airline Site,Valid,
2929,20,BOM-HYD,IndiGo,IN961,2026-09-03,2026-08-27,T+7,Economy,4757.0,376,188,313,626,6260.0,Available,Airline Site,Valid,
2930,20,BOM-HYD,IndiGo,IN691,2026-09-03,2026-09-02,T+1,Economy,5943.0,469,235,391,782,7820.0,Available,OTA,Valid,
2931,20,BOM-HYD,Air India,AI513,2026-09-03,2026-07-20,T+45,Economy,3161.0,250,125,208,416,4160.0,Available,Airline Site,Valid,
2932,20,BOM-HYD,Air India,AI195,2026-09-03,2026-08-04,T+30,Economy,4363.0,344,172,287,574,5740.0,Available,OTA,Valid,
2933,20,BOM-HYD,Air India,AI196,2026-09-03,2026-08-19,T+15,Economy,5632.0,445,222,370,741,7410.0,Available,Airline Site,Valid,
2934,20,BOM-HYD,Air India,AI580,2026-09-03,2026-08-27,T+7,Economy,5563.0,439,220,366,732,7320.0,Available,OTA,Valid,
2935,20,BOM-HYD,Air India,AI705,2026-09-03,2026-09-02,T+1,Economy,6528.0,515,258,430,859,8590.0,Available,Airline Site,Valid,
2936,20,BOM-HYD,Akasa,AK682,2026-09-03,2026-07-20,T+45,Economy,2774.0,219,110,182,365,3650.0,Available,Airline Site,Valid,
2937,20,BOM-HYD,Akasa,AK323,2026-09-03,2026-08-04,T+30,Economy,3663.0,289,145,241,482,4820.0,Available,Airline Site,Valid,
2938,20,BOM-HYD,Akasa,AK984,2026-09-03,2026-08-19,T+15,Economy,4491.0,355,177,296,591,5910.0,Available,Airline Site,Valid,
2939,20,BOM-HYD,Akasa,AK635,2026-09-03,2026-08-27,T+7,Economy,5586.0,441,220,368,735,7350.0,Available,Airline Site,Valid,
2940,20,BOM-HYD,Akasa,AK540,2026-09-03,2026-09-02,T+1,Economy,5480.0,433,216,360,721,7210.0,Available,OTA,Valid,
2941,20,BLR-HYD,IndiGo,IN704,2026-09-03,2026-07-20,T+45,Economy,2789.0,220,110,184,367,3670.0,Available,OTA,Valid,
2942,20,BLR-HYD,IndiGo,IN227,2026-09-03,2026-08-04,T+30,Economy,3709.0,293,146,244,488,4880.0,Available,OTA,Valid,
2943,20,BLR-HYD,IndiGo,IN217,2026-09-03,2026-08-19,T+15,Economy,4909.0,388,194,323,646,6460.0,Available,Airline Site,Valid,
2944,20,BLR-HYD,IndiGo,IN690,2026-09-03,2026-08-27,T+7,Economy,5646.0,446,223,372,743,7430.0,Available,Airline Site,Valid,
2945,20,BLR-HYD,IndiGo,IN828,2026-09-03,2026-09-02,T+1,Economy,6232.0,492,246,410,820,8200.0,Sold Out,Airline Site,Flagged,Sold out at collection time
2946,20,BLR-HYD,Air India,AI236,2026-09-03,2026-07-20,T+45,Economy,2957.0,233,117,194,389,3890.0,Available,OTA,Valid,
2947,20,BLR-HYD,Air India,AI767,2026-09-03,2026-08-04,T+30,Economy,4187.0,331,165,276,551,5510.0,Available,Airline Site,Valid,
2948,20,BLR-HYD,Air India,AI209,2026-09-03,2026-08-19,T+15,Economy,5137.0,406,203,338,676,6760.0,Available,OTA,Valid,
2949,20,BLR-HYD,Air India,AI904,2026-09-03,2026-08-27,T+7,Economy,5146.0,406,203,338,677,6770.0,Available,OTA,Valid,
2950,20,BLR-HYD,Air India,AI775,2026-09-03,2026-09-02,T+1,Economy,5646.0,446,223,372,743,7430.0,Available,OTA,Valid,
2951,20,BLR-HYD,Akasa,AK311,2026-09-03,2026-07-20,T+45,Economy,2781.0,220,110,183,366,3660.0,Available,Airline Site,Valid,
2952,20,BLR-HYD,Akasa,AK778,2026-09-03,2026-08-04,T+30,Economy,3983.0,314,157,262,524,5240.0,Available,OTA,Valid,
2953,20,BLR-HYD,Akasa,AK358,2026-09-03,2026-08-19,T+15,Economy,5085.0,401,201,334,669,6690.0,Sold Out,OTA,Flagged,Sold out at collection time
2954,20,BLR-HYD,Akasa,AK953,2026-09-03,2026-08-27,T+7,Economy,4886.0,386,193,322,643,6430.0,Available,OTA,Valid,
2955,20,BLR-HYD,Akasa,AK213,2026-09-03,2026-09-02,T+1,Economy,5525.0,436,218,364,727,7270.0,Available,Airline Site,Valid,
2956,20,DEL-MAA,IndiGo,IN880,2026-09-03,2026-07-20,T+45,Economy,2485.0,196,98,164,327,3270.0,Available,OTA,Valid,
2957,20,DEL-MAA,IndiGo,IN560,2026-09-03,2026-08-04,T+30,Economy,3329.0,263,131,219,438,4380.0,Available,OTA,Valid,
2958,20,DEL-MAA,IndiGo,IN376,2026-09-03,2026-08-19,T+15,Economy,4643.0,367,183,306,611,6110.0,Available,Airline Site,Valid,
2959,20,DEL-MAA,IndiGo,IN899,2026-09-03,2026-08-27,T+7,Economy,4538.0,358,179,298,597,5970.0,Available,OTA,Valid,
2960,20,DEL-MAA,IndiGo,IN664,2026-09-03,2026-09-02,T+1,Economy,5054.0,399,200,332,665,6650.0,Available,Airline Site,Valid,
2961,20,DEL-MAA,Air India,AI806,2026-09-03,2026-07-20,T+45,Economy,2463.0,194,97,162,324,3240.0,Available,OTA,Valid,
2962,20,DEL-MAA,Air India,AI680,2026-09-03,2026-08-04,T+30,Economy,3322.0,262,131,218,437,4370.0,Available,Airline Site,Valid,
2963,20,DEL-MAA,Air India,AI929,2026-09-03,2026-08-19,T+15,Economy,3914.0,309,154,258,515,5150.0,Available,Airline Site,Valid,
2964,20,DEL-MAA,Air India,AI103,2026-09-03,2026-08-27,T+7,Economy,4902.0,387,194,322,645,6450.0,Available,Airline Site,Valid,
2965,20,DEL-MAA,Air India,AI667,2026-09-03,2026-09-02,T+1,Economy,4826.0,381,190,318,635,6350.0,Available,OTA,Valid,
2966,20,DEL-MAA,Akasa,AK413,2026-09-03,2026-07-20,T+45,Economy,2341.0,185,92,154,308,3080.0,Available,OTA,Valid,
2967,20,DEL-MAA,Akasa,AK700,2026-09-03,2026-08-04,T+30,Economy,3200.0,253,126,210,421,4210.0,Available,OTA,Valid,
2968,20,DEL-MAA,Akasa,AK678,2026-09-03,2026-08-19,T+15,Economy,4332.0,342,171,285,570,5700.0,Available,Airline Site,Valid,
2969,20,DEL-MAA,Akasa,AK350,2026-09-03,2026-08-27,T+7,Economy,4439.0,350,175,292,584,5840.0,Available,OTA,Valid,
2970,20,DEL-MAA,Akasa,AK645,2026-09-03,2026-09-02,T+1,Economy,4773.0,377,188,314,628,6280.0,Available,Airline Site,Valid,
2971,20,BOM-MAA,IndiGo,IN240,2026-09-03,2026-07-20,T+45,Economy,3914.0,309,154,258,515,5150.0,Available,Airline Site,Valid,
2972,20,BOM-MAA,IndiGo,IN856,2026-09-03,2026-08-04,T+30,Economy,5183.0,409,205,341,682,6820.0,Available,OTA,Valid,
2973,20,BOM-MAA,IndiGo,IN319,2026-09-03,2026-08-19,T+15,Economy,6984.0,551,276,460,919,9190.0,Available,Airline Site,Valid,
2974,20,BOM-MAA,IndiGo,IN701,2026-09-03,2026-08-27,T+7,Economy,6581.0,520,260,433,866,8660.0,Available,OTA,Valid,
2975,20,BOM-MAA,IndiGo,IN314,2026-09-03,2026-09-02,T+1,Economy,8603.0,679,340,566,1132,11320.0,Available,Airline Site,Valid,
2976,20,BOM-MAA,Air India,AI712,2026-09-03,2026-07-20,T+45,Economy,3983.0,314,157,262,524,5240.0,Available,Airline Site,Valid,
2977,20,BOM-MAA,Air India,AI654,2026-09-03,2026-08-04,T+30,Economy,5213.0,412,206,343,686,6860.0,Available,Airline Site,Valid,
2978,20,BOM-MAA,Air India,AI321,2026-09-03,2026-08-19,T+15,Economy,7448.0,588,294,490,980,9800.0,Available,OTA,Valid,
2979,20,BOM-MAA,Air India,AI334,2026-09-03,2026-08-27,T+7,Economy,6954.0,549,274,458,915,9150.0,Available,OTA,Valid,
2980,20,BOM-MAA,Air India,AI465,2026-09-03,2026-09-02,T+1,Economy,7296.0,576,288,480,960,9600.0,Available,Airline Site,Valid,
2981,20,BOM-MAA,Akasa,AK121,2026-09-03,2026-07-20,T+45,Economy,3617.0,286,143,238,476,4760.0,Available,Airline Site,Valid,
2982,20,BOM-MAA,Akasa,AK855,2026-09-03,2026-08-04,T+30,Economy,4560.0,360,180,300,600,6000.0,Sold Out,Airline Site,Flagged,Sold out at collection time
2983,20,BOM-MAA,Akasa,AK235,2026-09-03,2026-08-19,T+15,Economy,5639.0,445,223,371,742,7420.0,Available,Airline Site,Valid,
2984,20,BOM-MAA,Akasa,AK237,2026-09-03,2026-08-27,T+7,Economy,6909.0,545,273,454,909,9090.0,Sold Out,Airline Site,Flagged,Sold out at collection time
2985,20,BOM-MAA,Akasa,AK879,2026-09-03,2026-09-02,T+1,Economy,7152.0,565,282,470,941,9410.0,Available,OTA,Valid,
2986,20,CCU-BLR,IndiGo,IN107,2026-09-03,2026-07-20,T+45,Economy,2272.0,179,90,150,299,2990.0,Available,Airline Site,Valid,
2987,20,CCU-BLR,IndiGo,IN530,2026-09-03,2026-08-04,T+30,Economy,3116.0,246,123,205,410,4100.0,Available,Airline Site,Valid,
2988,20,CCU-BLR,IndiGo,IN211,2026-09-03,2026-08-19,T+15,Economy,3572.0,282,141,235,470,4700.0,Available,Airline Site,Valid,
2989,20,CCU-BLR,IndiGo,IN668,2026-09-03,2026-08-27,T+7,Economy,4073.0,322,161,268,536,5360.0,Available,OTA,Valid,
2990,20,CCU-BLR,IndiGo,IN708,2026-09-03,2026-09-02,T+1,Economy,4940.0,390,195,325,650,6500.0,Available,Airline Site,Valid,
2991,20,CCU-BLR,Air India,AI913,2026-09-03,2026-07-20,T+45,Economy,2728.0,215,108,180,359,3590.0,Available,OTA,Valid,
2992,20,CCU-BLR,Air India,AI851,2026-09-03,2026-08-04,T+30,Economy,3488.0,275,138,230,459,4590.0,Available,Airline Site,Valid,
2993,20,CCU-BLR,Air India,AI891,2026-09-03,2026-08-19,T+15,Economy,4278.0,338,169,282,563,5630.0,Available,Airline Site,Valid,
2994,20,CCU-BLR,Air India,AI811,2026-09-03,2026-08-27,T+7,Economy,5419.0,428,214,356,713,7130.0,Available,Airline Site,Valid,
2995,20,CCU-BLR,Air India,AI977,2026-09-03,2026-09-02,T+1,Economy,5199.0,410,205,342,684,6840.0,Available,OTA,Valid,
2996,20,CCU-BLR,Akasa,AK936,2026-09-03,2026-07-20,T+45,Economy,2470.0,195,98,162,325,3250.0,Available,Airline Site,Valid,
2997,20,CCU-BLR,Akasa,AK229,2026-09-03,2026-08-04,T+30,Economy,3253.0,257,128,214,428,4280.0,Available,Airline Site,Valid,
2998,20,CCU-BLR,Akasa,AK175,2026-09-03,2026-08-19,T+15,Economy,4180.0,330,165,275,550,5500.0,Available,Airline Site,Valid,
2999,20,CCU-BLR,Akasa,AK365,2026-09-03,2026-08-27,T+7,Economy,4446.0,351,176,292,585,5850.0,Available,Airline Site,Valid,
3000,20,CCU-BLR,Akasa,AK602,2026-09-03,2026-09-02,T+1,Economy,5183.0,409,205,341,682,6820.0,Available,Airline Site,Valid,
3001,21,DEL-BOM,IndiGo,IN251,2026-09-04,2026-07-21,T+45,Economy,4529.0,358,179,298,596,5960.0,Available,Airline Site,Valid,
3002,21,DEL-BOM,IndiGo,IN182,2026-09-04,2026-08-05,T+30,Economy,6263.0,494,247,412,824,8240.0,Available,OTA,Valid,
3003,21,DEL-BOM,IndiGo,IN967,2026-09-04,2026-08-20,T+15,Economy,7919.0,625,313,521,1042,10420.0,Available,Airline Site,Valid,
3004,21,DEL-BOM,IndiGo,IN893,2026-09-04,2026-08-28,T+7,Economy,9439.0,745,373,621,1242,12420.0,Available,Airline Site,Valid,
3005,21,DEL-BOM,IndiGo,IN185,2026-09-04,2026-09-03,T+1,Economy,10374.0,819,410,682,1365,13650.0,Available,Airline Site,Valid,
3006,21,DEL-BOM,Air India,AI200,2026-09-04,2026-07-21,T+45,Economy,4142.0,327,164,272,545,5450.0,Available,OTA,Valid,
3007,21,DEL-BOM,Air India,AI719,2026-09-04,2026-08-05,T+30,Economy,5190.0,410,205,342,683,6830.0,Sold Out,Airline Site,Flagged,Sold out at collection time
3008,21,DEL-BOM,Air India,AI788,2026-09-04,2026-08-20,T+15,Economy,7433.0,587,293,489,978,9780.0,Available,OTA,Valid,
3009,21,DEL-BOM,Air India,AI187,2026-09-04,2026-08-28,T+7,Economy,7926.0,626,313,522,1043,10430.0,Available,Airline Site,Valid,
3010,21,DEL-BOM,Air India,AI588,2026-09-04,2026-09-03,T+1,Economy,8413.0,664,332,554,1107,11070.0,Available,Airline Site,Valid,
3011,21,DEL-BOM,Akasa,AK736,2026-09-04,2026-07-21,T+45,Economy,4043.0,319,160,266,532,5320.0,Available,OTA,Valid,
3012,21,DEL-BOM,Akasa,AK545,2026-09-04,2026-08-05,T+30,Economy,5289.0,418,209,348,696,6960.0,Available,Airline Site,Valid,
3013,21,DEL-BOM,Akasa,AK367,2026-09-04,2026-08-20,T+15,Economy,6878.0,543,272,452,905,9050.0,Available,OTA,Valid,
3014,21,DEL-BOM,Akasa,AK470,2026-09-04,2026-08-28,T+7,Economy,7387.0,583,292,486,972,9720.0,Available,OTA,Valid,
3015,21,DEL-BOM,Akasa,AK676,2026-09-04,2026-09-03,T+1,Economy,8307.0,656,328,546,1093,10930.0,Available,OTA,Valid,
3016,21,DEL-BLR,IndiGo,IN777,2026-09-04,2026-07-21,T+45,Economy,2242.0,177,88,148,295,2950.0,Sold Out,OTA,Flagged,Sold out at collection time
3017,21,DEL-BLR,IndiGo,IN484,2026-09-04,2026-08-05,T+30,Economy,3237.0,256,128,213,426,4260.0,Available,Airline Site,Valid,
3018,21,DEL-BLR,IndiGo,IN312,2026-09-04,2026-08-20,T+15,Economy,3845.0,304,152,253,506,5060.0,Available,OTA,Valid,
3019,21,DEL-BLR,IndiGo,IN117,2026-09-04,2026-08-28,T+7,Economy,4469.0,353,176,294,588,5880.0,Available,Airline Site,Valid,
3020,21,DEL-BLR,IndiGo,IN921,2026-09-04,2026-09-03,T+1,Economy,4073.0,322,161,268,536,5360.0,Sold Out,Airline Site,Flagged,Sold out at collection time
3021,21,DEL-BLR,Air India,AI669,2026-09-04,2026-07-21,T+45,Economy,2553.0,202,101,168,336,3360.0,Available,Airline Site,Valid,
3022,21,DEL-BLR,Air India,AI977,2026-09-04,2026-08-05,T+30,Economy,3382.0,267,134,222,445,4450.0,Available,OTA,Valid,
3023,21,DEL-BLR,Air India,AI628,2026-09-04,2026-08-20,T+15,Economy,4439.0,350,175,292,584,5840.0,Available,Airline Site,Valid,
3024,21,DEL-BLR,Air India,AI374,2026-09-04,2026-08-28,T+7,Economy,4704.0,371,186,310,619,6190.0,Available,Airline Site,Valid,
3025,21,DEL-BLR,Air India,AI794,2026-09-04,2026-09-03,T+1,Economy,4681.0,370,185,308,616,6160.0,Available,Airline Site,Valid,
3026,21,DEL-BLR,Akasa,AK414,2026-09-04,2026-07-21,T+45,Economy,2410.0,190,95,158,317,3170.0,Available,Airline Site,Valid,
3027,21,DEL-BLR,Akasa,AK874,2026-09-04,2026-08-05,T+30,Economy,3101.0,245,122,204,408,4080.0,Available,OTA,Valid,
3028,21,DEL-BLR,Akasa,AK541,2026-09-04,2026-08-20,T+15,Economy,4317.0,341,170,284,568,5680.0,Available,OTA,Valid,
3029,21,DEL-BLR,Akasa,AK573,2026-09-04,2026-08-28,T+7,Economy,4895.0,386,193,322,644,6440.0,Available,OTA,Valid,
3030,21,DEL-BLR,Akasa,AK499,2026-09-04,2026-09-03,T+1,Economy,4727.0,373,187,311,622,6220.0,Available,OTA,Valid,
3031,21,BOM-BLR,IndiGo,IN334,2026-09-04,2026-07-21,T+45,Economy,2295.0,181,91,151,302,3020.0,Available,OTA,Valid,
3032,21,BOM-BLR,IndiGo,IN400,2026-09-04,2026-08-05,T+30,Economy,3093.0,244,122,204,407,4070.0,Available,Airline Site,Valid,
3033,21,BOM-BLR,IndiGo,IN415,2026-09-04,2026-08-20,T+15,Economy,4051.0,320,160,266,533,5330.0,Available,OTA,Valid,
3034,21,BOM-BLR,IndiGo,IN934,2026-09-04,2026-08-28,T+7,Economy,4720.0,373,186,310,621,6210.0,Available,Airline Site,Valid,
3035,21,BOM-BLR,IndiGo,IN477,2026-09-04,2026-09-03,T+1,Economy,5061.0,400,200,333,666,6660.0,Available,Airline Site,Valid,
3036,21,BOM-BLR,Air India,AI237,2026-09-04,2026-07-21,T+45,Economy,2325.0,184,92,153,306,3060.0,Available,Airline Site,Valid,
3037,21,BOM-BLR,Air India,AI396,2026-09-04,2026-08-05,T+30,Economy,3131.0,247,124,206,412,4120.0,Available,Airline Site,Valid,
3038,21,BOM-BLR,Air India,AI309,2026-09-04,2026-08-20,T+15,Economy,4225.0,334,167,278,556,5560.0,Available,Airline Site,Valid,
3039,21,BOM-BLR,Air India,AI298,2026-09-04,2026-08-28,T+7,Economy,4879.0,385,193,321,642,6420.0,Available,OTA,Valid,
3040,21,BOM-BLR,Air India,AI225,2026-09-04,2026-09-03,T+1,Economy,4856.0,383,192,320,639,6390.0,Available,Airline Site,Valid,
3041,21,BOM-BLR,Akasa,AK828,2026-09-04,2026-07-21,T+45,Economy,2227.0,176,88,146,293,2930.0,Available,OTA,Valid,
3042,21,BOM-BLR,Akasa,AK657,2026-09-04,2026-08-05,T+30,Economy,3223.0,254,127,212,424,4240.0,Sold Out,Airline Site,Flagged,Sold out at collection time
3043,21,BOM-BLR,Akasa,AK795,2026-09-04,2026-08-20,T+15,Economy,3595.0,284,142,236,473,4730.0,Available,Airline Site,Valid,
3044,21,BOM-BLR,Akasa,AK331,2026-09-04,2026-08-28,T+7,Economy,3990.0,315,158,262,525,5250.0,Sold Out,OTA,Flagged,Sold out at collection time
3045,21,BOM-BLR,Akasa,AK185,2026-09-04,2026-09-03,T+1,Economy,5092.0,402,201,335,670,6700.0,Available,OTA,Valid,
3046,21,DEL-CCU,IndiGo,IN612,2026-09-04,2026-07-21,T+45,Economy,2888.0,228,114,190,380,3800.0,Available,Airline Site,Valid,
3047,21,DEL-CCU,IndiGo,IN940,2026-09-04,2026-08-05,T+30,Economy,3603.0,284,142,237,474,4740.0,Sold Out,Airline Site,Flagged,Sold out at collection time
3048,21,DEL-CCU,IndiGo,IN524,2026-09-04,2026-08-20,T+15,Economy,4947.0,391,195,326,651,6510.0,Available,Airline Site,Valid,
3049,21,DEL-CCU,IndiGo,IN113,2026-09-04,2026-08-28,T+7,Economy,5875.0,464,232,386,773,7730.0,Available,OTA,Valid,
3050,21,DEL-CCU,IndiGo,IN609,2026-09-04,2026-09-03,T+1,Economy,5669.0,448,224,373,746,7460.0,Available,OTA,Valid,
3051,21,DEL-CCU,Air India,AI525,2026-09-04,2026-07-21,T+45,Economy,3268.0,258,129,215,430,4300.0,Available,Airline Site,Valid,
3052,21,DEL-CCU,Air India,AI454,2026-09-04,2026-08-05,T+30,Economy,4271.0,337,169,281,562,5620.0,Available,Airline Site,Valid,
3053,21,DEL-CCU,Air India,AI927,2026-09-04,2026-08-20,T+15,Economy,4994.0,394,197,328,657,6570.0,Available,OTA,Valid,
3054,21,DEL-CCU,Air India,AI336,2026-09-04,2026-08-28,T+7,Economy,5411.0,427,214,356,712,7120.0,Available,OTA,Valid,
3055,21,DEL-CCU,Air India,AI242,2026-09-04,2026-09-03,T+1,Economy,6035.0,476,238,397,794,7940.0,Available,OTA,Valid,
3056,21,DEL-CCU,Akasa,AK320,2026-09-04,2026-07-21,T+45,Economy,2758.0,218,109,182,363,3630.0,Available,Airline Site,Valid,
3057,21,DEL-CCU,Akasa,AK443,2026-09-04,2026-08-05,T+30,Economy,3587.0,283,142,236,472,4720.0,Available,Airline Site,Valid,
3058,21,DEL-CCU,Akasa,AK812,2026-09-04,2026-08-20,T+15,Economy,4515.0,356,178,297,594,5940.0,Available,OTA,Valid,
3059,21,DEL-CCU,Akasa,AK865,2026-09-04,2026-08-28,T+7,Economy,4879.0,385,193,321,642,6420.0,Sold Out,OTA,Flagged,Sold out at collection time
3060,21,DEL-CCU,Akasa,AK445,2026-09-04,2026-09-03,T+1,Economy,5981.0,472,236,394,787,7870.0,Available,OTA,Valid,
3061,21,DEL-HYD,IndiGo,IN198,2026-09-04,2026-07-21,T+45,Economy,3389.0,268,134,223,446,4460.0,Available,Airline Site,Valid,
3062,21,DEL-HYD,IndiGo,IN143,2026-09-04,2026-08-05,T+30,Economy,4621.0,365,182,304,608,6080.0,Available,Airline Site,Valid,
3063,21,DEL-HYD,IndiGo,IN499,2026-09-04,2026-08-20,T+15,Economy,5669.0,448,224,373,746,7460.0,Available,Airline Site,Valid,
3064,21,DEL-HYD,IndiGo,IN495,2026-09-04,2026-08-28,T+7,Economy,6947.0,548,274,457,914,9140.0,Available,OTA,Valid,
3065,21,DEL-HYD,IndiGo,IN317,2026-09-04,2026-09-03,T+1,Economy,6308.0,498,249,415,830,8300.0,Available,Airline Site,Valid,
3066,21,DEL-HYD,Air India,AI153,2026-09-04,2026-07-21,T+45,Economy,3230.0,255,128,212,425,4250.0,Available,Airline Site,Valid,
3067,21,DEL-HYD,Air India,AI741,2026-09-04,2026-08-05,T+30,Economy,4264.0,337,168,280,561,5610.0,Available,OTA,Valid,
3068,21,DEL-HYD,Air India,AI246,2026-09-04,2026-08-20,T+15,Economy,5883.0,464,232,387,774,7740.0,Available,OTA,Valid,
3069,21,DEL-HYD,Air India,AI218,2026-09-04,2026-08-28,T+7,Economy,6027.0,476,238,396,793,7930.0,Available,Airline Site,Valid,
3070,21,DEL-HYD,Air India,AI898,2026-09-04,2026-09-03,T+1,Economy,7288.0,575,288,480,959,9590.0,Available,OTA,Valid,
3071,21,DEL-HYD,Akasa,AK854,2026-09-04,2026-07-21,T+45,Economy,3009.0,238,119,198,396,3960.0,Available,Airline Site,Valid,
3072,21,DEL-HYD,Akasa,AK760,2026-09-04,2026-08-05,T+30,Economy,3853.0,304,152,254,507,5070.0,Available,Airline Site,Valid,
3073,21,DEL-HYD,Akasa,AK562,2026-09-04,2026-08-20,T+15,Economy,4605.0,364,182,303,606,6060.0,Available,Airline Site,Valid,
3074,21,DEL-HYD,Akasa,AK477,2026-09-04,2026-08-28,T+7,Economy,5525.0,436,218,364,727,7270.0,Available,Airline Site,Valid,
3075,21,DEL-HYD,Akasa,AK286,2026-09-04,2026-09-03,T+1,Economy,6308.0,498,249,415,830,8300.0,Available,OTA,Valid,
3076,21,BOM-HYD,IndiGo,IN823,2026-09-04,2026-07-21,T+45,Economy,3116.0,246,123,205,410,4100.0,Available,OTA,Valid,
3077,21,BOM-HYD,IndiGo,IN484,2026-09-04,2026-08-05,T+30,Economy,4301.0,340,170,283,566,5660.0,Available,OTA,Valid,
3078,21,BOM-HYD,IndiGo,IN877,2026-09-04,2026-08-20,T+15,Economy,5602.0,442,221,368,737,7370.0,Available,OTA,Valid,
3079,21,BOM-HYD,IndiGo,IN248,2026-09-04,2026-08-28,T+7,Economy,5267.0,416,208,346,693,6930.0,Available,OTA,Valid,
3080,21,BOM-HYD,IndiGo,IN682,2026-09-04,2026-09-03,T+1,Economy,6392.0,505,252,420,841,8410.0,Available,OTA,Valid,
3081,21,BOM-HYD,Air India,AI417,2026-09-04,2026-07-21,T+45,Economy,3109.0,245,123,204,409,4090.0,Available,Airline Site,Valid,
3082,21,BOM-HYD,Air India,AI210,2026-09-04,2026-08-05,T+30,Economy,4461.0,352,176,294,587,5870.0,Available,Airline Site,Valid,
3083,21,BOM-HYD,Air India,AI540,2026-09-04,2026-08-20,T+15,Economy,4886.0,386,193,322,643,6430.0,Available,Airline Site,Valid,
3084,21,BOM-HYD,Air India,AI671,2026-09-04,2026-08-28,T+7,Economy,5723.0,452,226,376,753,7530.0,Available,OTA,Valid,
3085,21,BOM-HYD,Air India,AI527,2026-09-04,2026-09-03,T+1,Economy,6392.0,505,252,420,841,8410.0,Available,Airline Site,Valid,
3086,21,BOM-HYD,Akasa,AK675,2026-09-04,2026-07-21,T+45,Economy,3055.0,241,121,201,402,4020.0,Available,Airline Site,Valid,
3087,21,BOM-HYD,Akasa,AK786,2026-09-04,2026-08-05,T+30,Economy,4135.0,326,163,272,544,5440.0,Available,OTA,Valid,
3088,21,BOM-HYD,Akasa,AK632,2026-09-04,2026-08-20,T+15,Economy,5563.0,439,220,366,732,7320.0,Available,Airline Site,Valid,
3089,21,BOM-HYD,Akasa,AK947,2026-09-04,2026-08-28,T+7,Economy,6483.0,512,256,426,853,8530.0,Sold Out,OTA,Flagged,Sold out at collection time
3090,21,BOM-HYD,Akasa,AK220,2026-09-04,2026-09-03,T+1,Economy,7152.0,565,282,470,941,9410.0,Available,OTA,Valid,
3091,21,BLR-HYD,IndiGo,IN704,2026-09-04,2026-07-21,T+45,Economy,2774.0,219,110,182,365,3650.0,Available,Airline Site,Valid,
3092,21,BLR-HYD,IndiGo,IN902,2026-09-04,2026-08-05,T+30,Economy,3739.0,295,148,246,492,4920.0,Available,OTA,Valid,
3093,21,BLR-HYD,IndiGo,IN949,2026-09-04,2026-08-20,T+15,Economy,4704.0,371,186,310,619,6190.0,Available,OTA,Valid,
3094,21,BLR-HYD,IndiGo,IN950,2026-09-04,2026-08-28,T+7,Economy,5571.0,440,220,366,733,7330.0,Available,Airline Site,Valid,
3095,21,BLR-HYD,IndiGo,IN421,2026-09-04,2026-09-03,T+1,Economy,6217.0,491,245,409,818,8180.0,Available,Airline Site,Valid,
3096,21,BLR-HYD,Air India,AI654,2026-09-04,2026-07-21,T+45,Economy,2629.0,208,104,173,346,3460.0,Available,OTA,Valid,
3097,21,BLR-HYD,Air India,AI141,2026-09-04,2026-08-05,T+30,Economy,3709.0,293,146,244,488,4880.0,Available,Airline Site,Valid,
3098,21,BLR-HYD,Air India,AI106,2026-09-04,2026-08-20,T+15,Economy,4439.0,350,175,292,584,5840.0,Available,OTA,Valid,
3099,21,BLR-HYD,Air India,AI498,2026-09-04,2026-08-28,T+7,Economy,5275.0,416,208,347,694,6940.0,Available,Airline Site,Valid,
3100,21,BLR-HYD,Air India,AI496,2026-09-04,2026-09-03,T+1,Economy,5047.0,398,199,332,664,6640.0,Available,Airline Site,Valid,
3101,21,BLR-HYD,Akasa,AK943,2026-09-04,2026-07-21,T+45,Economy,2592.0,205,102,170,341,3410.0,Available,Airline Site,Valid,
3102,21,BLR-HYD,Akasa,AK640,2026-09-04,2026-08-05,T+30,Economy,3192.0,252,126,210,420,4200.0,Available,OTA,Valid,
3103,21,BLR-HYD,Akasa,AK174,2026-09-04,2026-08-20,T+15,Economy,4051.0,320,160,266,533,5330.0,Available,OTA,Valid,
3104,21,BLR-HYD,Akasa,AK281,2026-09-04,2026-08-28,T+7,Economy,4347.0,343,172,286,572,5720.0,Available,Airline Site,Valid,
3105,21,BLR-HYD,Akasa,AK757,2026-09-04,2026-09-03,T+1,Economy,5837.0,461,230,384,768,7680.0,Available,Airline Site,Valid,
3106,21,DEL-MAA,IndiGo,IN607,2026-09-04,2026-07-21,T+45,Economy,2562.0,202,101,168,337,3370.0,Available,OTA,Valid,
3107,21,DEL-MAA,IndiGo,IN559,2026-09-04,2026-08-05,T+30,Economy,3366.0,266,133,222,443,4430.0,Available,OTA,Valid,
3108,21,DEL-MAA,IndiGo,IN233,2026-09-04,2026-08-20,T+15,Economy,4613.0,364,182,304,607,6070.0,Available,OTA,Valid,
3109,21,DEL-MAA,IndiGo,IN863,2026-09-04,2026-08-28,T+7,Economy,4446.0,351,176,292,585,5850.0,Available,OTA,Valid,
3110,21,DEL-MAA,IndiGo,IN264,2026-09-04,2026-09-03,T+1,Economy,5943.0,469,235,391,782,7820.0,Available,Airline Site,Valid,
3111,21,DEL-MAA,Air India,AI636,2026-09-04,2026-07-21,T+45,Economy,2789.0,220,110,184,367,3670.0,Available,OTA,Valid,
3112,21,DEL-MAA,Air India,AI307,2026-09-04,2026-08-05,T+30,Economy,3518.0,278,139,232,463,4630.0,Available,Airline Site,Valid,
3113,21,DEL-MAA,Air India,AI421,2026-09-04,2026-08-20,T+15,Economy,5312.0,419,210,350,699,6990.0,Available,Airline Site,Valid,
3114,21,DEL-MAA,Air India,AI510,2026-09-04,2026-08-28,T+7,Economy,5061.0,400,200,333,666,6660.0,Available,Airline Site,Valid,
3115,21,DEL-MAA,Air India,AI268,2026-09-04,2026-09-03,T+1,Economy,5533.0,437,218,364,728,7280.0,Available,Airline Site,Valid,
3116,21,DEL-MAA,Akasa,AK868,2026-09-04,2026-07-21,T+45,Economy,2653.0,209,105,174,349,3490.0,Available,OTA,Valid,
3117,21,DEL-MAA,Akasa,AK687,2026-09-04,2026-08-05,T+30,Economy,3504.0,277,138,230,461,4610.0,Available,OTA,Valid,
3118,21,DEL-MAA,Akasa,AK176,2026-09-04,2026-08-20,T+15,Economy,4203.0,332,166,276,553,5530.0,Available,OTA,Valid,
3119,21,DEL-MAA,Akasa,AK843,2026-09-04,2026-08-28,T+7,Economy,4933.0,389,195,324,649,6490.0,Available,OTA,Valid,
3120,21,DEL-MAA,Akasa,AK401,2026-09-04,2026-09-03,T+1,Economy,5008.0,395,198,330,659,6590.0,Available,Airline Site,Valid,
3121,21,BOM-MAA,IndiGo,IN798,2026-09-04,2026-07-21,T+45,Economy,3785.0,299,149,249,498,4980.0,Available,Airline Site,Valid,
3122,21,BOM-MAA,IndiGo,IN245,2026-09-04,2026-08-05,T+30,Economy,5069.0,400,200,334,667,6670.0,Available,OTA,Valid,
3123,21,BOM-MAA,IndiGo,IN291,2026-09-04,2026-08-20,T+15,Economy,6536.0,516,258,430,860,8600.0,Available,Airline Site,Valid,
3124,21,BOM-MAA,IndiGo,IN940,2026-09-04,2026-08-28,T+7,Economy,7555.0,596,298,497,994,9940.0,Available,Airline Site,Valid,
3125,21,BOM-MAA,IndiGo,IN631,2026-09-04,2026-09-03,T+1,Economy,6825.0,539,269,449,898,8980.0,Available,OTA,Valid,
3126,21,BOM-MAA,Air India,AI603,2026-09-04,2026-07-21,T+45,Economy,3762.0,297,148,248,495,4950.0,Available,OTA,Valid,
3127,21,BOM-MAA,Air India,AI946,2026-09-04,2026-08-05,T+30,Economy,4819.0,380,190,317,634,6340.0,Available,Airline Site,Valid,
3128,21,BOM-MAA,Air India,AI281,2026-09-04,2026-08-20,T+15,Economy,6909.0,545,273,454,909,9090.0,Available,OTA,Valid,
3129,21,BOM-MAA,Air India,AI686,2026-09-04,2026-08-28,T+7,Economy,6787.0,536,268,446,893,8930.0,Available,Airline Site,Valid,
3130,21,BOM-MAA,Air India,AI657,2026-09-04,2026-09-03,T+1,Economy,7592.0,599,300,500,999,9990.0,Available,OTA,Valid,
3131,21,BOM-MAA,Akasa,AK589,2026-09-04,2026-07-21,T+45,Economy,3800.0,300,150,250,500,5000.0,Available,OTA,Valid,
3132,21,BOM-MAA,Akasa,AK514,2026-09-04,2026-08-05,T+30,Economy,5480.0,433,216,360,721,7210.0,Available,Airline Site,Valid,
3133,21,BOM-MAA,Akasa,AK882,2026-09-04,2026-08-20,T+15,Economy,6871.0,542,271,452,904,9040.0,Sold Out,Airline Site,Flagged,Sold out at collection time
3134,21,BOM-MAA,Akasa,AK284,2026-09-04,2026-08-28,T+7,Economy,6787.0,536,268,446,893,8930.0,Available,OTA,Valid,
3135,21,BOM-MAA,Akasa,AK502,2026-09-04,2026-09-03,T+1,Economy,7395.0,584,292,486,973,9730.0,Available,OTA,Valid,
3136,21,CCU-BLR,IndiGo,IN803,2026-09-04,2026-07-21,T+45,Economy,2470.0,195,98,162,325,3250.0,Available,Airline Site,Valid,
3137,21,CCU-BLR,IndiGo,IN888,2026-09-04,2026-08-05,T+30,Economy,3352.0,265,132,220,441,4410.0,Available,Airline Site,Valid,
3138,21,CCU-BLR,IndiGo,IN681,2026-09-04,2026-08-20,T+15,Economy,4386.0,346,173,288,577,5770.0,Available,OTA,Valid,
3139,21,CCU-BLR,IndiGo,IN670,2026-09-04,2026-08-28,T+7,Economy,4933.0,389,195,324,649,6490.0,Available,OTA,Valid,
3140,21,CCU-BLR,IndiGo,IN654,2026-09-04,2026-09-03,T+1,Economy,4605.0,364,182,303,606,6060.0,Available,Airline Site,Valid,
3141,21,CCU-BLR,Air India,AI971,2026-09-04,2026-07-21,T+45,Economy,2774.0,219,110,182,365,3650.0,Available,Airline Site,Valid,
3142,21,CCU-BLR,Air India,AI335,2026-09-04,2026-08-05,T+30,Economy,3907.0,308,154,257,514,5140.0,Available,OTA,Valid,
3143,21,CCU-BLR,Air India,AI808,2026-09-04,2026-08-20,T+15,Economy,5061.0,400,200,333,666,6660.0,Available,OTA,Valid,
3144,21,CCU-BLR,Air India,AI720,2026-09-04,2026-08-28,T+7,Economy,5221.0,412,206,344,687,6870.0,Available,Airline Site,Valid,
3145,21,CCU-BLR,Air India,AI562,2026-09-04,2026-09-03,T+1,Economy,5616.0,443,222,370,739,7390.0,Available,OTA,Valid,
3146,21,CCU-BLR,Akasa,AK770,2026-09-04,2026-07-21,T+45,Economy,2637.0,208,104,174,347,3470.0,Available,OTA,Valid,
3147,21,CCU-BLR,Akasa,AK657,2026-09-04,2026-08-05,T+30,Economy,3792.0,299,150,250,499,4990.0,Available,OTA,Valid,
3148,21,CCU-BLR,Akasa,AK772,2026-09-04,2026-08-20,T+15,Economy,4605.0,364,182,303,606,6060.0,Available,OTA,Valid,
3149,21,CCU-BLR,Akasa,AK728,2026-09-04,2026-08-28,T+7,Economy,4947.0,391,195,326,651,6510.0,Available,OTA,Valid,
3150,21,CCU-BLR,Akasa,AK493,2026-09-04,2026-09-03,T+1,Economy,5503.0,434,217,362,724,7240.0,Available,OTA,Valid,
3151,22,DEL-BOM,IndiGo,IN427,2026-09-05,2026-07-22,T+45,Economy,4704.0,371,186,310,619,6190.0,Available,Airline Site,Valid,
3152,22,DEL-BOM,IndiGo,IN909,2026-09-05,2026-08-06,T+30,Economy,6308.0,498,249,415,830,8300.0,Available,OTA,Valid,
3153,22,DEL-BOM,IndiGo,IN758,2026-09-05,2026-08-21,T+15,Economy,7873.0,622,311,518,1036,10360.0,Available,Airline Site,Valid,
3154,22,DEL-BOM,IndiGo,IN130,2026-09-05,2026-08-29,T+7,Economy,8543.0,674,337,562,1124,11240.0,Available,OTA,Valid,
3155,22,DEL-BOM,IndiGo,IN845,2026-09-05,2026-09-04,T+1,Economy,9849.0,778,389,648,1296,12960.0,Available,OTA,Valid,
3156,22,DEL-BOM,Air India,AI386,2026-09-05,2026-07-22,T+45,Economy,4377.0,346,173,288,576,5760.0,Available,Airline Site,Valid,
3157,22,DEL-BOM,Air India,AI483,2026-09-05,2026-08-06,T+30,Economy,6194.0,489,244,408,815,8150.0,Available,Airline Site,Valid,
3158,22,DEL-BOM,Air India,AI707,2026-09-05,2026-08-21,T+15,Economy,8216.0,649,324,540,1081,10810.0,Available,Airline Site,Valid,
3159,22,DEL-BOM,Air India,AI401,2026-09-05,2026-08-29,T+7,Economy,8329.0,658,329,548,1096,10960.0,Available,Airline Site,Valid,
3160,22,DEL-BOM,Air India,AI645,2026-09-05,2026-09-04,T+1,Economy,9165.0,724,362,603,1206,12060.0,Available,OTA,Valid,
3161,22,DEL-BOM,Akasa,AK299,2026-09-05,2026-07-22,T+45,Economy,4591.0,362,181,302,604,6040.0,Available,Airline Site,Valid,
3162,22,DEL-BOM,Akasa,AK181,2026-09-05,2026-08-06,T+30,Economy,6058.0,478,239,398,797,7970.0,Available,OTA,Valid,
3163,22,DEL-BOM,Akasa,AK839,2026-09-05,2026-08-21,T+15,Economy,7569.0,598,299,498,996,9960.0,Available,OTA,Valid,
3164,22,DEL-BOM,Akasa,AK498,2026-09-05,2026-08-29,T+7,Economy,8398.0,663,332,552,1105,11050.0,Available,Airline Site,Valid,
3165,22,DEL-BOM,Akasa,AK989,2026-09-05,2026-09-04,T+1,Economy,9294.0,734,367,612,1223,12230.0,Available,OTA,Valid,
3166,22,DEL-BLR,IndiGo,IN616,2026-09-05,2026-07-22,T+45,Economy,2470.0,195,98,162,325,3250.0,Available,OTA,Valid,
3167,22,DEL-BLR,IndiGo,IN761,2026-09-05,2026-08-06,T+30,Economy,3237.0,256,128,213,426,4260.0,Available,OTA,Valid,
3168,22,DEL-BLR,IndiGo,IN672,2026-09-05,2026-08-21,T+15,Economy,4773.0,377,188,314,628,6280.0,Available,OTA,Valid,
3169,22,DEL-BLR,IndiGo,IN394,2026-09-05,2026-08-29,T+7,Economy,5085.0,401,201,334,669,6690.0,Available,Airline Site,Valid,
3170,22,DEL-BLR,IndiGo,IN738,2026-09-05,2026-09-04,T+1,Economy,4430.0,350,175,292,583,5830.0,Available,Airline Site,Valid,
3171,22,DEL-BLR,Air India,AI595,2026-09-05,2026-07-22,T+45,Economy,2576.0,203,102,170,339,3390.0,Available,Airline Site,Valid,
3172,22,DEL-BLR,Air India,AI695,2026-09-05,2026-08-06,T+30,Economy,3534.0,279,140,232,465,4650.0,Available,Airline Site,Valid,
3173,22,DEL-BLR,Air India,AI503,2026-09-05,2026-08-21,T+15,Economy,3990.0,315,158,262,525,5250.0,Available,OTA,Valid,
3174,22,DEL-BLR,Air India,AI947,2026-09-05,2026-08-29,T+7,Economy,4529.0,358,179,298,596,5960.0,Available,Airline Site,Valid,
3175,22,DEL-BLR,Air India,AI734,2026-09-05,2026-09-04,T+1,Economy,4773.0,377,188,314,628,6280.0,Available,OTA,Valid,
3176,22,DEL-BLR,Akasa,AK343,2026-09-05,2026-07-22,T+45,Economy,2371.0,187,94,156,312,3120.0,Available,OTA,Valid,
3177,22,DEL-BLR,Akasa,AK735,2026-09-05,2026-08-06,T+30,Economy,3245.0,256,128,214,427,4270.0,Available,Airline Site,Valid,
3178,22,DEL-BLR,Akasa,AK211,2026-09-05,2026-08-21,T+15,Economy,4218.0,333,166,278,555,5550.0,Available,Airline Site,Valid,
3179,22,DEL-BLR,Akasa,AK567,2026-09-05,2026-08-29,T+7,Economy,3967.0,313,157,261,522,5220.0,Available,Airline Site,Valid,
3180,22,DEL-BLR,Akasa,AK674,2026-09-05,2026-09-04,T+1,Economy,5031.0,397,199,331,662,6620.0,Available,Airline Site,Valid,
3181,22,BOM-BLR,IndiGo,IN626,2026-09-05,2026-07-22,T+45,Economy,1915.0,151,76,126,252,2520.0,Available,OTA,Valid,
3182,22,BOM-BLR,IndiGo,IN438,2026-09-05,2026-08-06,T+30,Economy,2653.0,209,105,174,349,3490.0,Available,OTA,Valid,
3183,22,BOM-BLR,IndiGo,IN984,2026-09-05,2026-08-21,T+15,Economy,3336.0,263,132,220,439,4390.0,Available,OTA,Valid,
3184,22,BOM-BLR,IndiGo,IN552,2026-09-05,2026-08-29,T+7,Economy,3891.0,307,154,256,512,5120.0,Available,Airline Site,Valid,
3185,22,BOM-BLR,IndiGo,IN622,2026-09-05,2026-09-04,T+1,Economy,3640.0,287,144,240,479,4790.0,Available,OTA,Valid,
3186,22,BOM-BLR,Air India,AI472,2026-09-05,2026-07-22,T+45,Economy,2181.0,172,86,144,287,2870.0,Available,OTA,Valid,
3187,22,BOM-BLR,Air India,AI394,2026-09-05,2026-08-06,T+30,Economy,3093.0,244,122,204,407,4070.0,Available,Airline Site,Valid,
3188,22,BOM-BLR,Air India,AI221,2026-09-05,2026-08-21,T+15,Economy,3572.0,282,141,235,470,4700.0,Available,OTA,Valid,
3189,22,BOM-BLR,Air India,AI971,2026-09-05,2026-08-29,T+7,Economy,4408.0,348,174,290,580,5800.0,Sold Out,Airline Site,Flagged,Sold out at collection time
3190,22,BOM-BLR,Air India,AI481,2026-09-05,2026-09-04,T+1,Economy,3983.0,314,157,262,524,5240.0,Available,Airline Site,Valid,
3191,22,BOM-BLR,Akasa,AK945,2026-09-05,2026-07-22,T+45,Economy,1991.0,157,79,131,262,2620.0,Available,Airline Site,Valid,
3192,22,BOM-BLR,Akasa,AK170,2026-09-05,2026-08-06,T+30,Economy,2819.0,223,111,186,371,3710.0,Available,OTA,Valid,
3193,22,BOM-BLR,Akasa,AK308,2026-09-05,2026-08-21,T+15,Economy,3154.0,249,124,208,415,4150.0,Available,OTA,Valid,
3194,22,BOM-BLR,Akasa,AK202,2026-09-05,2026-08-29,T+7,Economy,3693.0,292,146,243,486,4860.0,Available,OTA,Valid,
3195,22,BOM-BLR,Akasa,AK492,2026-09-05,2026-09-04,T+1,Economy,4339.0,343,171,286,571,5710.0,Available,OTA,Valid,
3196,22,DEL-CCU,IndiGo,IN533,2026-09-05,2026-07-22,T+45,Economy,3329.0,263,131,219,438,4380.0,Available,OTA,Valid,
3197,22,DEL-CCU,IndiGo,IN523,2026-09-05,2026-08-06,T+30,Economy,4439.0,350,175,292,584,5840.0,Available,Airline Site,Valid,
3198,22,DEL-CCU,IndiGo,IN856,2026-09-05,2026-08-21,T+15,Economy,5221.0,412,206,344,687,6870.0,Available,OTA,Valid,
3199,22,DEL-CCU,IndiGo,IN171,2026-09-05,2026-08-29,T+7,Economy,5981.0,472,236,394,787,7870.0,Available,Airline Site,Valid,
3200,22,DEL-CCU,IndiGo,IN208,2026-09-05,2026-09-04,T+1,Economy,7030.0,555,278,462,925,9250.0,Available,Airline Site,Valid,
3201,22,DEL-CCU,Air India,AI999,2026-09-05,2026-07-22,T+45,Economy,3192.0,252,126,210,420,4200.0,Available,Airline Site,Valid,
3202,22,DEL-CCU,Air India,AI160,2026-09-05,2026-08-06,T+30,Economy,4377.0,346,173,288,576,5760.0,Available,Airline Site,Valid,
3203,22,DEL-CCU,Air India,AI525,2026-09-05,2026-08-21,T+15,Economy,5798.0,458,229,382,763,7630.0,Available,Airline Site,Valid,
3204,22,DEL-CCU,Air India,AI453,2026-09-05,2026-08-29,T+7,Economy,5602.0,442,221,368,737,7370.0,Sold Out,Airline Site,Flagged,Sold out at collection time
3205,22,DEL-CCU,Air India,AI823,2026-09-05,2026-09-04,T+1,Economy,6795.0,536,268,447,894,8940.0,Available,OTA,Valid,
3206,22,DEL-CCU,Akasa,AK575,2026-09-05,2026-07-22,T+45,Economy,2758.0,218,109,182,363,3630.0,Available,OTA,Valid,
3207,22,DEL-CCU,Akasa,AK238,2026-09-05,2026-08-06,T+30,Economy,3731.0,295,147,246,491,4910.0,Available,Airline Site,Valid,
3208,22,DEL-CCU,Akasa,AK623,2026-09-05,2026-08-21,T+15,Economy,4605.0,364,182,303,606,6060.0,Available,OTA,Valid,
3209,22,DEL-CCU,Akasa,AK346,2026-09-05,2026-08-29,T+7,Economy,5160.0,407,204,340,679,6790.0,Available,OTA,Valid,
3210,22,DEL-CCU,Akasa,AK835,2026-09-05,2026-09-04,T+1,Economy,5146.0,406,203,338,677,6770.0,Available,Airline Site,Valid,
3211,22,DEL-HYD,IndiGo,IN553,2026-09-05,2026-07-22,T+45,Economy,2866.0,226,113,188,377,3770.0,Available,Airline Site,Valid,
3212,22,DEL-HYD,IndiGo,IN290,2026-09-05,2026-08-06,T+30,Economy,4180.0,330,165,275,550,5500.0,Available,Airline Site,Valid,
3213,22,DEL-HYD,IndiGo,IN690,2026-09-05,2026-08-21,T+15,Economy,4690.0,370,185,308,617,6170.0,Available,Airline Site,Valid,
3214,22,DEL-HYD,IndiGo,IN203,2026-09-05,2026-08-29,T+7,Economy,5928.0,468,234,390,780,7800.0,Available,OTA,Valid,
3215,22,DEL-HYD,IndiGo,IN755,2026-09-05,2026-09-04,T+1,Economy,6163.0,487,243,406,811,8110.0,Available,Airline Site,Valid,
3216,22,DEL-HYD,Air India,AI819,2026-09-05,2026-07-22,T+45,Economy,2979.0,235,118,196,392,3920.0,Available,Airline Site,Valid,
3217,22,DEL-HYD,Air India,AI373,2026-09-05,2026-08-06,T+30,Economy,3997.0,316,158,263,526,5260.0,Available,OTA,Valid,
3218,22,DEL-HYD,Air India,AI861,2026-09-05,2026-08-21,T+15,Economy,5229.0,413,206,344,688,6880.0,Available,Airline Site,Valid,
3219,22,DEL-HYD,Air India,AI353,2026-09-05,2026-08-29,T+7,Economy,5115.0,404,202,336,673,6730.0,Available,OTA,Valid,
3220,22,DEL-HYD,Air India,AI930,2026-09-05,2026-09-04,T+1,Economy,5555.0,439,219,366,731,7310.0,Available,OTA,Valid,
3221,22,DEL-HYD,Akasa,AK557,2026-09-05,2026-07-22,T+45,Economy,3123.0,247,123,206,411,4110.0,Available,OTA,Valid,
3222,22,DEL-HYD,Akasa,AK550,2026-09-05,2026-08-06,T+30,Economy,4051.0,320,160,266,533,5330.0,Available,Airline Site,Valid,
3223,22,DEL-HYD,Akasa,AK710,2026-09-05,2026-08-21,T+15,Economy,5282.0,417,208,348,695,6950.0,Available,OTA,Valid,
3224,22,DEL-HYD,Akasa,AK824,2026-09-05,2026-08-29,T+7,Economy,6187.0,488,244,407,814,8140.0,Available,OTA,Valid,
3225,22,DEL-HYD,Akasa,AK631,2026-09-05,2026-09-04,T+1,Economy,6042.0,477,238,398,795,7950.0,Available,Airline Site,Valid,
3226,22,BOM-HYD,IndiGo,IN473,2026-09-05,2026-07-22,T+45,Economy,3032.0,239,120,200,399,3990.0,Available,Airline Site,Valid,
3227,22,BOM-HYD,IndiGo,IN145,2026-09-05,2026-08-06,T+30,Economy,4126.0,326,163,272,543,5430.0,Available,OTA,Valid,
3228,22,BOM-HYD,IndiGo,IN576,2026-09-05,2026-08-21,T+15,Economy,5525.0,436,218,364,727,7270.0,Available,OTA,Valid,
3229,22,BOM-HYD,IndiGo,IN857,2026-09-05,2026-08-29,T+7,Economy,5555.0,439,219,366,731,7310.0,Available,OTA,Valid,
3230,22,BOM-HYD,IndiGo,IN342,2026-09-05,2026-09-04,T+1,Economy,6483.0,512,256,426,853,8530.0,Available,OTA,Valid,
3231,22,BOM-HYD,Air India,AI909,2026-09-05,2026-07-22,T+45,Economy,3329.0,263,131,219,438,4380.0,Available,Airline Site,Valid,
3232,22,BOM-HYD,Air India,AI409,2026-09-05,2026-08-06,T+30,Economy,4165.0,329,164,274,548,5480.0,Available,OTA,Valid,
3233,22,BOM-HYD,Air India,AI975,2026-09-05,2026-08-21,T+15,Economy,5784.0,457,228,380,761,7610.0,Available,OTA,Valid,
3234,22,BOM-HYD,Air India,AI955,2026-09-05,2026-08-29,T+7,Economy,5441.0,430,215,358,716,7160.0,Available,Airline Site,Valid,
3235,22,BOM-HYD,Air India,AI988,2026-09-05,2026-09-04,T+1,Economy,7205.0,569,284,474,948,9480.0,Available,Airline Site,Valid,
3236,22,BOM-HYD,Akasa,AK700,2026-09-05,2026-07-22,T+45,Economy,3161.0,250,125,208,416,4160.0,Available,Airline Site,Valid,
3237,22,BOM-HYD,Akasa,AK383,2026-09-05,2026-08-06,T+30,Economy,3876.0,306,153,255,510,5100.0,Available,Airline Site,Valid,
3238,22,BOM-HYD,Akasa,AK105,2026-09-05,2026-08-21,T+15,Economy,4879.0,385,193,321,642,6420.0,Available,OTA,Valid,
3239,22,BOM-HYD,Akasa,AK611,2026-09-05,2026-08-29,T+7,Economy,5328.0,421,210,350,701,7010.0,Available,Airline Site,Valid,
3240,22,BOM-HYD,Akasa,AK254,2026-09-05,2026-09-04,T+1,Economy,5555.0,439,219,366,731,7310.0,Available,Airline Site,Valid,
3241,22,BLR-HYD,IndiGo,IN571,2026-09-05,2026-07-22,T+45,Economy,2629.0,208,104,173,346,3460.0,Available,Airline Site,Valid,
3242,22,BLR-HYD,IndiGo,IN863,2026-09-05,2026-08-06,T+30,Economy,3336.0,263,132,220,439,4390.0,Available,Airline Site,Valid,
3243,22,BLR-HYD,IndiGo,IN232,2026-09-05,2026-08-21,T+15,Economy,4059.0,320,160,267,534,5340.0,Available,Airline Site,Valid,
3244,22,BLR-HYD,IndiGo,IN557,2026-09-05,2026-08-29,T+7,Economy,4552.0,359,180,300,599,5990.0,Available,OTA,Valid,
3245,22,BLR-HYD,IndiGo,IN878,2026-09-05,2026-09-04,T+1,Economy,5616.0,443,222,370,739,7390.0,Available,Airline Site,Valid,
3246,22,BLR-HYD,Air India,AI137,2026-09-05,2026-07-22,T+45,Economy,2683.0,212,106,176,353,3530.0,Available,Airline Site,Valid,
3247,22,BLR-HYD,Air India,AI649,2026-09-05,2026-08-06,T+30,Economy,3504.0,277,138,230,461,4610.0,Sold Out,Airline Site,Flagged,Sold out at collection time
3248,22,BLR-HYD,Air India,AI930,2026-09-05,2026-08-21,T+15,Economy,4552.0,359,180,300,599,5990.0,Available,Airline Site,Valid,
3249,22,BLR-HYD,Air India,AI280,2026-09-05,2026-08-29,T+7,Economy,4674.0,369,184,308,615,6150.0,Available,OTA,Valid,
3250,22,BLR-HYD,Air India,AI504,2026-09-05,2026-09-04,T+1,Economy,4757.0,376,188,313,626,6260.0,Available,Airline Site,Valid,
3251,22,BLR-HYD,Akasa,AK434,2026-09-05,2026-07-22,T+45,Economy,3055.0,241,121,201,402,4020.0,Available,Airline Site,Valid,
3252,22,BLR-HYD,Akasa,AK117,2026-09-05,2026-08-06,T+30,Economy,4126.0,326,163,272,543,5430.0,Available,Airline Site,Valid,
3253,22,BLR-HYD,Akasa,AK458,2026-09-05,2026-08-21,T+15,Economy,5335.0,421,211,351,702,7020.0,Available,Airline Site,Valid,
3254,22,BLR-HYD,Akasa,AK101,2026-09-05,2026-08-29,T+7,Economy,6224.0,491,246,410,819,8190.0,Available,Airline Site,Valid,
3255,22,BLR-HYD,Akasa,AK453,2026-09-05,2026-09-04,T+1,Economy,6514.0,514,257,428,857,8570.0,Available,OTA,Valid,
3256,22,DEL-MAA,IndiGo,IN245,2026-09-05,2026-07-22,T+45,Economy,2827.0,223,112,186,372,3720.0,Available,OTA,Valid,
3257,22,DEL-MAA,IndiGo,IN652,2026-09-05,2026-08-06,T+30,Economy,4051.0,320,160,266,533,5330.0,Available,OTA,Valid,
3258,22,DEL-MAA,IndiGo,IN966,2026-09-05,2026-08-21,T+15,Economy,4963.0,392,196,326,653,6530.0,Sold Out,Airline Site,Flagged,Sold out at collection time
3259,22,DEL-MAA,IndiGo,IN126,2026-09-05,2026-08-29,T+7,Economy,5920.0,467,234,390,779,7790.0,Available,OTA,Valid,
3260,22,DEL-MAA,IndiGo,IN470,2026-09-05,2026-09-04,T+1,Economy,6323.0,499,250,416,832,8320.0,Available,OTA,Valid,
3261,22,DEL-MAA,Air India,AI713,2026-09-05,2026-07-22,T+45,Economy,2485.0,196,98,164,327,3270.0,Available,OTA,Valid,
3262,22,DEL-MAA,Air India,AI541,2026-09-05,2026-08-06,T+30,Economy,3633.0,287,143,239,478,4780.0,Available,Airline Site,Valid,
3263,22,DEL-MAA,Air India,AI980,2026-09-05,2026-08-21,T+15,Economy,4165.0,329,164,274,548,5480.0,Available,Airline Site,Valid,
3264,22,DEL-MAA,Air India,AI984,2026-09-05,2026-08-29,T+7,Economy,4575.0,361,181,301,602,6020.0,Available,Airline Site,Valid,
3265,22,DEL-MAA,Air India,AI392,2026-09-05,2026-09-04,T+1,Economy,4879.0,385,193,321,642,6420.0,Sold Out,Airline Site,Flagged,Sold out at collection time
3266,22,DEL-MAA,Akasa,AK515,2026-09-05,2026-07-22,T+45,Economy,2553.0,202,101,168,336,3360.0,Available,OTA,Valid,
3267,22,DEL-MAA,Akasa,AK415,2026-09-05,2026-08-06,T+30,Economy,3389.0,268,134,223,446,4460.0,Available,OTA,Valid,
3268,22,DEL-MAA,Akasa,AK456,2026-09-05,2026-08-21,T+15,Economy,4241.0,335,167,279,558,5580.0,Available,OTA,Valid,
3269,22,DEL-MAA,Akasa,AK357,2026-09-05,2026-08-29,T+7,Economy,5206.0,411,206,342,685,6850.0,Available,Airline Site,Valid,
3270,22,DEL-MAA,Akasa,AK572,2026-09-05,2026-09-04,T+1,Economy,4697.0,371,185,309,618,6180.0,Available,Airline Site,Valid,
3271,22,BOM-MAA,IndiGo,IN225,2026-09-05,2026-07-22,T+45,Economy,3670.0,290,145,242,483,4830.0,Sold Out,Airline Site,Flagged,Sold out at collection time
3272,22,BOM-MAA,IndiGo,IN522,2026-09-05,2026-08-06,T+30,Economy,5130.0,405,202,338,675,6750.0,Available,Airline Site,Valid,
3273,22,BOM-MAA,IndiGo,IN192,2026-09-05,2026-08-21,T+15,Economy,5997.0,473,237,394,789,7890.0,Available,OTA,Valid,
3274,22,BOM-MAA,IndiGo,IN629,2026-09-05,2026-08-29,T+7,Economy,6855.0,541,271,451,902,9020.0,Available,OTA,Valid,
3275,22,BOM-MAA,IndiGo,IN131,2026-09-05,2026-09-04,T+1,Economy,7068.0,558,279,465,930,9300.0,Available,Airline Site,Valid,
3276,22,BOM-MAA,Air India,AI300,2026-09-05,2026-07-22,T+45,Economy,4309.0,340,170,284,567,5670.0,Available,OTA,Valid,
3277,22,BOM-MAA,Air India,AI573,2026-09-05,2026-08-06,T+30,Economy,5707.0,451,225,376,751,7510.0,Available,OTA,Valid,
3278,22,BOM-MAA,Air India,AI991,2026-09-05,2026-08-21,T+15,Economy,6551.0,517,259,431,862,8620.0,Available,OTA,Valid,
3279,22,BOM-MAA,Air India,AI510,2026-09-05,2026-08-29,T+7,Economy,7987.0,631,315,526,1051,10510.0,Available,Airline Site,Valid,
3280,22,BOM-MAA,Air India,AI286,2026-09-05,2026-09-04,T+1,Economy,7774.0,614,307,512,1023,10230.0,Available,OTA,Valid,
3281,22,BOM-MAA,Akasa,AK608,2026-09-05,2026-07-22,T+45,Economy,3930.0,310,155,258,517,5170.0,Sold Out,Airline Site,Flagged,Sold out at collection time
3282,22,BOM-MAA,Akasa,AK787,2026-09-05,2026-08-06,T+30,Economy,5267.0,416,208,346,693,6930.0,Available,Airline Site,Valid,
3283,22,BOM-MAA,Akasa,AK929,2026-09-05,2026-08-21,T+15,Economy,6643.0,524,262,437,874,8740.0,Available,OTA,Valid,
3284,22,BOM-MAA,Akasa,AK503,2026-09-05,2026-08-29,T+7,Economy,8239.0,650,325,542,1084,10840.0,Available,Airline Site,Valid,
3285,22,BOM-MAA,Akasa,AK637,2026-09-05,2026-09-04,T+1,Economy,7152.0,565,282,470,941,9410.0,Available,Airline Site,Valid,
3286,22,CCU-BLR,IndiGo,IN512,2026-09-05,2026-07-22,T+45,Economy,2569.0,203,101,169,338,3380.0,Available,Airline Site,Valid,
3287,22,CCU-BLR,IndiGo,IN703,2026-09-05,2026-08-06,T+30,Economy,3261.0,257,129,214,429,4290.0,Sold Out,Airline Site,Flagged,Sold out at collection time
3288,22,CCU-BLR,IndiGo,IN702,2026-09-05,2026-08-21,T+15,Economy,4370.0,345,172,288,575,5750.0,Available,OTA,Valid,
3289,22,CCU-BLR,IndiGo,IN120,2026-09-05,2026-08-29,T+7,Economy,4248.0,335,168,280,559,5590.0,Available,OTA,Valid,
3290,22,CCU-BLR,IndiGo,IN665,2026-09-05,2026-09-04,T+1,Economy,5176.0,409,204,340,681,6810.0,Available,OTA,Valid,
3291,22,CCU-BLR,Air India,AI824,2026-09-05,2026-07-22,T+45,Economy,2569.0,203,101,169,338,3380.0,Available,Airline Site,Valid,
3292,22,CCU-BLR,Air India,AI613,2026-09-05,2026-08-06,T+30,Economy,3261.0,257,129,214,429,4290.0,Sold Out,OTA,Flagged,Sold out at collection time
3293,22,CCU-BLR,Air India,AI608,2026-09-05,2026-08-21,T+15,Economy,4477.0,353,177,294,589,5890.0,Available,OTA,Valid,
3294,22,CCU-BLR,Air India,AI604,2026-09-05,2026-08-29,T+7,Economy,5115.0,404,202,336,673,6730.0,Available,Airline Site,Valid,
3295,22,CCU-BLR,Air India,AI801,2026-09-05,2026-09-04,T+1,Economy,4811.0,380,190,316,633,6330.0,Available,OTA,Valid,
3296,22,CCU-BLR,Akasa,AK520,2026-09-05,2026-07-22,T+45,Economy,2417.0,191,95,159,318,3180.0,Available,Airline Site,Valid,
3297,22,CCU-BLR,Akasa,AK150,2026-09-05,2026-08-06,T+30,Economy,3161.0,250,125,208,416,4160.0,Available,OTA,Valid,
3298,22,CCU-BLR,Akasa,AK880,2026-09-05,2026-08-21,T+15,Economy,4035.0,319,159,266,531,5310.0,Available,Airline Site,Valid,
3299,22,CCU-BLR,Akasa,AK627,2026-09-05,2026-08-29,T+7,Economy,4370.0,345,172,288,575,5750.0,Available,OTA,Valid,
3300,22,CCU-BLR,Akasa,AK725,2026-09-05,2026-09-04,T+1,Economy,5190.0,410,205,342,683,6830.0,Available,Airline Site,Valid,
3301,23,DEL-BOM,IndiGo,IN968,2026-09-06,2026-07-23,T+45,Economy,4795.0,379,189,316,631,6310.0,Available,Airline Site,Valid,
3302,23,DEL-BOM,IndiGo,IN627,2026-09-06,2026-08-07,T+30,Economy,5950.0,470,235,392,783,7830.0,Available,Airline Site,Valid,
3303,23,DEL-BOM,IndiGo,IN961,2026-09-06,2026-08-22,T+15,Economy,7318.0,578,289,482,963,9630.0,Available,Airline Site,Valid,
3304,23,DEL-BOM,IndiGo,IN365,2026-09-06,2026-08-30,T+7,Economy,9196.0,726,363,605,1210,12100.0,Available,Airline Site,Valid,
3305,23,DEL-BOM,IndiGo,IN868,2026-09-06,2026-09-05,T+1,Economy,8999.0,710,355,592,1184,11840.0,Available,OTA,Valid,
3306,23,DEL-BOM,Air India,AI555,2026-09-06,2026-07-23,T+45,Economy,4636.0,366,183,305,610,6100.0,Available,OTA,Valid,
3307,23,DEL-BOM,Air India,AI934,2026-09-06,2026-08-07,T+30,Economy,6764.0,534,267,445,890,8900.0,Available,Airline Site,Valid,
3308,23,DEL-BOM,Air India,AI366,2026-09-06,2026-08-22,T+15,Economy,9059.0,715,358,596,1192,11920.0,Available,Airline Site,Valid,
3309,23,DEL-BOM,Air India,AI464,2026-09-06,2026-08-30,T+7,Economy,8109.0,640,320,534,1067,10670.0,Available,Airline Site,Valid,
3310,23,DEL-BOM,Air India,AI619,2026-09-06,2026-09-05,T+1,Economy,9773.0,772,386,643,1286,12860.0,Available,Airline Site,Valid,
3311,23,DEL-BOM,Akasa,AK653,2026-09-06,2026-07-23,T+45,Economy,4317.0,341,170,284,568,5680.0,Sold Out,OTA,Flagged,Sold out at collection time
3312,23,DEL-BOM,Akasa,AK948,2026-09-06,2026-08-07,T+30,Economy,5928.0,468,234,390,780,7800.0,Available,Airline Site,Valid,
3313,23,DEL-BOM,Akasa,AK709,2026-09-06,2026-08-22,T+15,Economy,7197.0,568,284,474,947,9470.0,Available,Airline Site,Valid,
3314,23,DEL-BOM,Akasa,AK611,2026-09-06,2026-08-30,T+7,Economy,9203.0,727,363,606,1211,12110.0,Available,OTA,Valid,
3315,23,DEL-BOM,Akasa,AK533,2026-09-06,2026-09-05,T+1,Economy,9697.0,766,383,638,1276,12760.0,Available,Airline Site,Valid,
3316,23,DEL-BLR,IndiGo,IN968,2026-09-06,2026-07-23,T+45,Economy,2562.0,202,101,168,337,3370.0,Available,Airline Site,Valid,
3317,23,DEL-BLR,IndiGo,IN334,2026-09-06,2026-08-07,T+30,Economy,3275.0,259,129,216,431,4310.0,Available,OTA,Valid,
3318,23,DEL-BLR,IndiGo,IN694,2026-09-06,2026-08-22,T+15,Economy,4453.0,352,176,293,586,5860.0,Available,OTA,Valid,
3319,23,DEL-BLR,IndiGo,IN665,2026-09-06,2026-08-30,T+7,Economy,4613.0,364,182,304,607,6070.0,Available,Airline Site,Valid,
3320,23,DEL-BLR,IndiGo,IN927,2026-09-06,2026-09-05,T+1,Economy,5077.0,401,200,334,668,6680.0,Available,Airline Site,Valid,
3321,23,DEL-BLR,Air India,AI571,2026-09-06,2026-07-23,T+45,Economy,2242.0,177,88,148,295,2950.0,Available,OTA,Valid,
3322,23,DEL-BLR,Air India,AI719,2026-09-06,2026-08-07,T+30,Economy,3002.0,237,118,198,395,3950.0,Available,OTA,Valid,
3323,23,DEL-BLR,Air India,AI659,2026-09-06,2026-08-22,T+15,Economy,4119.0,325,163,271,542,5420.0,Available,OTA,Valid,
3324,23,DEL-BLR,Air India,AI372,2026-09-06,2026-08-30,T+7,Economy,4727.0,373,187,311,622,6220.0,Available,OTA,Valid,
3325,23,DEL-BLR,Air India,AI256,2026-09-06,2026-09-05,T+1,Economy,4241.0,335,167,279,558,5580.0,Available,Airline Site,Valid,
3326,23,DEL-BLR,Akasa,AK693,2026-09-06,2026-07-23,T+45,Economy,2379.0,188,94,156,313,3130.0,Available,OTA,Valid,
3327,23,DEL-BLR,Akasa,AK100,2026-09-06,2026-08-07,T+30,Economy,3048.0,241,120,200,401,4010.0,Available,Airline Site,Valid,
3328,23,DEL-BLR,Akasa,AK813,2026-09-06,2026-08-22,T+15,Economy,3739.0,295,148,246,492,4920.0,Available,Airline Site,Valid,
3329,23,DEL-BLR,Akasa,AK364,2026-09-06,2026-08-30,T+7,Economy,4643.0,367,183,306,611,6110.0,Available,Airline Site,Valid,
3330,23,DEL-BLR,Akasa,AK555,2026-09-06,2026-09-05,T+1,Economy,5335.0,421,211,351,702,7020.0,Available,Airline Site,Valid,
3331,23,BOM-BLR,IndiGo,IN319,2026-09-06,2026-07-23,T+45,Economy,2166.0,171,86,142,285,2850.0,Available,Airline Site,Valid,
3332,23,BOM-BLR,IndiGo,IN842,2026-09-06,2026-08-07,T+30,Economy,3032.0,239,120,200,399,3990.0,Available,Airline Site,Valid,
3333,23,BOM-BLR,IndiGo,IN831,2026-09-06,2026-08-22,T+15,Economy,4180.0,330,165,275,550,5500.0,Available,Airline Site,Valid,
3334,23,BOM-BLR,IndiGo,IN100,2026-09-06,2026-08-30,T+7,Economy,3921.0,310,155,258,516,5160.0,Available,Airline Site,Valid,
3335,23,BOM-BLR,IndiGo,IN669,2026-09-06,2026-09-05,T+1,Economy,3891.0,307,154,256,512,5120.0,Available,OTA,Valid,
3336,23,BOM-BLR,Air India,AI269,2026-09-06,2026-07-23,T+45,Economy,2007.0,158,79,132,264,2640.0,Available,OTA,Valid,
3337,23,BOM-BLR,Air India,AI368,2026-09-06,2026-08-07,T+30,Economy,2880.0,227,114,190,379,3790.0,Available,Airline Site,Valid,
3338,23,BOM-BLR,Air India,AI993,2026-09-06,2026-08-22,T+15,Economy,3496.0,276,138,230,460,4600.0,Available,OTA,Valid,
3339,23,BOM-BLR,Air India,AI526,2026-09-06,2026-08-30,T+7,Economy,3769.0,298,149,248,496,4960.0,Available,Airline Site,Valid,
3340,23,BOM-BLR,Air India,AI865,2026-09-06,2026-09-05,T+1,Economy,4225.0,334,167,278,556,5560.0,Available,Airline Site,Valid,
3341,23,BOM-BLR,Akasa,AK659,2026-09-06,2026-07-23,T+45,Economy,2235.0,176,88,147,294,2940.0,Available,Airline Site,Valid,
3342,23,BOM-BLR,Akasa,AK664,2026-09-06,2026-08-07,T+30,Economy,3131.0,247,124,206,412,4120.0,Available,OTA,Valid,
3343,23,BOM-BLR,Akasa,AK629,2026-09-06,2026-08-22,T+15,Economy,3420.0,270,135,225,450,4500.0,Available,Airline Site,Valid,
3344,23,BOM-BLR,Akasa,AK737,2026-09-06,2026-08-30,T+7,Economy,4552.0,359,180,300,599,5990.0,Available,OTA,Valid,
3345,23,BOM-BLR,Akasa,AK659,2026-09-06,2026-09-05,T+1,Economy,4765.0,376,188,314,627,6270.0,Available,Airline Site,Valid,
3346,23,DEL-CCU,IndiGo,IN419,2026-09-06,2026-07-23,T+45,Economy,3040.0,240,120,200,400,4000.0,Available,OTA,Valid,
3347,23,DEL-CCU,IndiGo,IN987,2026-09-06,2026-08-07,T+30,Economy,4180.0,330,165,275,550,5500.0,Available,OTA,Valid,
3348,23,DEL-CCU,IndiGo,IN922,2026-09-06,2026-08-22,T+15,Economy,5396.0,426,213,355,710,7100.0,Available,Airline Site,Valid,
3349,23,DEL-CCU,IndiGo,IN713,2026-09-06,2026-08-30,T+7,Economy,5130.0,405,202,338,675,6750.0,Available,Airline Site,Valid,
3350,23,DEL-CCU,IndiGo,IN469,2026-09-06,2026-09-05,T+1,Economy,6771.0,535,267,446,891,8910.0,Available,OTA,Valid,
3351,23,DEL-CCU,Air India,AI585,2026-09-06,2026-07-23,T+45,Economy,3139.0,248,124,206,413,4130.0,Available,Airline Site,Valid,
3352,23,DEL-CCU,Air India,AI870,2026-09-06,2026-08-07,T+30,Economy,4218.0,333,166,278,555,5550.0,Available,OTA,Valid,
3353,23,DEL-CCU,Air India,AI520,2026-09-06,2026-08-22,T+15,Economy,5092.0,402,201,335,670,6700.0,Available,Airline Site,Valid,
3354,23,DEL-CCU,Air India,AI435,2026-09-06,2026-08-30,T+7,Economy,5548.0,438,219,365,730,7300.0,Available,Airline Site,Valid,
3355,23,DEL-CCU,Air India,AI125,2026-09-06,2026-09-05,T+1,Economy,6141.0,485,242,404,808,8080.0,Available,OTA,Valid,
3356,23,DEL-CCU,Akasa,AK356,2026-09-06,2026-07-23,T+45,Economy,3253.0,257,128,214,428,4280.0,Available,OTA,Valid,
3357,23,DEL-CCU,Akasa,AK798,2026-09-06,2026-08-07,T+30,Economy,4629.0,365,183,304,609,6090.0,Available,OTA,Valid,
3358,23,DEL-CCU,Akasa,AK434,2026-09-06,2026-08-22,T+15,Economy,5282.0,417,208,348,695,6950.0,Available,OTA,Valid,
3359,23,DEL-CCU,Akasa,AK418,2026-09-06,2026-08-30,T+7,Economy,5632.0,445,222,370,741,7410.0,Available,OTA,Valid,
3360,23,DEL-CCU,Akasa,AK650,2026-09-06,2026-09-05,T+1,Economy,6376.0,503,252,420,839,8390.0,Available,OTA,Valid,
3361,23,DEL-HYD,IndiGo,IN900,2026-09-06,2026-07-23,T+45,Economy,2957.0,233,117,194,389,3890.0,Available,Airline Site,Valid,
3362,23,DEL-HYD,IndiGo,IN901,2026-09-06,2026-08-07,T+30,Economy,3960.0,313,156,260,521,5210.0,Available,OTA,Valid,
3363,23,DEL-HYD,IndiGo,IN974,2026-09-06,2026-08-22,T+15,Economy,5586.0,441,220,368,735,7350.0,Available,OTA,Valid,
3364,23,DEL-HYD,IndiGo,IN211,2026-09-06,2026-08-30,T+7,Economy,5396.0,426,213,355,710,7100.0,Available,OTA,Valid,
3365,23,DEL-HYD,IndiGo,IN154,2026-09-06,2026-09-05,T+1,Economy,6194.0,489,244,408,815,8150.0,Sold Out,OTA,Flagged,Sold out at collection time
3366,23,DEL-HYD,Air India,AI401,2026-09-06,2026-07-23,T+45,Economy,2857.0,226,113,188,376,3760.0,Available,OTA,Valid,
3367,23,DEL-HYD,Air India,AI810,2026-09-06,2026-08-07,T+30,Economy,3990.0,315,158,262,525,5250.0,Available,OTA,Valid,
3368,23,DEL-HYD,Air India,AI727,2026-09-06,2026-08-22,T+15,Economy,4940.0,390,195,325,650,6500.0,Available,Airline Site,Valid,
3369,23,DEL-HYD,Air India,AI826,2026-09-06,2026-08-30,T+7,Economy,4917.0,388,194,324,647,6470.0,Available,Airline Site,Valid,
3370,23,DEL-HYD,Air India,AI615,2026-09-06,2026-09-05,T+1,Economy,5890.0,465,232,388,775,7750.0,Available,OTA,Valid,
3371,23,DEL-HYD,Akasa,AK161,2026-09-06,2026-07-23,T+45,Economy,3123.0,247,123,206,411,4110.0,Sold Out,Airline Site,Flagged,Sold out at collection time
3372,23,DEL-HYD,Akasa,AK505,2026-09-06,2026-08-07,T+30,Economy,4066.0,321,160,268,535,5350.0,Available,OTA,Valid,
3373,23,DEL-HYD,Akasa,AK995,2026-09-06,2026-08-22,T+15,Economy,5731.0,452,226,377,754,7540.0,Available,OTA,Valid,
3374,23,DEL-HYD,Akasa,AK113,2026-09-06,2026-08-30,T+7,Economy,5959.0,470,235,392,784,7840.0,Available,OTA,Valid,
3375,23,DEL-HYD,Akasa,AK518,2026-09-06,2026-09-05,T+1,Economy,6483.0,512,256,426,853,8530.0,Available,Airline Site,Valid,
3376,23,BOM-HYD,IndiGo,IN268,2026-09-06,2026-07-23,T+45,Economy,2910.0,230,115,192,383,3830.0,Available,OTA,Valid,
3377,23,BOM-HYD,IndiGo,IN590,2026-09-06,2026-08-07,T+30,Economy,3944.0,311,156,260,519,5190.0,Available,OTA,Valid,
3378,23,BOM-HYD,IndiGo,IN495,2026-09-06,2026-08-22,T+15,Economy,4933.0,389,195,324,649,6490.0,Available,Airline Site,Valid,
3379,23,BOM-HYD,IndiGo,IN938,2026-09-06,2026-08-30,T+7,Economy,5517.0,436,218,363,726,7260.0,Available,OTA,Valid,
3380,23,BOM-HYD,IndiGo,IN279,2026-09-06,2026-09-05,T+1,Economy,6916.0,546,273,455,910,9100.0,Available,Airline Site,Valid,
3381,23,BOM-HYD,Air India,AI432,2026-09-06,2026-07-23,T+45,Economy,3071.0,242,121,202,404,4040.0,Available,OTA,Valid,
3382,23,BOM-HYD,Air India,AI374,2026-09-06,2026-08-07,T+30,Economy,4499.0,355,178,296,592,5920.0,Sold Out,OTA,Flagged,Sold out at collection time
3383,23,BOM-HYD,Air India,AI392,2026-09-06,2026-08-22,T+15,Economy,5099.0,403,201,336,671,6710.0,Available,OTA,Valid,
3384,23,BOM-HYD,Air India,AI965,2026-09-06,2026-08-30,T+7,Economy,6346.0,501,250,418,835,8350.0,Available,Airline Site,Valid,
3385,23,BOM-HYD,Air India,AI830,2026-09-06,2026-09-05,T+1,Economy,5677.0,448,224,374,747,7470.0,Available,OTA,Valid,
3386,23,BOM-HYD,Akasa,AK603,2026-09-06,2026-07-23,T+45,Economy,3230.0,255,128,212,425,4250.0,Available,Airline Site,Valid,
3387,23,BOM-HYD,Akasa,AK507,2026-09-06,2026-08-07,T+30,Economy,4370.0,345,172,288,575,5750.0,Available,Airline Site,Valid,
3388,23,BOM-HYD,Akasa,AK794,2026-09-06,2026-08-22,T+15,Economy,5632.0,445,222,370,741,7410.0,Available,OTA,Valid,
3389,23,BOM-HYD,Akasa,AK952,2026-09-06,2026-08-30,T+7,Economy,5457.0,431,215,359,718,7180.0,Available,OTA,Valid,
3390,23,BOM-HYD,Akasa,AK586,2026-09-06,2026-09-05,T+1,Economy,6862.0,542,271,452,903,9030.0,Available,Airline Site,Valid,
3391,23,BLR-HYD,IndiGo,IN496,2026-09-06,2026-07-23,T+45,Economy,2606.0,206,103,172,343,3430.0,Available,Airline Site,Valid,
3392,23,BLR-HYD,IndiGo,IN299,2026-09-06,2026-08-07,T+30,Economy,3435.0,271,136,226,452,4520.0,Sold Out,Airline Site,Flagged,Sold out at collection time
3393,23,BLR-HYD,IndiGo,IN949,2026-09-06,2026-08-22,T+15,Economy,4264.0,337,168,280,561,5610.0,Available,Airline Site,Valid,
3394,23,BLR-HYD,IndiGo,IN412,2026-09-06,2026-08-30,T+7,Economy,4621.0,365,182,304,608,6080.0,Sold Out,Airline Site,Flagged,Sold out at collection time
3395,23,BLR-HYD,IndiGo,IN505,2026-09-06,2026-09-05,T+1,Economy,5335.0,421,211,351,702,7020.0,Available,OTA,Valid,
3396,23,BLR-HYD,Air India,AI276,2026-09-06,2026-07-23,T+45,Economy,2827.0,223,112,186,372,3720.0,Available,OTA,Valid,
3397,23,BLR-HYD,Air India,AI367,2026-09-06,2026-08-07,T+30,Economy,4142.0,327,164,272,545,5450.0,Available,Airline Site,Valid,
3398,23,BLR-HYD,Air India,AI647,2026-09-06,2026-08-22,T+15,Economy,5047.0,398,199,332,664,6640.0,Available,Airline Site,Valid,
3399,23,BLR-HYD,Air India,AI561,2026-09-06,2026-08-30,T+7,Economy,5365.0,424,212,353,706,7060.0,Available,Airline Site,Valid,
3400,23,BLR-HYD,Air India,AI873,2026-09-06,2026-09-05,T+1,Economy,5137.0,406,203,338,676,6760.0,Available,OTA,Valid,
3401,23,BLR-HYD,Akasa,AK567,2026-09-06,2026-07-23,T+45,Economy,2629.0,208,104,173,346,3460.0,Available,OTA,Valid,
3402,23,BLR-HYD,Akasa,AK923,2026-09-06,2026-08-07,T+30,Economy,3853.0,304,152,254,507,5070.0,Available,OTA,Valid,
3403,23,BLR-HYD,Akasa,AK895,2026-09-06,2026-08-22,T+15,Economy,5016.0,396,198,330,660,6600.0,Available,Airline Site,Valid,
3404,23,BLR-HYD,Akasa,AK592,2026-09-06,2026-08-30,T+7,Economy,4994.0,394,197,328,657,6570.0,Available,Airline Site,Valid,
3405,23,BLR-HYD,Akasa,AK959,2026-09-06,2026-09-05,T+1,Economy,5754.0,454,227,378,757,7570.0,Available,Airline Site,Valid,
3406,23,DEL-MAA,IndiGo,IN712,2026-09-06,2026-07-23,T+45,Economy,2599.0,205,103,171,342,3420.0,Available,OTA,Valid,
3407,23,DEL-MAA,IndiGo,IN235,2026-09-06,2026-08-07,T+30,Economy,3458.0,273,136,228,455,4550.0,Available,Airline Site,Valid,
3408,23,DEL-MAA,IndiGo,IN341,2026-09-06,2026-08-22,T+15,Economy,4317.0,341,170,284,568,5680.0,Available,Airline Site,Valid,
3409,23,DEL-MAA,IndiGo,IN761,2026-09-06,2026-08-30,T+7,Economy,4325.0,341,171,284,569,5690.0,Available,OTA,Valid,
3410,23,DEL-MAA,IndiGo,IN260,2026-09-06,2026-09-05,T+1,Economy,4690.0,370,185,308,617,6170.0,Available,Airline Site,Valid,
3411,23,DEL-MAA,Air India,AI150,2026-09-06,2026-07-23,T+45,Economy,2941.0,232,116,194,387,3870.0,Available,Airline Site,Valid,
3412,23,DEL-MAA,Air India,AI935,2026-09-06,2026-08-07,T+30,Economy,3724.0,294,147,245,490,4900.0,Available,Airline Site,Valid,
3413,23,DEL-MAA,Air India,AI116,2026-09-06,2026-08-22,T+15,Economy,4842.0,382,191,318,637,6370.0,Available,OTA,Valid,
3414,23,DEL-MAA,Air India,AI146,2026-09-06,2026-08-30,T+7,Economy,5457.0,431,215,359,718,7180.0,Available,OTA,Valid,
3415,23,DEL-MAA,Air India,AI660,2026-09-06,2026-09-05,T+1,Economy,6125.0,484,242,403,806,8060.0,Available,OTA,Valid,
3416,23,DEL-MAA,Akasa,AK163,2026-09-06,2026-07-23,T+45,Economy,2463.0,194,97,162,324,3240.0,Available,Airline Site,Valid,
3417,23,DEL-MAA,Akasa,AK426,2026-09-06,2026-08-07,T+30,Economy,3527.0,278,139,232,464,4640.0,Available,Airline Site,Valid,
3418,23,DEL-MAA,Akasa,AK905,2026-09-06,2026-08-22,T+15,Economy,4430.0,350,175,292,583,5830.0,Available,OTA,Valid,
3419,23,DEL-MAA,Akasa,AK663,2026-09-06,2026-08-30,T+7,Economy,5137.0,406,203,338,676,6760.0,Available,Airline Site,Valid,
3420,23,DEL-MAA,Akasa,AK702,2026-09-06,2026-09-05,T+1,Economy,4856.0,383,192,320,639,6390.0,Available,Airline Site,Valid,
3421,23,BOM-MAA,IndiGo,IN955,2026-09-06,2026-07-23,T+45,Economy,3610.0,285,142,238,475,4750.0,Available,Airline Site,Valid,
3422,23,BOM-MAA,IndiGo,IN385,2026-09-06,2026-08-07,T+30,Economy,4803.0,379,190,316,632,6320.0,Available,OTA,Valid,
3423,23,BOM-MAA,IndiGo,IN120,2026-09-06,2026-08-22,T+15,Economy,6088.0,481,240,400,801,8010.0,Available,Airline Site,Valid,
3424,23,BOM-MAA,IndiGo,IN784,2026-09-06,2026-08-30,T+7,Economy,7113.0,562,281,468,936,9360.0,Available,OTA,Valid,
3425,23,BOM-MAA,IndiGo,IN762,2026-09-06,2026-09-05,T+1,Economy,6597.0,521,260,434,868,8680.0,Available,OTA,Valid,
3426,23,BOM-MAA,Air India,AI960,2026-09-06,2026-07-23,T+45,Economy,3701.0,292,146,244,487,4870.0,Available,Airline Site,Valid,
3427,23,BOM-MAA,Air India,AI557,2026-09-06,2026-08-07,T+30,Economy,5275.0,416,208,347,694,6940.0,Available,Airline Site,Valid,
3428,23,BOM-MAA,Air India,AI705,2026-09-06,2026-08-22,T+15,Economy,6445.0,509,254,424,848,8480.0,Available,OTA,Valid,
3429,23,BOM-MAA,Air India,AI476,2026-09-06,2026-08-30,T+7,Economy,6475.0,511,256,426,852,8520.0,Available,Airline Site,Valid,
3430,23,BOM-MAA,Air India,AI401,2026-09-06,2026-09-05,T+1,Economy,7585.0,599,299,499,998,9980.0,Available,OTA,Valid,
3431,23,BOM-MAA,Akasa,AK263,2026-09-06,2026-07-23,T+45,Economy,4005.0,316,158,264,527,5270.0,Available,OTA,Valid,
3432,23,BOM-MAA,Akasa,AK652,2026-09-06,2026-08-07,T+30,Economy,5571.0,440,220,366,733,7330.0,Available,Airline Site,Valid,
3433,23,BOM-MAA,Akasa,AK776,2026-09-06,2026-08-22,T+15,Economy,6931.0,547,274,456,912,9120.0,Available,Airline Site,Valid,
3434,23,BOM-MAA,Akasa,AK705,2026-09-06,2026-08-30,T+7,Economy,7227.0,571,285,476,951,9510.0,Available,OTA,Valid,
3435,23,BOM-MAA,Akasa,AK565,2026-09-06,2026-09-05,T+1,Economy,7774.0,614,307,512,1023,10230.0,Available,Airline Site,Valid,
3436,23,CCU-BLR,IndiGo,IN541,2026-09-06,2026-07-23,T+45,Economy,2325.0,184,92,153,306,3060.0,Available,OTA,Valid,
3437,23,CCU-BLR,IndiGo,IN634,2026-09-06,2026-08-07,T+30,Economy,3283.0,259,130,216,432,4320.0,Available,Airline Site,Valid,
3438,23,CCU-BLR,IndiGo,IN180,2026-09-06,2026-08-22,T+15,Economy,3907.0,308,154,257,514,5140.0,Available,Airline Site,Valid,
3439,23,CCU-BLR,IndiGo,IN685,2026-09-06,2026-08-30,T+7,Economy,4895.0,386,193,322,644,6440.0,Available,Airline Site,Valid,
3440,23,CCU-BLR,IndiGo,IN469,2026-09-06,2026-09-05,T+1,Economy,5427.0,428,214,357,714,7140.0,Available,OTA,Valid,
3441,23,CCU-BLR,Air India,AI397,2026-09-06,2026-07-23,T+45,Economy,2744.0,217,108,180,361,3610.0,Available,Airline Site,Valid,
3442,23,CCU-BLR,Air India,AI289,2026-09-06,2026-08-07,T+30,Economy,3670.0,290,145,242,483,4830.0,Available,Airline Site,Valid,
3443,23,CCU-BLR,Air India,AI760,2026-09-06,2026-08-22,T+15,Economy,4788.0,378,189,315,630,6300.0,Available,OTA,Valid,
3444,23,CCU-BLR,Air India,AI512,2026-09-06,2026-08-30,T+7,Economy,4765.0,376,188,314,627,6270.0,Available,OTA,Valid,
3445,23,CCU-BLR,Air India,AI717,2026-09-06,2026-09-05,T+1,Economy,5137.0,406,203,338,676,6760.0,Available,OTA,Valid,
3446,23,CCU-BLR,Akasa,AK824,2026-09-06,2026-07-23,T+45,Economy,2447.0,193,97,161,322,3220.0,Available,OTA,Valid,
3447,23,CCU-BLR,Akasa,AK235,2026-09-06,2026-08-07,T+30,Economy,3465.0,274,137,228,456,4560.0,Available,OTA,Valid,
3448,23,CCU-BLR,Akasa,AK953,2026-09-06,2026-08-22,T+15,Economy,4393.0,347,173,289,578,5780.0,Available,OTA,Valid,
3449,23,CCU-BLR,Akasa,AK102,2026-09-06,2026-08-30,T+7,Economy,4681.0,370,185,308,616,6160.0,Available,Airline Site,Valid,
3450,23,CCU-BLR,Akasa,AK608,2026-09-06,2026-09-05,T+1,Economy,4743.0,374,187,312,624,6240.0,Available,Airline Site,Valid,
3451,24,DEL-BOM,IndiGo,IN821,2026-09-07,2026-07-24,T+45,Economy,3997.0,316,158,263,526,5260.0,Available,OTA,Valid,
3452,24,DEL-BOM,IndiGo,IN275,2026-09-07,2026-08-08,T+30,Economy,5190.0,410,205,342,683,6830.0,Available,Airline Site,Valid,
3453,24,DEL-BOM,IndiGo,IN281,2026-09-07,2026-08-23,T+15,Economy,6757.0,533,267,444,889,8890.0,Available,OTA,Valid,
3454,24,DEL-BOM,IndiGo,IN386,2026-09-07,2026-08-31,T+7,Economy,8527.0,673,337,561,1122,11220.0,Sold Out,Airline Site,Flagged,Sold out at collection time
3455,24,DEL-BOM,IndiGo,IN936,2026-09-07,2026-09-06,T+1,Economy,8284.0,654,327,545,1090,10900.0,Available,Airline Site,Valid,
3456,24,DEL-BOM,Air India,AI239,2026-09-07,2026-07-24,T+45,Economy,4552.0,359,180,300,599,5990.0,Available,Airline Site,Valid,
3457,24,DEL-BOM,Air India,AI913,2026-09-07,2026-08-08,T+30,Economy,6315.0,499,249,416,831,8310.0,Available,Airline Site,Valid,
3458,24,DEL-BOM,Air India,AI459,2026-09-07,2026-08-23,T+15,Economy,7631.0,602,301,502,1004,10040.0,Available,Airline Site,Valid,
3459,24,DEL-BOM,Air India,AI101,2026-09-07,2026-08-31,T+7,Economy,7965.0,629,314,524,1048,10480.0,Available,OTA,Valid,
3460,24,DEL-BOM,Air India,AI935,2026-09-07,2026-09-06,T+1,Economy,10010.0,790,395,658,1317,13170.0,Available,OTA,Valid,
3461,24,DEL-BOM,Akasa,AK861,2026-09-07,2026-07-24,T+45,Economy,4278.0,338,169,282,563,5630.0,Available,OTA,Valid,
3462,24,DEL-BOM,Akasa,AK304,2026-09-07,2026-08-08,T+30,Economy,5358.0,423,212,352,705,7050.0,Sold Out,OTA,Flagged,Sold out at collection time
3463,24,DEL-BOM,Akasa,AK421,2026-09-07,2026-08-23,T+15,Economy,6491.0,512,256,427,854,8540.0,Available,Airline Site,Valid,
3464,24,DEL-BOM,Akasa,AK817,2026-09-07,2026-08-31,T+7,Economy,8573.0,677,338,564,1128,11280.0,Available,Airline Site,Valid,
3465,24,DEL-BOM,Akasa,AK419,2026-09-07,2026-09-06,T+1,Economy,9294.0,734,367,612,1223,12230.0,Available,OTA,Valid,
3466,24,DEL-BLR,IndiGo,IN634,2026-09-07,2026-07-24,T+45,Economy,2280.0,180,90,150,300,3000.0,Available,Airline Site,Valid,
3467,24,DEL-BLR,IndiGo,IN234,2026-09-07,2026-08-08,T+30,Economy,3147.0,248,124,207,414,4140.0,Available,OTA,Valid,
3468,24,DEL-BLR,IndiGo,IN523,2026-09-07,2026-08-23,T+15,Economy,4218.0,333,166,278,555,5550.0,Available,Airline Site,Valid,
3469,24,DEL-BLR,IndiGo,IN627,2026-09-07,2026-08-31,T+7,Economy,4750.0,375,188,312,625,6250.0,Available,OTA,Valid,
3470,24,DEL-BLR,IndiGo,IN651,2026-09-07,2026-09-06,T+1,Economy,4173.0,329,165,274,549,5490.0,Available,Airline Site,Valid,
3471,24,DEL-BLR,Air India,AI893,2026-09-07,2026-07-24,T+45,Economy,2106.0,166,83,138,277,2770.0,Available,OTA,Valid,
3472,24,DEL-BLR,Air India,AI579,2026-09-07,2026-08-08,T+30,Economy,2751.0,217,109,181,362,3620.0,Available,Airline Site,Valid,
3473,24,DEL-BLR,Air India,AI845,2026-09-07,2026-08-23,T+15,Economy,4066.0,321,160,268,535,5350.0,Available,OTA,Valid,
3474,24,DEL-BLR,Air India,AI347,2026-09-07,2026-08-31,T+7,Economy,4180.0,330,165,275,550,5500.0,Available,Airline Site,Valid,
3475,24,DEL-BLR,Air India,AI982,2026-09-07,2026-09-06,T+1,Economy,4165.0,329,164,274,548,5480.0,Available,OTA,Valid,
3476,24,DEL-BLR,Akasa,AK661,2026-09-07,2026-07-24,T+45,Economy,2113.0,167,83,139,278,2780.0,Available,OTA,Valid,
3477,24,DEL-BLR,Akasa,AK615,2026-09-07,2026-08-08,T+30,Economy,3131.0,247,124,206,412,4120.0,Available,OTA,Valid,
3478,24,DEL-BLR,Akasa,AK333,2026-09-07,2026-08-23,T+15,Economy,3960.0,313,156,260,521,5210.0,Available,OTA,Valid,
3479,24,DEL-BLR,Akasa,AK148,2026-09-07,2026-08-31,T+7,Economy,3891.0,307,154,256,512,5120.0,Available,Airline Site,Valid,
3480,24,DEL-BLR,Akasa,AK383,2026-09-07,2026-09-06,T+1,Economy,4294.0,339,170,282,565,5650.0,Available,OTA,Valid,
3481,24,BOM-BLR,IndiGo,IN506,2026-09-07,2026-07-24,T+45,Economy,2166.0,171,86,142,285,2850.0,Available,Airline Site,Valid,
3482,24,BOM-BLR,IndiGo,IN134,2026-09-07,2026-08-08,T+30,Economy,2941.0,232,116,194,387,3870.0,Available,OTA,Valid,
3483,24,BOM-BLR,IndiGo,IN143,2026-09-07,2026-08-23,T+15,Economy,3960.0,313,156,260,521,5210.0,Available,OTA,Valid,
3484,24,BOM-BLR,IndiGo,IN714,2026-09-07,2026-08-31,T+7,Economy,4377.0,346,173,288,576,5760.0,Available,Airline Site,Valid,
3485,24,BOM-BLR,IndiGo,IN202,2026-09-07,2026-09-06,T+1,Economy,3899.0,308,154,256,513,5130.0,Available,OTA,Valid,
3486,24,BOM-BLR,Air India,AI436,2026-09-07,2026-07-24,T+45,Economy,1907.0,151,75,126,251,2510.0,Available,OTA,Valid,
3487,24,BOM-BLR,Air India,AI819,2026-09-07,2026-08-08,T+30,Economy,2637.0,208,104,174,347,3470.0,Available,Airline Site,Valid,
3488,24,BOM-BLR,Air India,AI339,2026-09-07,2026-08-23,T+15,Economy,3299.0,260,130,217,434,4340.0,Available,OTA,Valid,
3489,24,BOM-BLR,Air India,AI281,2026-09-07,2026-08-31,T+7,Economy,3769.0,298,149,248,496,4960.0,Available,Airline Site,Valid,
3490,24,BOM-BLR,Air India,AI421,2026-09-07,2026-09-06,T+1,Economy,4059.0,320,160,267,534,5340.0,Available,OTA,Valid,
3491,24,BOM-BLR,Akasa,AK527,2026-09-07,2026-07-24,T+45,Economy,2242.0,177,88,148,295,2950.0,Available,Airline Site,Valid,
3492,24,BOM-BLR,Akasa,AK319,2026-09-07,2026-08-08,T+30,Economy,2857.0,226,113,188,376,3760.0,Available,Airline Site,Valid,
3493,24,BOM-BLR,Akasa,AK917,2026-09-07,2026-08-23,T+15,Economy,4165.0,329,164,274,548,5480.0,Available,OTA,Valid,
3494,24,BOM-BLR,Akasa,AK447,2026-09-07,2026-08-31,T+7,Economy,4363.0,344,172,287,574,5740.0,Sold Out,OTA,Flagged,Sold out at collection time
3495,24,BOM-BLR,Akasa,AK202,2026-09-07,2026-09-06,T+1,Economy,4211.0,332,166,277,554,5540.0,Available,Airline Site,Valid,
3496,24,DEL-CCU,IndiGo,IN825,2026-09-07,2026-07-24,T+45,Economy,3040.0,240,120,200,400,4000.0,Available,OTA,Valid,
3497,24,DEL-CCU,IndiGo,IN782,2026-09-07,2026-08-08,T+30,Economy,4180.0,330,165,275,550,5500.0,Available,Airline Site,Valid,
3498,24,DEL-CCU,IndiGo,IN394,2026-09-07,2026-08-23,T+15,Economy,4727.0,373,187,311,622,6220.0,Available,Airline Site,Valid,
3499,24,DEL-CCU,IndiGo,IN112,2026-09-07,2026-08-31,T+7,Economy,6285.0,496,248,414,827,8270.0,Available,Airline Site,Valid,
3500,24,DEL-CCU,IndiGo,IN132,2026-09-07,2026-09-06,T+1,Economy,5244.0,414,207,345,690,6900.0,Available,OTA,Valid,
3501,24,DEL-CCU,Air India,AI391,2026-09-07,2026-07-24,T+45,Economy,2797.0,221,110,184,368,3680.0,Available,OTA,Valid,
3502,24,DEL-CCU,Air India,AI326,2026-09-07,2026-08-08,T+30,Economy,3822.0,302,151,252,503,5030.0,Available,OTA,Valid,
3503,24,DEL-CCU,Air India,AI278,2026-09-07,2026-08-23,T+15,Economy,5008.0,395,198,330,659,6590.0,Available,OTA,Valid,
3504,24,DEL-CCU,Air India,AI482,2026-09-07,2026-08-31,T+7,Economy,5031.0,397,199,331,662,6620.0,Available,OTA,Valid,
3505,24,DEL-CCU,Air India,AI172,2026-09-07,2026-09-06,T+1,Economy,5001.0,395,197,329,658,6580.0,Sold Out,OTA,Flagged,Sold out at collection time
3506,24,DEL-CCU,Akasa,AK759,2026-09-07,2026-07-24,T+45,Economy,3275.0,259,129,216,431,4310.0,Sold Out,OTA,Flagged,Sold out at collection time
3507,24,DEL-CCU,Akasa,AK660,2026-09-07,2026-08-08,T+30,Economy,4757.0,376,188,313,626,6260.0,Available,OTA,Valid,
3508,24,DEL-CCU,Akasa,AK145,2026-09-07,2026-08-23,T+15,Economy,5768.0,455,228,380,759,7590.0,Available,Airline Site,Valid,
3509,24,DEL-CCU,Akasa,AK811,2026-09-07,2026-08-31,T+7,Economy,6832.0,539,270,450,899,8990.0,Available,Airline Site,Valid,
3510,24,DEL-CCU,Akasa,AK395,2026-09-07,2026-09-06,T+1,Economy,6893.0,544,272,454,907,9070.0,Available,OTA,Valid,
3511,24,DEL-HYD,IndiGo,IN876,2026-09-07,2026-07-24,T+45,Economy,2835.0,224,112,186,373,3730.0,Available,Airline Site,Valid,
3512,24,DEL-HYD,IndiGo,IN264,2026-09-07,2026-08-08,T+30,Economy,3648.0,288,144,240,480,4800.0,Available,Airline Site,Valid,
3513,24,DEL-HYD,IndiGo,IN488,2026-09-07,2026-08-23,T+15,Economy,4347.0,343,172,286,572,5720.0,Available,Airline Site,Valid,
3514,24,DEL-HYD,IndiGo,IN208,2026-09-07,2026-08-31,T+7,Economy,5731.0,452,226,377,754,7540.0,Available,OTA,Valid,
3515,24,DEL-HYD,IndiGo,IN291,2026-09-07,2026-09-06,T+1,Economy,5176.0,409,204,340,681,6810.0,Available,Airline Site,Valid,
3516,24,DEL-HYD,Air India,AI197,2026-09-07,2026-07-24,T+45,Economy,2933.0,232,116,193,386,3860.0,Available,Airline Site,Valid,
3517,24,DEL-HYD,Air India,AI531,2026-09-07,2026-08-08,T+30,Economy,4066.0,321,160,268,535,5350.0,Available,Airline Site,Valid,
3518,24,DEL-HYD,Air India,AI882,2026-09-07,2026-08-23,T+15,Economy,4750.0,375,188,312,625,6250.0,Available,OTA,Valid,
3519,24,DEL-HYD,Air India,AI255,2026-09-07,2026-08-31,T+7,Economy,5517.0,436,218,363,726,7260.0,Available,Airline Site,Valid,
3520,24,DEL-HYD,Air India,AI325,2026-09-07,2026-09-06,T+1,Economy,5373.0,424,212,354,707,7070.0,Available,Airline Site,Valid,
3521,24,DEL-HYD,Akasa,AK567,2026-09-07,2026-07-24,T+45,Economy,3085.0,244,122,203,406,4060.0,Available,OTA,Valid,
3522,24,DEL-HYD,Akasa,AK290,2026-09-07,2026-08-08,T+30,Economy,3983.0,314,157,262,524,5240.0,Available,OTA,Valid,
3523,24,DEL-HYD,Akasa,AK336,2026-09-07,2026-08-23,T+15,Economy,4879.0,385,193,321,642,6420.0,Available,Airline Site,Valid,
3524,24,DEL-HYD,Akasa,AK283,2026-09-07,2026-08-31,T+7,Economy,5662.0,447,224,372,745,7450.0,Available,Airline Site,Valid,
3525,24,DEL-HYD,Akasa,AK291,2026-09-07,2026-09-06,T+1,Economy,5966.0,471,236,392,785,7850.0,Available,OTA,Valid,
3526,24,BOM-HYD,IndiGo,IN555,2026-09-07,2026-07-24,T+45,Economy,3200.0,253,126,210,421,4210.0,Available,OTA,Valid,
3527,24,BOM-HYD,IndiGo,IN869,2026-09-07,2026-08-08,T+30,Economy,4529.0,358,179,298,596,5960.0,Available,Airline Site,Valid,
3528,24,BOM-HYD,IndiGo,IN272,2026-09-07,2026-08-23,T+15,Economy,5282.0,417,208,348,695,6950.0,Available,Airline Site,Valid,
3529,24,BOM-HYD,IndiGo,IN637,2026-09-07,2026-08-31,T+7,Economy,5707.0,451,225,376,751,7510.0,Available,OTA,Valid,
3530,24,BOM-HYD,IndiGo,IN679,2026-09-07,2026-09-06,T+1,Economy,7061.0,557,279,464,929,9290.0,Available,Airline Site,Valid,
3531,24,BOM-HYD,Air India,AI480,2026-09-07,2026-07-24,T+45,Economy,3147.0,248,124,207,414,4140.0,Available,Airline Site,Valid,
3532,24,BOM-HYD,Air India,AI682,2026-09-07,2026-08-08,T+30,Economy,4545.0,359,179,299,598,5980.0,Available,OTA,Valid,
3533,24,BOM-HYD,Air India,AI490,2026-09-07,2026-08-23,T+15,Economy,5146.0,406,203,338,677,6770.0,Available,Airline Site,Valid,
3534,24,BOM-HYD,Air India,AI891,2026-09-07,2026-08-31,T+7,Economy,6415.0,506,253,422,844,8440.0,Available,Airline Site,Valid,
3535,24,BOM-HYD,Air India,AI816,2026-09-07,2026-09-06,T+1,Economy,6558.0,518,259,432,863,8630.0,Available,Airline Site,Valid,
3536,24,BOM-HYD,Akasa,AK258,2026-09-07,2026-07-24,T+45,Economy,2797.0,221,110,184,368,3680.0,Available,OTA,Valid,
3537,24,BOM-HYD,Akasa,AK382,2026-09-07,2026-08-08,T+30,Economy,4013.0,317,158,264,528,5280.0,Available,OTA,Valid,
3538,24,BOM-HYD,Akasa,AK626,2026-09-07,2026-08-23,T+15,Economy,5115.0,404,202,336,673,6730.0,Available,OTA,Valid,
3539,24,BOM-HYD,Akasa,AK664,2026-09-07,2026-08-31,T+7,Economy,4720.0,373,186,310,621,6210.0,Available,OTA,Valid,
3540,24,BOM-HYD,Akasa,AK958,2026-09-07,2026-09-06,T+1,Economy,5731.0,452,226,377,754,7540.0,Available,Airline Site,Valid,
3541,24,BLR-HYD,IndiGo,IN598,2026-09-07,2026-07-24,T+45,Economy,2615.0,206,103,172,344,3440.0,Available,Airline Site,Valid,
3542,24,BLR-HYD,IndiGo,IN980,2026-09-07,2026-08-08,T+30,Economy,3778.0,298,149,248,497,4970.0,Available,Airline Site,Valid,
3543,24,BLR-HYD,IndiGo,IN468,2026-09-07,2026-08-23,T+15,Economy,4241.0,335,167,279,558,5580.0,Available,Airline Site,Valid,
3544,24,BLR-HYD,IndiGo,IN853,2026-09-07,2026-08-31,T+7,Economy,5282.0,417,208,348,695,6950.0,Available,Airline Site,Valid,
3545,24,BLR-HYD,IndiGo,IN151,2026-09-07,2026-09-06,T+1,Economy,4925.0,389,194,324,648,6480.0,Available,Airline Site,Valid,
3546,24,BLR-HYD,Air India,AI609,2026-09-07,2026-07-24,T+45,Economy,2721.0,215,107,179,358,3580.0,Available,Airline Site,Valid,
3547,24,BLR-HYD,Air India,AI481,2026-09-07,2026-08-08,T+30,Economy,3626.0,286,143,238,477,4770.0,Available,Airline Site,Valid,
3548,24,BLR-HYD,Air India,AI615,2026-09-07,2026-08-23,T+15,Economy,5001.0,395,197,329,658,6580.0,Available,OTA,Valid,
3549,24,BLR-HYD,Air India,AI505,2026-09-07,2026-08-31,T+7,Economy,5472.0,432,216,360,720,7200.0,Available,Airline Site,Valid,
3550,24,BLR-HYD,Air India,AI336,2026-09-07,2026-09-06,T+1,Economy,5335.0,421,211,351,702,7020.0,Available,OTA,Valid,
3551,24,BLR-HYD,Akasa,AK198,2026-09-07,2026-07-24,T+45,Economy,2888.0,228,114,190,380,3800.0,Available,Airline Site,Valid,
3552,24,BLR-HYD,Akasa,AK123,2026-09-07,2026-08-08,T+30,Economy,3541.0,280,140,233,466,4660.0,Available,Airline Site,Valid,
3553,24,BLR-HYD,Akasa,AK802,2026-09-07,2026-08-23,T+15,Economy,4819.0,380,190,317,634,6340.0,Available,Airline Site,Valid,
3554,24,BLR-HYD,Akasa,AK722,2026-09-07,2026-08-31,T+7,Economy,5244.0,414,207,345,690,6900.0,Sold Out,Airline Site,Flagged,Sold out at collection time
3555,24,BLR-HYD,Akasa,AK323,2026-09-07,2026-09-06,T+1,Economy,5981.0,472,236,394,787,7870.0,Available,Airline Site,Valid,
3556,24,DEL-MAA,IndiGo,IN168,2026-09-07,2026-07-24,T+45,Economy,2933.0,232,116,193,386,3860.0,Available,OTA,Valid,
3557,24,DEL-MAA,IndiGo,IN920,2026-09-07,2026-08-08,T+30,Economy,3739.0,295,148,246,492,4920.0,Available,Airline Site,Valid,
3558,24,DEL-MAA,IndiGo,IN157,2026-09-07,2026-08-23,T+15,Economy,4674.0,369,184,308,615,6150.0,Available,OTA,Valid,
3559,24,DEL-MAA,IndiGo,IN502,2026-09-07,2026-08-31,T+7,Economy,5966.0,471,236,392,785,7850.0,Available,Airline Site,Valid,
3560,24,DEL-MAA,IndiGo,IN256,2026-09-07,2026-09-06,T+1,Economy,5731.0,452,226,377,754,7540.0,Available,OTA,Valid,
3561,24,DEL-MAA,Air India,AI897,2026-09-07,2026-07-24,T+45,Economy,2637.0,208,104,174,347,3470.0,Available,OTA,Valid,
3562,24,DEL-MAA,Air India,AI541,2026-09-07,2026-08-08,T+30,Economy,3359.0,265,133,221,442,4420.0,Available,Airline Site,Valid,
3563,24,DEL-MAA,Air India,AI293,2026-09-07,2026-08-23,T+15,Economy,4651.0,367,184,306,612,6120.0,Available,OTA,Valid,
3564,24,DEL-MAA,Air India,AI719,2026-09-07,2026-08-31,T+7,Economy,4720.0,373,186,310,621,6210.0,Available,OTA,Valid,
3565,24,DEL-MAA,Air India,AI494,2026-09-07,2026-09-06,T+1,Economy,5016.0,396,198,330,660,6600.0,Available,Airline Site,Valid,
3566,24,DEL-MAA,Akasa,AK904,2026-09-07,2026-07-24,T+45,Economy,2440.0,193,96,160,321,3210.0,Available,Airline Site,Valid,
3567,24,DEL-MAA,Akasa,AK770,2026-09-07,2026-08-08,T+30,Economy,3572.0,282,141,235,470,4700.0,Available,OTA,Valid,
3568,24,DEL-MAA,Akasa,AK795,2026-09-07,2026-08-23,T+15,Economy,3937.0,311,155,259,518,5180.0,Available,Airline Site,Valid,
3569,24,DEL-MAA,Akasa,AK708,2026-09-07,2026-08-31,T+7,Economy,4704.0,371,186,310,619,6190.0,Available,Airline Site,Valid,
3570,24,DEL-MAA,Akasa,AK251,2026-09-07,2026-09-06,T+1,Economy,5450.0,430,215,358,717,7170.0,Available,OTA,Valid,
3571,24,BOM-MAA,IndiGo,IN489,2026-09-07,2026-07-24,T+45,Economy,4173.0,329,165,274,549,5490.0,Available,Airline Site,Valid,
3572,24,BOM-MAA,IndiGo,IN237,2026-09-07,2026-08-08,T+30,Economy,5754.0,454,227,378,757,7570.0,Available,OTA,Valid,
3573,24,BOM-MAA,IndiGo,IN291,2026-09-07,2026-08-23,T+15,Economy,7904.0,624,312,520,1040,10400.0,Available,Airline Site,Valid,
3574,24,BOM-MAA,IndiGo,IN351,2026-09-07,2026-08-31,T+7,Economy,7486.0,591,296,492,985,9850.0,Available,Airline Site,Valid,
3575,24,BOM-MAA,IndiGo,IN806,2026-09-07,2026-09-06,T+1,Economy,9075.0,716,358,597,1194,11940.0,Available,Airline Site,Valid,
3576,24,BOM-MAA,Air India,AI611,2026-09-07,2026-07-24,T+45,Economy,4195.0,331,166,276,552,5520.0,Available,OTA,Valid,
3577,24,BOM-MAA,Air India,AI984,2026-09-07,2026-08-08,T+30,Economy,5852.0,462,231,385,770,7700.0,Available,OTA,Valid,
3578,24,BOM-MAA,Air India,AI375,2026-09-07,2026-08-23,T+15,Economy,7669.0,605,303,504,1009,10090.0,Available,OTA,Valid,
3579,24,BOM-MAA,Air India,AI837,2026-09-07,2026-08-31,T+7,Economy,7760.0,613,306,510,1021,10210.0,Available,OTA,Valid,
3580,24,BOM-MAA,Air India,AI750,2026-09-07,2026-09-06,T+1,Economy,9105.0,719,359,599,1198,11980.0,Available,Airline Site,Valid,
3581,24,BOM-MAA,Akasa,AK583,2026-09-07,2026-07-24,T+45,Economy,3853.0,304,152,254,507,5070.0,Available,OTA,Valid,
3582,24,BOM-MAA,Akasa,AK708,2026-09-07,2026-08-08,T+30,Economy,5305.0,419,209,349,698,6980.0,Available,OTA,Valid,
3583,24,BOM-MAA,Akasa,AK313,2026-09-07,2026-08-23,T+15,Economy,7007.0,553,277,461,922,9220.0,Available,Airline Site,Valid,
3584,24,BOM-MAA,Akasa,AK478,2026-09-07,2026-08-31,T+7,Economy,6574.0,519,260,432,865,8650.0,Sold Out,Airline Site,Flagged,Sold out at collection time
3585,24,BOM-MAA,Akasa,AK733,2026-09-07,2026-09-06,T+1,Economy,8208.0,648,324,540,1080,10800.0,Available,OTA,Valid,
3586,24,CCU-BLR,IndiGo,IN246,2026-09-07,2026-07-24,T+45,Economy,2645.0,209,104,174,348,3480.0,Available,OTA,Valid,
3587,24,CCU-BLR,IndiGo,IN964,2026-09-07,2026-08-08,T+30,Economy,3610.0,285,142,238,475,4750.0,Available,Airline Site,Valid,
3588,24,CCU-BLR,IndiGo,IN564,2026-09-07,2026-08-23,T+15,Economy,4765.0,376,188,314,627,6270.0,Available,OTA,Valid,
3589,24,CCU-BLR,IndiGo,IN834,2026-09-07,2026-08-31,T+7,Economy,4582.0,362,181,302,603,6030.0,Available,Airline Site,Valid,
3590,24,CCU-BLR,IndiGo,IN933,2026-09-07,2026-09-06,T+1,Economy,5061.0,400,200,333,666,6660.0,Available,OTA,Valid,
3591,24,CCU-BLR,Air India,AI261,2026-09-07,2026-07-24,T+45,Economy,2546.0,201,100,168,335,3350.0,Available,Airline Site,Valid,
3592,24,CCU-BLR,Air India,AI416,2026-09-07,2026-08-08,T+30,Economy,3366.0,266,133,222,443,4430.0,Available,Airline Site,Valid,
3593,24,CCU-BLR,Air India,AI773,2026-09-07,2026-08-23,T+15,Economy,4325.0,341,171,284,569,5690.0,Available,Airline Site,Valid,
3594,24,CCU-BLR,Air India,AI118,2026-09-07,2026-08-31,T+7,Economy,4552.0,359,180,300,599,5990.0,Sold Out,Airline Site,Flagged,Sold out at collection time
3595,24,CCU-BLR,Air India,AI464,2026-09-07,2026-09-06,T+1,Economy,5237.0,413,207,344,689,6890.0,Available,Airline Site,Valid,
3596,24,CCU-BLR,Akasa,AK557,2026-09-07,2026-07-24,T+45,Economy,2758.0,218,109,182,363,3630.0,Available,OTA,Valid,
3597,24,CCU-BLR,Akasa,AK935,2026-09-07,2026-08-08,T+30,Economy,3527.0,278,139,232,464,4640.0,Available,OTA,Valid,
3598,24,CCU-BLR,Akasa,AK617,2026-09-07,2026-08-23,T+15,Economy,4750.0,375,188,312,625,6250.0,Available,OTA,Valid,
3599,24,CCU-BLR,Akasa,AK795,2026-09-07,2026-08-31,T+7,Economy,4917.0,388,194,324,647,6470.0,Available,Airline Site,Valid,
3600,24,CCU-BLR,Akasa,AK267,2026-09-07,2026-09-06,T+1,Economy,5555.0,439,219,366,731,7310.0,Available,Airline Site,Valid,
3601,25,DEL-BOM,IndiGo,IN251,2026-09-08,2026-07-25,T+45,Economy,4446.0,351,176,292,585,5850.0,Available,OTA,Valid,
3602,25,DEL-BOM,IndiGo,IN540,2026-09-08,2026-08-09,T+30,Economy,5761.0,455,227,379,758,7580.0,Available,OTA,Valid,
3603,25,DEL-BOM,IndiGo,IN103,2026-09-08,2026-08-24,T+15,Economy,7182.0,567,284,472,945,9450.0,Available,Airline Site,Valid,
3604,25,DEL-BOM,IndiGo,IN881,2026-09-08,2026-09-01,T+7,Economy,8307.0,656,328,546,1093,10930.0,Available,OTA,Valid,
3605,25,DEL-BOM,IndiGo,IN649,2026-09-08,2026-09-07,T+1,Economy,9736.0,769,384,640,1281,12810.0,Available,OTA,Valid,
3606,25,DEL-BOM,Air India,AI137,2026-09-08,2026-07-25,T+45,Economy,4430.0,350,175,292,583,5830.0,Sold Out,Airline Site,Flagged,Sold out at collection time
3607,25,DEL-BOM,Air India,AI846,2026-09-08,2026-08-09,T+30,Economy,5867.0,463,232,386,772,7720.0,Available,OTA,Valid,
3608,25,DEL-BOM,Air India,AI967,2026-09-08,2026-08-24,T+15,Economy,6855.0,541,271,451,902,9020.0,Available,Airline Site,Valid,
3609,25,DEL-BOM,Air India,AI332,2026-09-08,2026-09-01,T+7,Economy,8041.0,635,317,529,1058,10580.0,Available,Airline Site,Valid,
3610,25,DEL-BOM,Air India,AI507,2026-09-08,2026-09-07,T+1,Economy,9135.0,721,361,601,1202,12020.0,Available,Airline Site,Valid,
3611,25,DEL-BOM,Akasa,AK224,2026-09-08,2026-07-25,T+45,Economy,4332.0,342,171,285,570,5700.0,Available,OTA,Valid,
3612,25,DEL-BOM,Akasa,AK894,2026-09-08,2026-08-09,T+30,Economy,5784.0,457,228,380,761,7610.0,Available,Airline Site,Valid,
3613,25,DEL-BOM,Akasa,AK843,2026-09-08,2026-08-24,T+15,Economy,7578.0,598,299,498,997,9970.0,Available,OTA,Valid,
3614,25,DEL-BOM,Akasa,AK836,2026-09-08,2026-09-01,T+7,Economy,8854.0,699,350,582,1165,11650.0,Available,OTA,Valid,
3615,25,DEL-BOM,Akasa,AK799,2026-09-08,2026-09-07,T+1,Economy,9949.0,785,393,654,1309,13090.0,Available,Airline Site,Valid,
3616,25,DEL-BLR,IndiGo,IN332,2026-09-08,2026-07-25,T+45,Economy,2227.0,176,88,146,293,2930.0,Available,Airline Site,Valid,
3617,25,DEL-BLR,IndiGo,IN278,2026-09-08,2026-08-09,T+30,Economy,3116.0,246,123,205,410,4100.0,Sold Out,OTA,Flagged,Sold out at collection time
3618,25,DEL-BLR,IndiGo,IN948,2026-09-08,2026-08-24,T+15,Economy,4028.0,318,159,265,530,5300.0,Available,Airline Site,Valid,
3619,25,DEL-BLR,IndiGo,IN332,2026-09-08,2026-09-01,T+7,Economy,4317.0,341,170,284,568,5680.0,Available,Airline Site,Valid,
3620,25,DEL-BLR,IndiGo,IN580,2026-09-08,2026-09-07,T+1,Economy,4568.0,361,180,300,601,6010.0,Available,Airline Site,Valid,
3621,25,DEL-BLR,Air India,AI498,2026-09-08,2026-07-25,T+45,Economy,2379.0,188,94,156,313,3130.0,Available,Airline Site,Valid,
3622,25,DEL-BLR,Air India,AI949,2026-09-08,2026-08-09,T+30,Economy,3366.0,266,133,222,443,4430.0,Available,OTA,Valid,
3623,25,DEL-BLR,Air India,AI227,2026-09-08,2026-08-24,T+15,Economy,3565.0,281,141,234,469,4690.0,Available,Airline Site,Valid,
3624,25,DEL-BLR,Air India,AI943,2026-09-08,2026-09-01,T+7,Economy,4423.0,349,175,291,582,5820.0,Available,Airline Site,Valid,
3625,25,DEL-BLR,Air India,AI673,2026-09-08,2026-09-07,T+1,Economy,5282.0,417,208,348,695,6950.0,Available,Airline Site,Valid,
3626,25,DEL-BLR,Akasa,AK912,2026-09-08,2026-07-25,T+45,Economy,2447.0,193,97,161,322,3220.0,Available,OTA,Valid,
3627,25,DEL-BLR,Akasa,AK646,2026-09-08,2026-08-09,T+30,Economy,3527.0,278,139,232,464,4640.0,Available,OTA,Valid,
3628,25,DEL-BLR,Akasa,AK871,2026-09-08,2026-08-24,T+15,Economy,4096.0,323,162,270,539,5390.0,Available,Airline Site,Valid,
3629,25,DEL-BLR,Akasa,AK321,2026-09-08,2026-09-01,T+7,Economy,4439.0,350,175,292,584,5840.0,Available,Airline Site,Valid,
3630,25,DEL-BLR,Akasa,AK829,2026-09-08,2026-09-07,T+1,Economy,4439.0,350,175,292,584,5840.0,Available,Airline Site,Valid,
3631,25,BOM-BLR,IndiGo,IN786,2026-09-08,2026-07-25,T+45,Economy,2029.0,160,80,134,267,2670.0,Available,Airline Site,Valid,
3632,25,BOM-BLR,IndiGo,IN801,2026-09-08,2026-08-09,T+30,Economy,2873.0,227,113,189,378,3780.0,Available,Airline Site,Valid,
3633,25,BOM-BLR,IndiGo,IN514,2026-09-08,2026-08-24,T+15,Economy,3352.0,265,132,220,441,4410.0,Available,Airline Site,Valid,
3634,25,BOM-BLR,IndiGo,IN445,2026-09-08,2026-09-01,T+7,Economy,4173.0,329,165,274,549,5490.0,Available,Airline Site,Valid,
3635,25,BOM-BLR,IndiGo,IN750,2026-09-08,2026-09-07,T+1,Economy,4484.0,354,177,295,590,5900.0,Available,OTA,Valid,
3636,25,BOM-BLR,Air India,AI217,2026-09-08,2026-07-25,T+45,Economy,2341.0,185,92,154,308,3080.0,Available,OTA,Valid,
3637,25,BOM-BLR,Air India,AI382,2026-09-08,2026-08-09,T+30,Economy,3109.0,245,123,204,409,4090.0,Available,Airline Site,Valid,
3638,25,BOM-BLR,Air India,AI334,2026-09-08,2026-08-24,T+15,Economy,3549.0,280,140,234,467,4670.0,Available,OTA,Valid,
3639,25,BOM-BLR,Air India,AI431,2026-09-08,2026-09-01,T+7,Economy,4629.0,365,183,304,609,6090.0,Available,Airline Site,Valid,
3640,25,BOM-BLR,Air India,AI510,2026-09-08,2026-09-07,T+1,Economy,4294.0,339,170,282,565,5650.0,Available,OTA,Valid,
3641,25,BOM-BLR,Akasa,AK584,2026-09-08,2026-07-25,T+45,Economy,2249.0,178,89,148,296,2960.0,Available,OTA,Valid,
3642,25,BOM-BLR,Akasa,AK909,2026-09-08,2026-08-09,T+30,Economy,2857.0,226,113,188,376,3760.0,Available,OTA,Valid,
3643,25,BOM-BLR,Akasa,AK918,2026-09-08,2026-08-24,T+15,Economy,3633.0,287,143,239,478,4780.0,Available,Airline Site,Valid,
3644,25,BOM-BLR,Akasa,AK837,2026-09-08,2026-09-01,T+7,Economy,4021.0,317,159,264,529,5290.0,Available,Airline Site,Valid,
3645,25,BOM-BLR,Akasa,AK450,2026-09-08,2026-09-07,T+1,Economy,4659.0,368,184,306,613,6130.0,Available,OTA,Valid,
3646,25,DEL-CCU,IndiGo,IN706,2026-09-08,2026-07-25,T+45,Economy,3253.0,257,128,214,428,4280.0,Available,OTA,Valid,
3647,25,DEL-CCU,IndiGo,IN924,2026-09-08,2026-08-09,T+30,Economy,4309.0,340,170,284,567,5670.0,Available,OTA,Valid,
3648,25,DEL-CCU,IndiGo,IN118,2026-09-08,2026-08-24,T+15,Economy,5897.0,466,233,388,776,7760.0,Available,OTA,Valid,
3649,25,DEL-CCU,IndiGo,IN172,2026-09-08,2026-09-01,T+7,Economy,6771.0,535,267,446,891,8910.0,Available,OTA,Valid,
3650,25,DEL-CCU,IndiGo,IN191,2026-09-08,2026-09-07,T+1,Economy,5959.0,470,235,392,784,7840.0,Available,Airline Site,Valid,
3651,25,DEL-CCU,Air India,AI540,2026-09-08,2026-07-25,T+45,Economy,3268.0,258,129,215,430,4300.0,Available,OTA,Valid,
3652,25,DEL-CCU,Air India,AI564,2026-09-08,2026-08-09,T+30,Economy,4339.0,343,171,286,571,5710.0,Available,OTA,Valid,
3653,25,DEL-CCU,Air India,AI602,2026-09-08,2026-08-24,T+15,Economy,5061.0,400,200,333,666,6660.0,Available,Airline Site,Valid,
3654,25,DEL-CCU,Air India,AI888,2026-09-08,2026-09-01,T+7,Economy,5533.0,437,218,364,728,7280.0,Available,OTA,Valid,
3655,25,DEL-CCU,Air India,AI128,2026-09-08,2026-09-07,T+1,Economy,6832.0,539,270,450,899,8990.0,Available,OTA,Valid,
3656,25,DEL-CCU,Akasa,AK586,2026-09-08,2026-07-25,T+45,Economy,3078.0,243,122,202,405,4050.0,Available,OTA,Valid,
3657,25,DEL-CCU,Akasa,AK312,2026-09-08,2026-08-09,T+30,Economy,4157.0,328,164,274,547,5470.0,Available,OTA,Valid,
3658,25,DEL-CCU,Akasa,AK745,2026-09-08,2026-08-24,T+15,Economy,4955.0,391,196,326,652,6520.0,Available,OTA,Valid,
3659,25,DEL-CCU,Akasa,AK624,2026-09-08,2026-09-01,T+7,Economy,5396.0,426,213,355,710,7100.0,Available,OTA,Valid,
3660,25,DEL-CCU,Akasa,AK146,2026-09-08,2026-09-07,T+1,Economy,5624.0,444,222,370,740,7400.0,Available,Airline Site,Valid,
3661,25,DEL-HYD,IndiGo,IN378,2026-09-08,2026-07-25,T+45,Economy,2888.0,228,114,190,380,3800.0,Available,OTA,Valid,
3662,25,DEL-HYD,IndiGo,IN107,2026-09-08,2026-08-09,T+30,Economy,3914.0,309,154,258,515,5150.0,Available,Airline Site,Valid,
3663,25,DEL-HYD,IndiGo,IN575,2026-09-08,2026-08-24,T+15,Economy,4605.0,364,182,303,606,6060.0,Available,OTA,Valid,
3664,25,DEL-HYD,IndiGo,IN608,2026-09-08,2026-09-01,T+7,Economy,5487.0,433,217,361,722,7220.0,Available,OTA,Valid,
3665,25,DEL-HYD,IndiGo,IN191,2026-09-08,2026-09-07,T+1,Economy,6027.0,476,238,396,793,7930.0,Available,Airline Site,Valid,
3666,25,DEL-HYD,Air India,AI134,2026-09-08,2026-07-25,T+45,Economy,3093.0,244,122,204,407,4070.0,Available,OTA,Valid,
3667,25,DEL-HYD,Air India,AI461,2026-09-08,2026-08-09,T+30,Economy,3869.0,305,153,254,509,5090.0,Available,Airline Site,Valid,
3668,25,DEL-HYD,Air India,AI856,2026-09-08,2026-08-24,T+15,Economy,5024.0,397,198,330,661,6610.0,Available,OTA,Valid,
3669,25,DEL-HYD,Air India,AI575,2026-09-08,2026-09-01,T+7,Economy,5890.0,465,232,388,775,7750.0,Available,Airline Site,Valid,
3670,25,DEL-HYD,Air India,AI466,2026-09-08,2026-09-07,T+1,Economy,6795.0,536,268,447,894,8940.0,Available,OTA,Valid,
3671,25,DEL-HYD,Akasa,AK707,2026-09-08,2026-07-25,T+45,Economy,2995.0,236,118,197,394,3940.0,Available,Airline Site,Valid,
3672,25,DEL-HYD,Akasa,AK265,2026-09-08,2026-08-09,T+30,Economy,3800.0,300,150,250,500,5000.0,Available,OTA,Valid,
3673,25,DEL-HYD,Akasa,AK406,2026-09-08,2026-08-24,T+15,Economy,4856.0,383,192,320,639,6390.0,Available,Airline Site,Valid,
3674,25,DEL-HYD,Akasa,AK637,2026-09-08,2026-09-01,T+7,Economy,6065.0,479,239,399,798,7980.0,Available,OTA,Valid,
3675,25,DEL-HYD,Akasa,AK388,2026-09-08,2026-09-07,T+1,Economy,6095.0,481,241,401,802,8020.0,Available,OTA,Valid,
3676,25,BOM-HYD,IndiGo,IN399,2026-09-08,2026-07-25,T+45,Economy,3375.0,266,133,222,444,4440.0,Available,OTA,Valid,
3677,25,BOM-HYD,IndiGo,IN910,2026-09-08,2026-08-09,T+30,Economy,4651.0,367,184,306,612,6120.0,Available,Airline Site,Valid,
3678,25,BOM-HYD,IndiGo,IN703,2026-09-08,2026-08-24,T+15,Economy,5639.0,445,223,371,742,7420.0,Available,Airline Site,Valid,
3679,25,BOM-HYD,IndiGo,IN364,2026-09-08,2026-09-01,T+7,Economy,6878.0,543,272,452,905,9050.0,Available,OTA,Valid,
3680,25,BOM-HYD,IndiGo,IN376,2026-09-08,2026-09-07,T+1,Economy,6376.0,503,252,420,839,8390.0,Available,OTA,Valid,
3681,25,BOM-HYD,Air India,AI816,2026-09-08,2026-07-25,T+45,Economy,2789.0,220,110,184,367,3670.0,Available,Airline Site,Valid,
3682,25,BOM-HYD,Air India,AI612,2026-09-08,2026-08-09,T+30,Economy,3587.0,283,142,236,472,4720.0,Available,OTA,Valid,
3683,25,BOM-HYD,Air India,AI689,2026-09-08,2026-08-24,T+15,Economy,4773.0,377,188,314,628,6280.0,Available,OTA,Valid,
3684,25,BOM-HYD,Air India,AI108,2026-09-08,2026-09-01,T+7,Economy,4605.0,364,182,303,606,6060.0,Available,OTA,Valid,
3685,25,BOM-HYD,Air India,AI217,2026-09-08,2026-09-07,T+1,Economy,5107.0,403,202,336,672,6720.0,Available,Airline Site,Valid,
3686,25,BOM-HYD,Akasa,AK456,2026-09-08,2026-07-25,T+45,Economy,3071.0,242,121,202,404,4040.0,Available,OTA,Valid,
3687,25,BOM-HYD,Akasa,AK699,2026-09-08,2026-08-09,T+30,Economy,3990.0,315,158,262,525,5250.0,Available,Airline Site,Valid,
3688,25,BOM-HYD,Akasa,AK409,2026-09-08,2026-08-24,T+15,Economy,4515.0,356,178,297,594,5940.0,Available,OTA,Valid,
3689,25,BOM-HYD,Akasa,AK165,2026-09-08,2026-09-01,T+7,Economy,6080.0,480,240,400,800,8000.0,Available,Airline Site,Valid,
3690,25,BOM-HYD,Akasa,AK244,2026-09-08,2026-09-07,T+1,Economy,6315.0,499,249,416,831,8310.0,Available,OTA,Valid,
3691,25,BLR-HYD,IndiGo,IN441,2026-09-08,2026-07-25,T+45,Economy,3055.0,241,121,201,402,4020.0,Available,OTA,Valid,
3692,25,BLR-HYD,IndiGo,IN294,2026-09-08,2026-08-09,T+30,Economy,4073.0,322,161,268,536,5360.0,Available,OTA,Valid,
3693,25,BLR-HYD,IndiGo,IN102,2026-09-08,2026-08-24,T+15,Economy,5320.0,420,210,350,700,7000.0,Available,OTA,Valid,
3694,25,BLR-HYD,IndiGo,IN687,2026-09-08,2026-09-01,T+7,Economy,6080.0,480,240,400,800,8000.0,Available,Airline Site,Valid,
3695,25,BLR-HYD,IndiGo,IN405,2026-09-08,2026-09-07,T+1,Economy,5662.0,447,224,372,745,7450.0,Available,OTA,Valid,
3696,25,BLR-HYD,Air India,AI655,2026-09-08,2026-07-25,T+45,Economy,2705.0,214,107,178,356,3560.0,Available,Airline Site,Valid,
3697,25,BLR-HYD,Air India,AI287,2026-09-08,2026-08-09,T+30,Economy,3883.0,307,153,256,511,5110.0,Available,OTA,Valid,
3698,25,BLR-HYD,Air India,AI238,2026-09-08,2026-08-24,T+15,Economy,4453.0,352,176,293,586,5860.0,Sold Out,Airline Site,Flagged,Sold out at collection time
3699,25,BLR-HYD,Air India,AI287,2026-09-08,2026-09-01,T+7,Economy,4872.0,385,192,320,641,6410.0,Available,Airline Site,Valid,
3700,25,BLR-HYD,Air India,AI337,2026-09-08,2026-09-07,T+1,Economy,5677.0,448,224,374,747,7470.0,Available,OTA,Valid,
3701,25,BLR-HYD,Akasa,AK505,2026-09-08,2026-07-25,T+45,Economy,2888.0,228,114,190,380,3800.0,Available,Airline Site,Valid,
3702,25,BLR-HYD,Akasa,AK766,2026-09-08,2026-08-09,T+30,Economy,3679.0,290,145,242,484,4840.0,Available,Airline Site,Valid,
3703,25,BLR-HYD,Akasa,AK871,2026-09-08,2026-08-24,T+15,Economy,4826.0,381,190,318,635,6350.0,Available,Airline Site,Valid,
3704,25,BLR-HYD,Akasa,AK191,2026-09-08,2026-09-01,T+7,Economy,5031.0,397,199,331,662,6620.0,Available,OTA,Valid,
3705,25,BLR-HYD,Akasa,AK576,2026-09-08,2026-09-07,T+1,Economy,5593.0,442,221,368,736,7360.0,Available,Airline Site,Valid,
3706,25,DEL-MAA,IndiGo,IN912,2026-09-08,2026-07-25,T+45,Economy,2843.0,224,112,187,374,3740.0,Available,OTA,Valid,
3707,25,DEL-MAA,IndiGo,IN934,2026-09-08,2026-08-09,T+30,Economy,4028.0,318,159,265,530,5300.0,Available,OTA,Valid,
3708,25,DEL-MAA,IndiGo,IN559,2026-09-08,2026-08-24,T+15,Economy,4788.0,378,189,315,630,6300.0,Available,Airline Site,Valid,
3709,25,DEL-MAA,IndiGo,IN256,2026-09-08,2026-09-01,T+7,Economy,4971.0,392,196,327,654,6540.0,Available,Airline Site,Valid,
3710,25,DEL-MAA,IndiGo,IN438,2026-09-08,2026-09-07,T+1,Economy,5008.0,395,198,330,659,6590.0,Available,Airline Site,Valid,
3711,25,DEL-MAA,Air India,AI324,2026-09-08,2026-07-25,T+45,Economy,2515.0,199,99,166,331,3310.0,Available,OTA,Valid,
3712,25,DEL-MAA,Air India,AI808,2026-09-08,2026-08-09,T+30,Economy,3344.0,264,132,220,440,4400.0,Available,OTA,Valid,
3713,25,DEL-MAA,Air India,AI935,2026-09-08,2026-08-24,T+15,Economy,4545.0,359,179,299,598,5980.0,Sold Out,OTA,Flagged,Sold out at collection time
3714,25,DEL-MAA,Air India,AI724,2026-09-08,2026-09-01,T+7,Economy,4430.0,350,175,292,583,5830.0,Available,OTA,Valid,
3715,25,DEL-MAA,Air India,AI277,2026-09-08,2026-09-07,T+1,Economy,4933.0,389,195,324,649,6490.0,Available,OTA,Valid,
3716,25,DEL-MAA,Akasa,AK336,2026-09-08,2026-07-25,T+45,Economy,2615.0,206,103,172,344,3440.0,Available,OTA,Valid,
3717,25,DEL-MAA,Akasa,AK129,2026-09-08,2026-08-09,T+30,Economy,3511.0,277,139,231,462,4620.0,Available,Airline Site,Valid,
3718,25,DEL-MAA,Akasa,AK569,2026-09-08,2026-08-24,T+15,Economy,3960.0,313,156,260,521,5210.0,Available,Airline Site,Valid,
3719,25,DEL-MAA,Akasa,AK267,2026-09-08,2026-09-01,T+7,Economy,4430.0,350,175,292,583,5830.0,Available,Airline Site,Valid,
3720,25,DEL-MAA,Akasa,AK159,2026-09-08,2026-09-07,T+1,Economy,5024.0,397,198,330,661,6610.0,Available,OTA,Valid,
3721,25,BOM-MAA,IndiGo,IN894,2026-09-08,2026-07-25,T+45,Economy,3800.0,300,150,250,500,5000.0,Available,OTA,Valid,
3722,25,BOM-MAA,IndiGo,IN428,2026-09-08,2026-08-09,T+30,Economy,5289.0,418,209,348,696,6960.0,Available,OTA,Valid,
3723,25,BOM-MAA,IndiGo,IN715,2026-09-08,2026-08-24,T+15,Economy,6072.0,479,240,400,799,7990.0,Available,Airline Site,Valid,
3724,25,BOM-MAA,IndiGo,IN468,2026-09-08,2026-09-01,T+7,Economy,7653.0,604,302,504,1007,10070.0,Available,Airline Site,Valid,
3725,25,BOM-MAA,IndiGo,IN257,2026-09-08,2026-09-07,T+1,Economy,7980.0,630,315,525,1050,10500.0,Available,OTA,Valid,
3726,25,BOM-MAA,Air India,AI165,2026-09-08,2026-07-25,T+45,Economy,4187.0,331,165,276,551,5510.0,Available,OTA,Valid,
3727,25,BOM-MAA,Air India,AI698,2026-09-08,2026-08-09,T+30,Economy,5700.0,450,225,375,750,7500.0,Available,OTA,Valid,
3728,25,BOM-MAA,Air India,AI388,2026-09-08,2026-08-24,T+15,Economy,6909.0,545,273,454,909,9090.0,Available,Airline Site,Valid,
3729,25,BOM-MAA,Air India,AI742,2026-09-08,2026-09-01,T+7,Economy,8490.0,670,335,558,1117,11170.0,Available,Airline Site,Valid,
3730,25,BOM-MAA,Air India,AI186,2026-09-08,2026-09-07,T+1,Economy,8679.0,685,343,571,1142,11420.0,Available,Airline Site,Valid,
3731,25,BOM-MAA,Akasa,AK341,2026-09-08,2026-07-25,T+45,Economy,3701.0,292,146,244,487,4870.0,Available,OTA,Valid,
3732,25,BOM-MAA,Akasa,AK151,2026-09-08,2026-08-09,T+30,Economy,5251.0,415,207,346,691,6910.0,Available,Airline Site,Valid,
3733,25,BOM-MAA,Akasa,AK944,2026-09-08,2026-08-24,T+15,Economy,6058.0,478,239,398,797,7970.0,Available,Airline Site,Valid,
3734,25,BOM-MAA,Akasa,AK712,2026-09-08,2026-09-01,T+7,Economy,7631.0,602,301,502,1004,10040.0,Available,Airline Site,Valid,
3735,25,BOM-MAA,Akasa,AK357,2026-09-08,2026-09-07,T+1,Economy,7707.0,608,304,507,1014,10140.0,Available,Airline Site,Valid,
3736,25,CCU-BLR,IndiGo,IN204,2026-09-08,2026-07-25,T+45,Economy,2569.0,203,101,169,338,3380.0,Available,Airline Site,Valid,
3737,25,CCU-BLR,IndiGo,IN866,2026-09-08,2026-08-09,T+30,Economy,3831.0,302,151,252,504,5040.0,Available,Airline Site,Valid,
3738,25,CCU-BLR,IndiGo,IN121,2026-09-08,2026-08-24,T+15,Economy,4430.0,350,175,292,583,5830.0,Available,OTA,Valid,
3739,25,CCU-BLR,IndiGo,IN280,2026-09-08,2026-09-01,T+7,Economy,4469.0,353,176,294,588,5880.0,Available,OTA,Valid,
3740,25,CCU-BLR,IndiGo,IN761,2026-09-08,2026-09-07,T+1,Economy,5487.0,433,217,361,722,7220.0,Available,Airline Site,Valid,
3741,25,CCU-BLR,Air India,AI652,2026-09-08,2026-07-25,T+45,Economy,2637.0,208,104,174,347,3470.0,Available,Airline Site,Valid,
3742,25,CCU-BLR,Air India,AI553,2026-09-08,2026-08-09,T+30,Economy,3831.0,302,151,252,504,5040.0,Available,Airline Site,Valid,
3743,25,CCU-BLR,Air India,AI611,2026-09-08,2026-08-24,T+15,Economy,4529.0,358,179,298,596,5960.0,Available,OTA,Valid,
3744,25,CCU-BLR,Air India,AI923,2026-09-08,2026-09-01,T+7,Economy,4552.0,359,180,300,599,5990.0,Available,OTA,Valid,
3745,25,CCU-BLR,Air India,AI619,2026-09-08,2026-09-07,T+1,Economy,5609.0,443,221,369,738,7380.0,Available,Airline Site,Valid,
3746,25,CCU-BLR,Akasa,AK798,2026-09-08,2026-07-25,T+45,Economy,2523.0,199,100,166,332,3320.0,Available,OTA,Valid,
3747,25,CCU-BLR,Akasa,AK506,2026-09-08,2026-08-09,T+30,Economy,3610.0,285,142,238,475,4750.0,Available,Airline Site,Valid,
3748,25,CCU-BLR,Akasa,AK858,2026-09-08,2026-08-24,T+15,Economy,4165.0,329,164,274,548,5480.0,Available,Airline Site,Valid,
3749,25,CCU-BLR,Akasa,AK609,2026-09-08,2026-09-01,T+7,Economy,4582.0,362,181,302,603,6030.0,Available,Airline Site,Valid,
3750,25,CCU-BLR,Akasa,AK257,2026-09-08,2026-09-07,T+1,Economy,4743.0,374,187,312,624,6240.0,Sold Out,Airline Site,Flagged,Sold out at collection time
3751,26,DEL-BOM,IndiGo,IN237,2026-09-09,2026-07-26,T+45,Economy,4423.0,349,175,291,582,5820.0,Sold Out,OTA,Flagged,Sold out at collection time
3752,26,DEL-BOM,IndiGo,IN254,2026-09-09,2026-08-10,T+30,Economy,6072.0,479,240,400,799,7990.0,Available,Airline Site,Valid,
3753,26,DEL-BOM,IndiGo,IN887,2026-09-09,2026-08-25,T+15,Economy,6939.0,548,274,456,913,9130.0,Available,Airline Site,Valid,
3754,26,DEL-BOM,IndiGo,IN875,2026-09-09,2026-09-02,T+7,Economy,7479.0,590,295,492,984,9840.0,Available,OTA,Valid,
3755,26,DEL-BOM,IndiGo,IN784,2026-09-09,2026-09-08,T+1,Economy,8117.0,641,320,534,1068,10680.0,Available,Airline Site,Valid,
3756,26,DEL-BOM,Air India,AI403,2026-09-09,2026-07-26,T+45,Economy,4643.0,367,183,306,611,6110.0,Available,Airline Site,Valid,
3757,26,DEL-BOM,Air India,AI443,2026-09-09,2026-08-10,T+30,Economy,5821.0,460,230,383,766,7660.0,Available,Airline Site,Valid,
3758,26,DEL-BOM,Air India,AI199,2026-09-09,2026-08-25,T+15,Economy,8078.0,638,319,532,1063,10630.0,Available,Airline Site,Valid,
3759,26,DEL-BOM,Air India,AI971,2026-09-09,2026-09-02,T+7,Economy,8170.0,645,322,538,1075,10750.0,Sold Out,OTA,Flagged,Sold out at collection time
3760,26,DEL-BOM,Air India,AI329,2026-09-09,2026-09-08,T+1,Economy,9706.0,766,383,638,1277,12770.0,Available,Airline Site,Valid,
3761,26,DEL-BOM,Akasa,AK255,2026-09-09,2026-07-26,T+45,Economy,4013.0,317,158,264,528,5280.0,Available,Airline Site,Valid,
3762,26,DEL-BOM,Akasa,AK403,2026-09-09,2026-08-10,T+30,Economy,5677.0,448,224,374,747,7470.0,Available,Airline Site,Valid,
3763,26,DEL-BOM,Akasa,AK990,2026-09-09,2026-08-25,T+15,Economy,7265.0,574,287,478,956,9560.0,Available,OTA,Valid,
3764,26,DEL-BOM,Akasa,AK405,2026-09-09,2026-09-02,T+7,Economy,8018.0,633,316,528,1055,10550.0,Available,Airline Site,Valid,
3765,26,DEL-BOM,Akasa,AK434,2026-09-09,2026-09-08,T+1,Economy,8619.0,680,340,567,1134,11340.0,Available,Airline Site,Valid,
3766,26,DEL-BLR,IndiGo,IN789,2026-09-09,2026-07-26,T+45,Economy,2629.0,208,104,173,346,3460.0,Sold Out,OTA,Flagged,Sold out at collection time
3767,26,DEL-BLR,IndiGo,IN609,2026-09-09,2026-08-10,T+30,Economy,3420.0,270,135,225,450,4500.0,Available,OTA,Valid,
3768,26,DEL-BLR,IndiGo,IN435,2026-09-09,2026-08-25,T+15,Economy,4112.0,325,162,270,541,5410.0,Available,OTA,Valid,
3769,26,DEL-BLR,IndiGo,IN991,2026-09-09,2026-09-02,T+7,Economy,4940.0,390,195,325,650,6500.0,Available,OTA,Valid,
3770,26,DEL-BLR,IndiGo,IN545,2026-09-09,2026-09-08,T+1,Economy,5434.0,429,214,358,715,7150.0,Available,Airline Site,Valid,
3771,26,DEL-BLR,Air India,AI832,2026-09-09,2026-07-26,T+45,Economy,2272.0,179,90,150,299,2990.0,Available,Airline Site,Valid,
3772,26,DEL-BLR,Air India,AI117,2026-09-09,2026-08-10,T+30,Economy,2873.0,227,113,189,378,3780.0,Available,Airline Site,Valid,
3773,26,DEL-BLR,Air India,AI359,2026-09-09,2026-08-25,T+15,Economy,3420.0,270,135,225,450,4500.0,Available,Airline Site,Valid,
3774,26,DEL-BLR,Air India,AI623,2026-09-09,2026-09-02,T+7,Economy,4043.0,319,160,266,532,5320.0,Available,Airline Site,Valid,
3775,26,DEL-BLR,Air India,AI557,2026-09-09,2026-09-08,T+1,Economy,4211.0,332,166,277,554,5540.0,Available,OTA,Valid,
3776,26,DEL-BLR,Akasa,AK689,2026-09-09,2026-07-26,T+45,Economy,2410.0,190,95,158,317,3170.0,Available,Airline Site,Valid,
3777,26,DEL-BLR,Akasa,AK303,2026-09-09,2026-08-10,T+30,Economy,3291.0,260,130,216,433,4330.0,Available,Airline Site,Valid,
3778,26,DEL-BLR,Akasa,AK532,2026-09-09,2026-08-25,T+15,Economy,3792.0,299,150,250,499,4990.0,Available,Airline Site,Valid,
3779,26,DEL-BLR,Akasa,AK456,2026-09-09,2026-09-02,T+7,Economy,4591.0,362,181,302,604,6040.0,Available,Airline Site,Valid,
3780,26,DEL-BLR,Akasa,AK505,2026-09-09,2026-09-08,T+1,Economy,4795.0,379,189,316,631,6310.0,Available,Airline Site,Valid,
3781,26,BOM-BLR,IndiGo,IN350,2026-09-09,2026-07-26,T+45,Economy,2128.0,168,84,140,280,2800.0,Available,Airline Site,Valid,
3782,26,BOM-BLR,IndiGo,IN463,2026-09-09,2026-08-10,T+30,Economy,2857.0,226,113,188,376,3760.0,Available,Airline Site,Valid,
3783,26,BOM-BLR,IndiGo,IN730,2026-09-09,2026-08-25,T+15,Economy,4082.0,322,161,268,537,5370.0,Available,Airline Site,Valid,
3784,26,BOM-BLR,IndiGo,IN814,2026-09-09,2026-09-02,T+7,Economy,3670.0,290,145,242,483,4830.0,Available,OTA,Valid,
3785,26,BOM-BLR,IndiGo,IN978,2026-09-09,2026-09-08,T+1,Economy,4795.0,379,189,316,631,6310.0,Available,Airline Site,Valid,
3786,26,BOM-BLR,Air India,AI789,2026-09-09,2026-07-26,T+45,Economy,2325.0,184,92,153,306,3060.0,Available,Airline Site,Valid,
3787,26,BOM-BLR,Air India,AI864,2026-09-09,2026-08-10,T+30,Economy,2957.0,233,117,194,389,3890.0,Available,OTA,Valid,
3788,26,BOM-BLR,Air India,AI655,2026-09-09,2026-08-25,T+15,Economy,4059.0,320,160,267,534,5340.0,Available,OTA,Valid,
3789,26,BOM-BLR,Air India,AI353,2026-09-09,2026-09-02,T+7,Economy,3967.0,313,157,261,522,5220.0,Available,OTA,Valid,
3790,26,BOM-BLR,Air India,AI176,2026-09-09,2026-09-08,T+1,Economy,5008.0,395,198,330,659,6590.0,Available,Airline Site,Valid,
3791,26,BOM-BLR,Akasa,AK201,2026-09-09,2026-07-26,T+45,Economy,2007.0,158,79,132,264,2640.0,Available,Airline Site,Valid,
3792,26,BOM-BLR,Akasa,AK854,2026-09-09,2026-08-10,T+30,Economy,2592.0,205,102,170,341,3410.0,Available,Airline Site,Valid,
3793,26,BOM-BLR,Akasa,AK882,2026-09-09,2026-08-25,T+15,Economy,3366.0,266,133,222,443,4430.0,Available,Airline Site,Valid,
3794,26,BOM-BLR,Akasa,AK604,2026-09-09,2026-09-02,T+7,Economy,3769.0,298,149,248,496,4960.0,Available,Airline Site,Valid,
3795,26,BOM-BLR,Akasa,AK479,2026-09-09,2026-09-08,T+1,Economy,3990.0,315,158,262,525,5250.0,Available,Airline Site,Valid,
3796,26,DEL-CCU,IndiGo,IN769,2026-09-09,2026-07-26,T+45,Economy,3116.0,246,123,205,410,4100.0,Available,Airline Site,Valid,
3797,26,DEL-CCU,IndiGo,IN578,2026-09-09,2026-08-10,T+30,Economy,4484.0,354,177,295,590,5900.0,Available,OTA,Valid,
3798,26,DEL-CCU,IndiGo,IN811,2026-09-09,2026-08-25,T+15,Economy,5137.0,406,203,338,676,6760.0,Available,OTA,Valid,
3799,26,DEL-CCU,IndiGo,IN352,2026-09-09,2026-09-02,T+7,Economy,6133.0,484,242,404,807,8070.0,Available,OTA,Valid,
3800,26,DEL-CCU,IndiGo,IN852,2026-09-09,2026-09-08,T+1,Economy,6232.0,492,246,410,820,8200.0,Available,Airline Site,Valid,
3801,26,DEL-CCU,Air India,AI941,2026-09-09,2026-07-26,T+45,Economy,3109.0,245,123,204,409,4090.0,Available,OTA,Valid,
3802,26,DEL-CCU,Air India,AI462,2026-09-09,2026-08-10,T+30,Economy,4317.0,341,170,284,568,5680.0,Available,Airline Site,Valid,
3803,26,DEL-CCU,Air India,AI415,2026-09-09,2026-08-25,T+15,Economy,4842.0,382,191,318,637,6370.0,Available,Airline Site,Valid,
3804,26,DEL-CCU,Air India,AI379,2026-09-09,2026-09-02,T+7,Economy,5503.0,434,217,362,724,7240.0,Available,Airline Site,Valid,
3805,26,DEL-CCU,Air India,AI239,2026-09-09,2026-09-08,T+1,Economy,6726.0,531,266,442,885,8850.0,Available,Airline Site,Valid,
3806,26,DEL-CCU,Akasa,AK732,2026-09-09,2026-07-26,T+45,Economy,2866.0,226,113,188,377,3770.0,Available,OTA,Valid,
3807,26,DEL-CCU,Akasa,AK733,2026-09-09,2026-08-10,T+30,Economy,3724.0,294,147,245,490,4900.0,Available,Airline Site,Valid,
3808,26,DEL-CCU,Akasa,AK709,2026-09-09,2026-08-25,T+15,Economy,5054.0,399,200,332,665,6650.0,Available,OTA,Valid,
3809,26,DEL-CCU,Akasa,AK732,2026-09-09,2026-09-02,T+7,Economy,5168.0,408,204,340,680,6800.0,Available,OTA,Valid,
3810,26,DEL-CCU,Akasa,AK621,2026-09-09,2026-09-08,T+1,Economy,5646.0,446,223,372,743,7430.0,Available,OTA,Valid,
3811,26,DEL-HYD,IndiGo,IN745,2026-09-09,2026-07-26,T+45,Economy,3093.0,244,122,204,407,4070.0,Available,OTA,Valid,
3812,26,DEL-HYD,IndiGo,IN646,2026-09-09,2026-08-10,T+30,Economy,4317.0,341,170,284,568,5680.0,Available,OTA,Valid,
3813,26,DEL-HYD,IndiGo,IN128,2026-09-09,2026-08-25,T+15,Economy,5085.0,401,201,334,669,6690.0,Available,OTA,Valid,
3814,26,DEL-HYD,IndiGo,IN778,2026-09-09,2026-09-02,T+7,Economy,5244.0,414,207,345,690,6900.0,Available,OTA,Valid,
3815,26,DEL-HYD,IndiGo,IN275,2026-09-09,2026-09-08,T+1,Economy,6787.0,536,268,446,893,8930.0,Available,Airline Site,Valid,
3816,26,DEL-HYD,Air India,AI506,2026-09-09,2026-07-26,T+45,Economy,2910.0,230,115,192,383,3830.0,Available,Airline Site,Valid,
3817,26,DEL-HYD,Air India,AI377,2026-09-09,2026-08-10,T+30,Economy,3717.0,293,147,244,489,4890.0,Available,OTA,Valid,
3818,26,DEL-HYD,Air India,AI326,2026-09-09,2026-08-25,T+15,Economy,4712.0,372,186,310,620,6200.0,Sold Out,Airline Site,Flagged,Sold out at collection time
3819,26,DEL-HYD,Air India,AI437,2026-09-09,2026-09-02,T+7,Economy,6080.0,480,240,400,800,8000.0,Available,Airline Site,Valid,
3820,26,DEL-HYD,Air India,AI368,2026-09-09,2026-09-08,T+1,Economy,6179.0,488,244,406,813,8130.0,Available,Airline Site,Valid,
3821,26,DEL-HYD,Akasa,AK114,2026-09-09,2026-07-26,T+45,Economy,3230.0,255,128,212,425,4250.0,Available,OTA,Valid,
3822,26,DEL-HYD,Akasa,AK148,2026-09-09,2026-08-10,T+30,Economy,4529.0,358,179,298,596,5960.0,Sold Out,Airline Site,Flagged,Sold out at collection time
3823,26,DEL-HYD,Akasa,AK878,2026-09-09,2026-08-25,T+15,Economy,5632.0,445,222,370,741,7410.0,Available,Airline Site,Valid,
3824,26,DEL-HYD,Akasa,AK710,2026-09-09,2026-09-02,T+7,Economy,6217.0,491,245,409,818,8180.0,Available,Airline Site,Valid,
3825,26,DEL-HYD,Akasa,AK466,2026-09-09,2026-09-08,T+1,Economy,5814.0,459,230,382,765,7650.0,Available,Airline Site,Valid,
3826,26,BOM-HYD,IndiGo,IN654,2026-09-09,2026-07-26,T+45,Economy,3184.0,251,126,210,419,4190.0,Available,OTA,Valid,
3827,26,BOM-HYD,IndiGo,IN614,2026-09-09,2026-08-10,T+30,Economy,4301.0,340,170,283,566,5660.0,Available,Airline Site,Valid,
3828,26,BOM-HYD,IndiGo,IN265,2026-09-09,2026-08-25,T+15,Economy,5609.0,443,221,369,738,7380.0,Available,Airline Site,Valid,
3829,26,BOM-HYD,IndiGo,IN308,2026-09-09,2026-09-02,T+7,Economy,5441.0,430,215,358,716,7160.0,Available,Airline Site,Valid,
3830,26,BOM-HYD,IndiGo,IN402,2026-09-09,2026-09-08,T+1,Economy,5693.0,449,225,374,749,7490.0,Available,OTA,Valid,
3831,26,BOM-HYD,Air India,AI595,2026-09-09,2026-07-26,T+45,Economy,2744.0,217,108,180,361,3610.0,Available,OTA,Valid,
3832,26,BOM-HYD,Air India,AI510,2026-09-09,2026-08-10,T+30,Economy,4035.0,319,159,266,531,5310.0,Available,OTA,Valid,
3833,26,BOM-HYD,Air India,AI486,2026-09-09,2026-08-25,T+15,Economy,4598.0,363,182,302,605,6050.0,Available,Airline Site,Valid,
3834,26,BOM-HYD,Air India,AI725,2026-09-09,2026-09-02,T+7,Economy,4985.0,394,197,328,656,6560.0,Available,OTA,Valid,
3835,26,BOM-HYD,Air India,AI886,2026-09-09,2026-09-08,T+1,Economy,5351.0,422,211,352,704,7040.0,Available,Airline Site,Valid,
3836,26,BOM-HYD,Akasa,AK750,2026-09-09,2026-07-26,T+45,Economy,2774.0,219,110,182,365,3650.0,Available,OTA,Valid,
3837,26,BOM-HYD,Akasa,AK610,2026-09-09,2026-08-10,T+30,Economy,3663.0,289,145,241,482,4820.0,Available,OTA,Valid,
3838,26,BOM-HYD,Akasa,AK904,2026-09-09,2026-08-25,T+15,Economy,4545.0,359,179,299,598,5980.0,Available,Airline Site,Valid,
3839,26,BOM-HYD,Akasa,AK198,2026-09-09,2026-09-02,T+7,Economy,5373.0,424,212,354,707,7070.0,Available,Airline Site,Valid,
3840,26,BOM-HYD,Akasa,AK600,2026-09-09,2026-09-08,T+1,Economy,5685.0,449,224,374,748,7480.0,Available,Airline Site,Valid,
3841,26,BLR-HYD,IndiGo,IN948,2026-09-09,2026-07-26,T+45,Economy,2919.0,230,115,192,384,3840.0,Available,Airline Site,Valid,
3842,26,BLR-HYD,IndiGo,IN230,2026-09-09,2026-08-10,T+30,Economy,3717.0,293,147,244,489,4890.0,Available,Airline Site,Valid,
3843,26,BLR-HYD,IndiGo,IN834,2026-09-09,2026-08-25,T+15,Economy,5351.0,422,211,352,704,7040.0,Available,Airline Site,Valid,
3844,26,BLR-HYD,IndiGo,IN748,2026-09-09,2026-09-02,T+7,Economy,6201.0,490,245,408,816,8160.0,Available,OTA,Valid,
3845,26,BLR-HYD,IndiGo,IN648,2026-09-09,2026-09-08,T+1,Economy,5632.0,445,222,370,741,7410.0,Available,Airline Site,Valid,
3846,26,BLR-HYD,Air India,AI428,2026-09-09,2026-07-26,T+45,Economy,2957.0,233,117,194,389,3890.0,Available,Airline Site,Valid,
3847,26,BLR-HYD,Air India,AI274,2026-09-09,2026-08-10,T+30,Economy,3822.0,302,151,252,503,5030.0,Available,OTA,Valid,
3848,26,BLR-HYD,Air India,AI203,2026-09-09,2026-08-25,T+15,Economy,4712.0,372,186,310,620,6200.0,Available,OTA,Valid,
3849,26,BLR-HYD,Air India,AI559,2026-09-09,2026-09-02,T+7,Economy,5525.0,436,218,364,727,7270.0,Available,OTA,Valid,
3850,26,BLR-HYD,Air India,AI752,2026-09-09,2026-09-08,T+1,Economy,6521.0,515,257,429,858,8580.0,Sold Out,OTA,Flagged,Sold out at collection time
3851,26,BLR-HYD,Akasa,AK375,2026-09-09,2026-07-26,T+45,Economy,2896.0,229,114,190,381,3810.0,Available,OTA,Valid,
3852,26,BLR-HYD,Akasa,AK244,2026-09-09,2026-08-10,T+30,Economy,3960.0,313,156,260,521,5210.0,Available,OTA,Valid,
3853,26,BLR-HYD,Akasa,AK572,2026-09-09,2026-08-25,T+15,Economy,4643.0,367,183,306,611,6110.0,Available,OTA,Valid,
3854,26,BLR-HYD,Akasa,AK570,2026-09-09,2026-09-02,T+7,Economy,5897.0,466,233,388,776,7760.0,Available,OTA,Valid,
3855,26,BLR-HYD,Akasa,AK137,2026-09-09,2026-09-08,T+1,Economy,6422.0,507,254,422,845,8450.0,Available,OTA,Valid,
3856,26,DEL-MAA,IndiGo,IN531,2026-09-09,2026-07-26,T+45,Economy,2470.0,195,98,162,325,3250.0,Available,Airline Site,Valid,
3857,26,DEL-MAA,IndiGo,IN759,2026-09-09,2026-08-10,T+30,Economy,3359.0,265,133,221,442,4420.0,Available,Airline Site,Valid,
3858,26,DEL-MAA,IndiGo,IN585,2026-09-09,2026-08-25,T+15,Economy,4021.0,317,159,264,529,5290.0,Available,Airline Site,Valid,
3859,26,DEL-MAA,IndiGo,IN461,2026-09-09,2026-09-02,T+7,Economy,5001.0,395,197,329,658,6580.0,Available,OTA,Valid,
3860,26,DEL-MAA,IndiGo,IN392,2026-09-09,2026-09-08,T+1,Economy,4963.0,392,196,326,653,6530.0,Available,OTA,Valid,
3861,26,DEL-MAA,Air India,AI225,2026-09-09,2026-07-26,T+45,Economy,2523.0,199,100,166,332,3320.0,Available,OTA,Valid,
3862,26,DEL-MAA,Air India,AI317,2026-09-09,2026-08-10,T+30,Economy,3474.0,274,137,228,457,4570.0,Available,Airline Site,Valid,
3863,26,DEL-MAA,Air India,AI624,2026-09-09,2026-08-25,T+15,Economy,4400.0,347,174,290,579,5790.0,Available,Airline Site,Valid,
3864,26,DEL-MAA,Air India,AI292,2026-09-09,2026-09-02,T+7,Economy,4712.0,372,186,310,620,6200.0,Available,OTA,Valid,
3865,26,DEL-MAA,Air India,AI553,2026-09-09,2026-09-08,T+1,Economy,5237.0,413,207,344,689,6890.0,Available,Airline Site,Valid,
3866,26,DEL-MAA,Akasa,AK417,2026-09-09,2026-07-26,T+45,Economy,2843.0,224,112,187,374,3740.0,Available,OTA,Valid,
3867,26,DEL-MAA,Akasa,AK363,2026-09-09,2026-08-10,T+30,Economy,3595.0,284,142,236,473,4730.0,Available,OTA,Valid,
3868,26,DEL-MAA,Akasa,AK153,2026-09-09,2026-08-25,T+15,Economy,4598.0,363,182,302,605,6050.0,Available,Airline Site,Valid,
3869,26,DEL-MAA,Akasa,AK645,2026-09-09,2026-09-02,T+7,Economy,5320.0,420,210,350,700,7000.0,Available,OTA,Valid,
3870,26,DEL-MAA,Akasa,AK644,2026-09-09,2026-09-08,T+1,Economy,5609.0,443,221,369,738,7380.0,Available,OTA,Valid,
3871,26,BOM-MAA,IndiGo,IN634,2026-09-09,2026-07-26,T+45,Economy,4104.0,324,162,270,540,5400.0,Available,OTA,Valid,
3872,26,BOM-MAA,IndiGo,IN383,2026-09-09,2026-08-10,T+30,Economy,5282.0,417,208,348,695,6950.0,Available,OTA,Valid,
3873,26,BOM-MAA,IndiGo,IN959,2026-09-09,2026-08-25,T+15,Economy,7372.0,582,291,485,970,9700.0,Available,OTA,Valid,
3874,26,BOM-MAA,IndiGo,IN674,2026-09-09,2026-09-02,T+7,Economy,7904.0,624,312,520,1040,10400.0,Available,OTA,Valid,
3875,26,BOM-MAA,IndiGo,IN436,2026-09-09,2026-09-08,T+1,Economy,9227.0,728,364,607,1214,12140.0,Available,OTA,Valid,
3876,26,BOM-MAA,Air India,AI213,2026-09-09,2026-07-26,T+45,Economy,4173.0,329,165,274,549,5490.0,Available,Airline Site,Valid,
3877,26,BOM-MAA,Air India,AI863,2026-09-09,2026-08-10,T+30,Economy,5259.0,415,208,346,692,6920.0,Available,Airline Site,Valid,
3878,26,BOM-MAA,Air India,AI653,2026-09-09,2026-08-25,T+15,Economy,7433.0,587,293,489,978,9780.0,Available,OTA,Valid,
3879,26,BOM-MAA,Air India,AI436,2026-09-09,2026-09-02,T+7,Economy,8543.0,674,337,562,1124,11240.0,Available,OTA,Valid,
3880,26,BOM-MAA,Air India,AI436,2026-09-09,2026-09-08,T+1,Economy,9158.0,723,362,602,1205,12050.0,Available,OTA,Valid,
3881,26,BOM-MAA,Akasa,AK994,2026-09-09,2026-07-26,T+45,Economy,4195.0,331,166,276,552,5520.0,Available,OTA,Valid,
3882,26,BOM-MAA,Akasa,AK286,2026-09-09,2026-08-10,T+30,Economy,5859.0,463,231,386,771,7710.0,Available,Airline Site,Valid,
3883,26,BOM-MAA,Akasa,AK870,2026-09-09,2026-08-25,T+15,Economy,6733.0,532,266,443,886,8860.0,Available,Airline Site,Valid,
3884,26,BOM-MAA,Akasa,AK724,2026-09-09,2026-09-02,T+7,Economy,8443.0,667,333,556,1111,11110.0,Available,OTA,Valid,
3885,26,BOM-MAA,Akasa,AK444,2026-09-09,2026-09-08,T+1,Economy,8960.0,707,354,590,1179,11790.0,Available,Airline Site,Valid,
3886,26,CCU-BLR,IndiGo,IN837,2026-09-09,2026-07-26,T+45,Economy,2653.0,209,105,174,349,3490.0,Available,Airline Site,Valid,
3887,26,CCU-BLR,IndiGo,IN690,2026-09-09,2026-08-10,T+30,Economy,3610.0,285,142,238,475,4750.0,Sold Out,OTA,Flagged,Sold out at collection time
3888,26,CCU-BLR,IndiGo,IN533,2026-09-09,2026-08-25,T+15,Economy,4165.0,329,164,274,548,5480.0,Available,Airline Site,Valid,
3889,26,CCU-BLR,IndiGo,IN743,2026-09-09,2026-09-02,T+7,Economy,5176.0,409,204,340,681,6810.0,Available,OTA,Valid,
3890,26,CCU-BLR,IndiGo,IN121,2026-09-09,2026-09-08,T+1,Economy,5548.0,438,219,365,730,7300.0,Available,OTA,Valid,
3891,26,CCU-BLR,Air India,AI426,2026-09-09,2026-07-26,T+45,Economy,2805.0,221,111,184,369,3690.0,Available,OTA,Valid,
3892,26,CCU-BLR,Air India,AI224,2026-09-09,2026-08-10,T+30,Economy,3541.0,280,140,233,466,4660.0,Available,Airline Site,Valid,
3893,26,CCU-BLR,Air India,AI645,2026-09-09,2026-08-25,T+15,Economy,4339.0,343,171,286,571,5710.0,Available,OTA,Valid,
3894,26,CCU-BLR,Air India,AI422,2026-09-09,2026-09-02,T+7,Economy,5001.0,395,197,329,658,6580.0,Available,Airline Site,Valid,
3895,26,CCU-BLR,Air India,AI160,2026-09-09,2026-09-08,T+1,Economy,5707.0,451,225,376,751,7510.0,Available,OTA,Valid,
3896,26,CCU-BLR,Akasa,AK834,2026-09-09,2026-07-26,T+45,Economy,2736.0,216,108,180,360,3600.0,Available,OTA,Valid,
3897,26,CCU-BLR,Akasa,AK406,2026-09-09,2026-08-10,T+30,Economy,3626.0,286,143,238,477,4770.0,Available,OTA,Valid,
3898,26,CCU-BLR,Akasa,AK451,2026-09-09,2026-08-25,T+15,Economy,4187.0,331,165,276,551,5510.0,Available,OTA,Valid,
3899,26,CCU-BLR,Akasa,AK243,2026-09-09,2026-09-02,T+7,Economy,4795.0,379,189,316,631,6310.0,Available,Airline Site,Valid,
3900,26,CCU-BLR,Akasa,AK837,2026-09-09,2026-09-08,T+1,Economy,5016.0,396,198,330,660,6600.0,Available,Airline Site,Valid,
3901,27,DEL-BOM,IndiGo,IN741,2026-09-10,2026-07-27,T+45,Economy,4287.0,338,169,282,564,5640.0,Available,OTA,Valid,
3902,27,DEL-BOM,IndiGo,IN961,2026-09-10,2026-08-11,T+30,Economy,6224.0,491,246,410,819,8190.0,Available,Airline Site,Valid,
3903,27,DEL-BOM,IndiGo,IN561,2026-09-10,2026-08-26,T+15,Economy,7197.0,568,284,474,947,9470.0,Available,Airline Site,Valid,
3904,27,DEL-BOM,IndiGo,IN940,2026-09-10,2026-09-03,T+7,Economy,8436.0,666,333,555,1110,11100.0,Available,OTA,Valid,
3905,27,DEL-BOM,IndiGo,IN908,2026-09-10,2026-09-09,T+1,Economy,8642.0,682,341,568,1137,11370.0,Available,Airline Site,Valid,
3906,27,DEL-BOM,Air India,AI728,2026-09-10,2026-07-27,T+45,Economy,4469.0,353,176,294,588,5880.0,Sold Out,Airline Site,Flagged,Sold out at collection time
3907,27,DEL-BOM,Air India,AI582,2026-09-10,2026-08-11,T+30,Economy,6270.0,495,248,412,825,8250.0,Available,OTA,Valid,
3908,27,DEL-BOM,Air India,AI708,2026-09-10,2026-08-26,T+15,Economy,6581.0,520,260,433,866,8660.0,Available,OTA,Valid,
3909,27,DEL-BOM,Air India,AI355,2026-09-10,2026-09-03,T+7,Economy,7973.0,629,315,524,1049,10490.0,Available,Airline Site,Valid,
3910,27,DEL-BOM,Air India,AI170,2026-09-10,2026-09-09,T+1,Economy,8436.0,666,333,555,1110,11100.0,Available,OTA,Valid,
3911,27,DEL-BOM,Akasa,AK813,2026-09-10,2026-07-27,T+45,Economy,4119.0,325,163,271,542,5420.0,Available,OTA,Valid,
3912,27,DEL-BOM,Akasa,AK648,2026-09-10,2026-08-11,T+30,Economy,5510.0,435,218,362,725,7250.0,Available,OTA,Valid,
3913,27,DEL-BOM,Akasa,AK482,2026-09-10,2026-08-26,T+15,Economy,6733.0,532,266,443,886,8860.0,Available,Airline Site,Valid,
3914,27,DEL-BOM,Akasa,AK101,2026-09-10,2026-09-03,T+7,Economy,7205.0,569,284,474,948,9480.0,Available,Airline Site,Valid,
3915,27,DEL-BOM,Akasa,AK529,2026-09-10,2026-09-09,T+1,Economy,7144.0,564,282,470,940,9400.0,Available,Airline Site,Valid,
3916,27,DEL-BLR,IndiGo,IN792,2026-09-10,2026-07-27,T+45,Economy,2379.0,188,94,156,313,3130.0,Available,Airline Site,Valid,
3917,27,DEL-BLR,IndiGo,IN706,2026-09-10,2026-08-11,T+30,Economy,3214.0,254,127,212,423,4230.0,Available,Airline Site,Valid,
3918,27,DEL-BLR,IndiGo,IN688,2026-09-10,2026-08-26,T+15,Economy,4370.0,345,172,288,575,5750.0,Available,OTA,Valid,
3919,27,DEL-BLR,IndiGo,IN874,2026-09-10,2026-09-03,T+7,Economy,4386.0,346,173,288,577,5770.0,Available,Airline Site,Valid,
3920,27,DEL-BLR,IndiGo,IN649,2026-09-10,2026-09-09,T+1,Economy,4765.0,376,188,314,627,6270.0,Available,OTA,Valid,
3921,27,DEL-BLR,Air India,AI992,2026-09-10,2026-07-27,T+45,Economy,2599.0,205,103,171,342,3420.0,Available,OTA,Valid,
3922,27,DEL-BLR,Air India,AI951,2026-09-10,2026-08-11,T+30,Economy,3329.0,263,131,219,438,4380.0,Available,OTA,Valid,
3923,27,DEL-BLR,Air India,AI239,2026-09-10,2026-08-26,T+15,Economy,4484.0,354,177,295,590,5900.0,Available,Airline Site,Valid,
3924,27,DEL-BLR,Air India,AI121,2026-09-10,2026-09-03,T+7,Economy,4886.0,386,193,322,643,6430.0,Available,OTA,Valid,
3925,27,DEL-BLR,Air India,AI222,2026-09-10,2026-09-09,T+1,Economy,5723.0,452,226,376,753,7530.0,Available,OTA,Valid,
3926,27,DEL-BLR,Akasa,AK884,2026-09-10,2026-07-27,T+45,Economy,2553.0,202,101,168,336,3360.0,Available,Airline Site,Valid,
3927,27,DEL-BLR,Akasa,AK615,2026-09-10,2026-08-11,T+30,Economy,3253.0,257,128,214,428,4280.0,Available,Airline Site,Valid,
3928,27,DEL-BLR,Akasa,AK581,2026-09-10,2026-08-26,T+15,Economy,4203.0,332,166,276,553,5530.0,Available,OTA,Valid,
3929,27,DEL-BLR,Akasa,AK339,2026-09-10,2026-09-03,T+7,Economy,5146.0,406,203,338,677,6770.0,Available,OTA,Valid,
3930,27,DEL-BLR,Akasa,AK949,2026-09-10,2026-09-09,T+1,Economy,5396.0,426,213,355,710,7100.0,Available,Airline Site,Valid,
3931,27,BOM-BLR,IndiGo,IN457,2026-09-10,2026-07-27,T+45,Economy,2120.0,167,84,140,279,2790.0,Available,OTA,Valid,
3932,27,BOM-BLR,IndiGo,IN230,2026-09-10,2026-08-11,T+30,Economy,3040.0,240,120,200,400,4000.0,Available,OTA,Valid,
3933,27,BOM-BLR,IndiGo,IN140,2026-09-10,2026-08-26,T+15,Economy,3451.0,272,136,227,454,4540.0,Available,Airline Site,Valid,
3934,27,BOM-BLR,IndiGo,IN990,2026-09-10,2026-09-03,T+7,Economy,4157.0,328,164,274,547,5470.0,Available,Airline Site,Valid,
3935,27,BOM-BLR,IndiGo,IN464,2026-09-10,2026-09-09,T+1,Economy,4575.0,361,181,301,602,6020.0,Available,Airline Site,Valid,
3936,27,BOM-BLR,Air India,AI157,2026-09-10,2026-07-27,T+45,Economy,1869.0,148,74,123,246,2460.0,Available,OTA,Valid,
3937,27,BOM-BLR,Air India,AI378,2026-09-10,2026-08-11,T+30,Economy,2705.0,214,107,178,356,3560.0,Available,Airline Site,Valid,
3938,27,BOM-BLR,Air India,AI899,2026-09-10,2026-08-26,T+15,Economy,3025.0,239,119,199,398,3980.0,Available,Airline Site,Valid,
3939,27,BOM-BLR,Air India,AI730,2026-09-10,2026-09-03,T+7,Economy,3268.0,258,129,215,430,4300.0,Available,Airline Site,Valid,
3940,27,BOM-BLR,Air India,AI576,2026-09-10,2026-09-09,T+1,Economy,3511.0,277,139,231,462,4620.0,Sold Out,OTA,Flagged,Sold out at collection time
3941,27,BOM-BLR,Akasa,AK688,2026-09-10,2026-07-27,T+45,Economy,1954.0,154,77,128,257,2570.0,Available,Airline Site,Valid,
3942,27,BOM-BLR,Akasa,AK607,2026-09-10,2026-08-11,T+30,Economy,2501.0,197,99,164,329,3290.0,Available,Airline Site,Valid,
3943,27,BOM-BLR,Akasa,AK952,2026-09-10,2026-08-26,T+15,Economy,3071.0,242,121,202,404,4040.0,Available,Airline Site,Valid,
3944,27,BOM-BLR,Akasa,AK646,2026-09-10,2026-09-03,T+7,Economy,3382.0,267,134,222,445,4450.0,Available,Airline Site,Valid,
3945,27,BOM-BLR,Akasa,AK638,2026-09-10,2026-09-09,T+1,Economy,3527.0,278,139,232,464,4640.0,Available,OTA,Valid,
3946,27,DEL-CCU,IndiGo,IN811,2026-09-10,2026-07-27,T+45,Economy,2926.0,231,116,192,385,3850.0,Available,Airline Site,Valid,
3947,27,DEL-CCU,IndiGo,IN135,2026-09-10,2026-08-11,T+30,Economy,4104.0,324,162,270,540,5400.0,Sold Out,OTA,Flagged,Sold out at collection time
3948,27,DEL-CCU,IndiGo,IN921,2026-09-10,2026-08-26,T+15,Economy,5199.0,410,205,342,684,6840.0,Available,Airline Site,Valid,
3949,27,DEL-CCU,IndiGo,IN519,2026-09-10,2026-09-03,T+7,Economy,4985.0,394,197,328,656,6560.0,Available,Airline Site,Valid,
3950,27,DEL-CCU,IndiGo,IN719,2026-09-10,2026-09-09,T+1,Economy,5251.0,415,207,346,691,6910.0,Available,Airline Site,Valid,
3951,27,DEL-CCU,Air India,AI917,2026-09-10,2026-07-27,T+45,Economy,2698.0,213,106,178,355,3550.0,Available,Airline Site,Valid,
3952,27,DEL-CCU,Air India,AI730,2026-09-10,2026-08-11,T+30,Economy,3458.0,273,136,228,455,4550.0,Available,Airline Site,Valid,
3953,27,DEL-CCU,Air India,AI562,2026-09-10,2026-08-26,T+15,Economy,4727.0,373,187,311,622,6220.0,Available,Airline Site,Valid,
3954,27,DEL-CCU,Air India,AI489,2026-09-10,2026-09-03,T+7,Economy,4704.0,371,186,310,619,6190.0,Available,OTA,Valid,
3955,27,DEL-CCU,Air India,AI607,2026-09-10,2026-09-09,T+1,Economy,6095.0,481,241,401,802,8020.0,Available,Airline Site,Valid,
3956,27,DEL-CCU,Akasa,AK826,2026-09-10,2026-07-27,T+45,Economy,2653.0,209,105,174,349,3490.0,Available,OTA,Valid,
3957,27,DEL-CCU,Akasa,AK213,2026-09-10,2026-08-11,T+30,Economy,3869.0,305,153,254,509,5090.0,Available,Airline Site,Valid,
3958,27,DEL-CCU,Akasa,AK362,2026-09-10,2026-08-26,T+15,Economy,4408.0,348,174,290,580,5800.0,Available,OTA,Valid,
3959,27,DEL-CCU,Akasa,AK944,2026-09-10,2026-09-03,T+7,Economy,4690.0,370,185,308,617,6170.0,Available,OTA,Valid,
3960,27,DEL-CCU,Akasa,AK234,2026-09-10,2026-09-09,T+1,Economy,5259.0,415,208,346,692,6920.0,Available,Airline Site,Valid,
3961,27,DEL-HYD,IndiGo,IN701,2026-09-10,2026-07-27,T+45,Economy,3009.0,238,119,198,396,3960.0,Available,Airline Site,Valid,
3962,27,DEL-HYD,IndiGo,IN780,2026-09-10,2026-08-11,T+30,Economy,4021.0,317,159,264,529,5290.0,Available,OTA,Valid,
3963,27,DEL-HYD,IndiGo,IN916,2026-09-10,2026-08-26,T+15,Economy,5115.0,404,202,336,673,6730.0,Available,Airline Site,Valid,
3964,27,DEL-HYD,IndiGo,IN790,2026-09-10,2026-09-03,T+7,Economy,5472.0,432,216,360,720,7200.0,Available,OTA,Valid,
3965,27,DEL-HYD,IndiGo,IN233,2026-09-10,2026-09-09,T+1,Economy,5852.0,462,231,385,770,7700.0,Available,Airline Site,Valid,
3966,27,DEL-HYD,Air India,AI670,2026-09-10,2026-07-27,T+45,Economy,3192.0,252,126,210,420,4200.0,Sold Out,Airline Site,Flagged,Sold out at collection time
3967,27,DEL-HYD,Air India,AI808,2026-09-10,2026-08-11,T+30,Economy,4195.0,331,166,276,552,5520.0,Available,OTA,Valid,
3968,27,DEL-HYD,Air India,AI208,2026-09-10,2026-08-26,T+15,Economy,4925.0,389,194,324,648,6480.0,Available,Airline Site,Valid,
3969,27,DEL-HYD,Air India,AI695,2026-09-10,2026-09-03,T+7,Economy,5997.0,473,237,394,789,7890.0,Available,Airline Site,Valid,
3970,27,DEL-HYD,Air India,AI514,2026-09-10,2026-09-09,T+1,Economy,5997.0,473,237,394,789,7890.0,Available,OTA,Valid,
3971,27,DEL-HYD,Akasa,AK361,2026-09-10,2026-07-27,T+45,Economy,3352.0,265,132,220,441,4410.0,Available,OTA,Valid,
3972,27,DEL-HYD,Akasa,AK626,2026-09-10,2026-08-11,T+30,Economy,4697.0,371,185,309,618,6180.0,Available,Airline Site,Valid,
3973,27,DEL-HYD,Akasa,AK160,2026-09-10,2026-08-26,T+15,Economy,5221.0,412,206,344,687,6870.0,Available,OTA,Valid,
3974,27,DEL-HYD,Akasa,AK623,2026-09-10,2026-09-03,T+7,Economy,5837.0,461,230,384,768,7680.0,Available,OTA,Valid,
3975,27,DEL-HYD,Akasa,AK190,2026-09-10,2026-09-09,T+1,Economy,7182.0,567,284,472,945,9450.0,Available,Airline Site,Valid,
3976,27,BOM-HYD,IndiGo,IN187,2026-09-10,2026-07-27,T+45,Economy,3055.0,241,121,201,402,4020.0,Available,Airline Site,Valid,
3977,27,BOM-HYD,IndiGo,IN843,2026-09-10,2026-08-11,T+30,Economy,3891.0,307,154,256,512,5120.0,Available,Airline Site,Valid,
3978,27,BOM-HYD,IndiGo,IN740,2026-09-10,2026-08-26,T+15,Economy,5199.0,410,205,342,684,6840.0,Available,Airline Site,Valid,
3979,27,BOM-HYD,IndiGo,IN385,2026-09-10,2026-09-03,T+7,Economy,6277.0,496,248,413,826,8260.0,Available,OTA,Valid,
3980,27,BOM-HYD,IndiGo,IN140,2026-09-10,2026-09-09,T+1,Economy,5973.0,472,236,393,786,7860.0,Available,Airline Site,Valid,
3981,27,BOM-HYD,Air India,AI380,2026-09-10,2026-07-27,T+45,Economy,2866.0,226,113,188,377,3770.0,Available,Airline Site,Valid,
3982,27,BOM-HYD,Air India,AI167,2026-09-10,2026-08-11,T+30,Economy,3876.0,306,153,255,510,5100.0,Available,Airline Site,Valid,
3983,27,BOM-HYD,Air India,AI860,2026-09-10,2026-08-26,T+15,Economy,5130.0,405,202,338,675,6750.0,Available,Airline Site,Valid,
3984,27,BOM-HYD,Air India,AI999,2026-09-10,2026-09-03,T+7,Economy,5206.0,411,206,342,685,6850.0,Available,Airline Site,Valid,
3985,27,BOM-HYD,Air India,AI661,2026-09-10,2026-09-09,T+1,Economy,4985.0,394,197,328,656,6560.0,Available,Airline Site,Valid,
3986,27,BOM-HYD,Akasa,AK564,2026-09-10,2026-07-27,T+45,Economy,3313.0,262,131,218,436,4360.0,Available,Airline Site,Valid,
3987,27,BOM-HYD,Akasa,AK633,2026-09-10,2026-08-11,T+30,Economy,4278.0,338,169,282,563,5630.0,Available,Airline Site,Valid,
3988,27,BOM-HYD,Akasa,AK917,2026-09-10,2026-08-26,T+15,Economy,4955.0,391,196,326,652,6520.0,Sold Out,Airline Site,Flagged,Sold out at collection time
3989,27,BOM-HYD,Akasa,AK742,2026-09-10,2026-09-03,T+7,Economy,6011.0,475,237,396,791,7910.0,Available,Airline Site,Valid,
3990,27,BOM-HYD,Akasa,AK567,2026-09-10,2026-09-09,T+1,Economy,5959.0,470,235,392,784,7840.0,Available,OTA,Valid,
3991,27,BLR-HYD,IndiGo,IN850,2026-09-10,2026-07-27,T+45,Economy,2949.0,233,116,194,388,3880.0,Available,Airline Site,Valid,
3992,27,BLR-HYD,IndiGo,IN660,2026-09-10,2026-08-11,T+30,Economy,4278.0,338,169,282,563,5630.0,Available,OTA,Valid,
3993,27,BLR-HYD,IndiGo,IN123,2026-09-10,2026-08-26,T+15,Economy,4757.0,376,188,313,626,6260.0,Available,OTA,Valid,
3994,27,BLR-HYD,IndiGo,IN221,2026-09-10,2026-09-03,T+7,Economy,5693.0,449,225,374,749,7490.0,Available,Airline Site,Valid,
3995,27,BLR-HYD,IndiGo,IN198,2026-09-10,2026-09-09,T+1,Economy,6445.0,509,254,424,848,8480.0,Available,Airline Site,Valid,
3996,27,BLR-HYD,Air India,AI478,2026-09-10,2026-07-27,T+45,Economy,2781.0,220,110,183,366,3660.0,Available,OTA,Valid,
3997,27,BLR-HYD,Air India,AI924,2026-09-10,2026-08-11,T+30,Economy,3800.0,300,150,250,500,5000.0,Available,Airline Site,Valid,
3998,27,BLR-HYD,Air India,AI968,2026-09-10,2026-08-26,T+15,Economy,4363.0,344,172,287,574,5740.0,Available,Airline Site,Valid,
3999,27,BLR-HYD,Air India,AI344,2026-09-10,2026-09-03,T+7,Economy,5016.0,396,198,330,660,6600.0,Available,OTA,Valid,
4000,27,BLR-HYD,Air India,AI688,2026-09-10,2026-09-09,T+1,Economy,4925.0,389,194,324,648,6480.0,Available,OTA,Valid,
4001,27,BLR-HYD,Akasa,AK514,2026-09-10,2026-07-27,T+45,Economy,2714.0,214,107,178,357,3570.0,Available,Airline Site,Valid,
4002,27,BLR-HYD,Akasa,AK663,2026-09-10,2026-08-11,T+30,Economy,3724.0,294,147,245,490,4900.0,Available,Airline Site,Valid,
4003,27,BLR-HYD,Akasa,AK652,2026-09-10,2026-08-26,T+15,Economy,5024.0,397,198,330,661,6610.0,Available,Airline Site,Valid,
4004,27,BLR-HYD,Akasa,AK625,2026-09-10,2026-09-03,T+7,Economy,5731.0,452,226,377,754,7540.0,Available,OTA,Valid,
4005,27,BLR-HYD,Akasa,AK500,2026-09-10,2026-09-09,T+1,Economy,6080.0,480,240,400,800,8000.0,Available,OTA,Valid,
4006,27,DEL-MAA,IndiGo,IN239,2026-09-10,2026-07-27,T+45,Economy,2470.0,195,98,162,325,3250.0,Available,OTA,Valid,
4007,27,DEL-MAA,IndiGo,IN419,2026-09-10,2026-08-11,T+30,Economy,3366.0,266,133,222,443,4430.0,Available,Airline Site,Valid,
4008,27,DEL-MAA,IndiGo,IN108,2026-09-10,2026-08-26,T+15,Economy,4104.0,324,162,270,540,5400.0,Available,Airline Site,Valid,
4009,27,DEL-MAA,IndiGo,IN673,2026-09-10,2026-09-03,T+7,Economy,4985.0,394,197,328,656,6560.0,Available,OTA,Valid,
4010,27,DEL-MAA,IndiGo,IN528,2026-09-10,2026-09-09,T+1,Economy,4477.0,353,177,294,589,5890.0,Available,Airline Site,Valid,
4011,27,DEL-MAA,Air India,AI118,2026-09-10,2026-07-27,T+45,Economy,2857.0,226,113,188,376,3760.0,Available,OTA,Valid,
4012,27,DEL-MAA,Air India,AI575,2026-09-10,2026-08-11,T+30,Economy,3603.0,284,142,237,474,4740.0,Available,Airline Site,Valid,
4013,27,DEL-MAA,Air India,AI124,2026-09-10,2026-08-26,T+15,Economy,4453.0,352,176,293,586,5860.0,Available,Airline Site,Valid,
4014,27,DEL-MAA,Air India,AI569,2026-09-10,2026-09-03,T+7,Economy,5517.0,436,218,363,726,7260.0,Available,Airline Site,Valid,
4015,27,DEL-MAA,Air India,AI279,2026-09-10,2026-09-09,T+1,Economy,6247.0,493,247,411,822,8220.0,Available,Airline Site,Valid,
4016,27,DEL-MAA,Akasa,AK170,2026-09-10,2026-07-27,T+45,Economy,2789.0,220,110,184,367,3670.0,Available,Airline Site,Valid,
4017,27,DEL-MAA,Akasa,AK645,2026-09-10,2026-08-11,T+30,Economy,3603.0,284,142,237,474,4740.0,Available,Airline Site,Valid,
4018,27,DEL-MAA,Akasa,AK869,2026-09-10,2026-08-26,T+15,Economy,4681.0,370,185,308,616,6160.0,Available,OTA,Valid,
4019,27,DEL-MAA,Akasa,AK996,2026-09-10,2026-09-03,T+7,Economy,5061.0,400,200,333,666,6660.0,Available,Airline Site,Valid,
4020,27,DEL-MAA,Akasa,AK529,2026-09-10,2026-09-09,T+1,Economy,6308.0,498,249,415,830,8300.0,Available,OTA,Valid,
4021,27,BOM-MAA,IndiGo,IN342,2026-09-10,2026-07-27,T+45,Economy,4234.0,334,167,278,557,5570.0,Sold Out,OTA,Flagged,Sold out at collection time
4022,27,BOM-MAA,IndiGo,IN309,2026-09-10,2026-08-11,T+30,Economy,6133.0,484,242,404,807,8070.0,Available,OTA,Valid,
4023,27,BOM-MAA,IndiGo,IN340,2026-09-10,2026-08-26,T+15,Economy,7220.0,570,285,475,950,9500.0,Available,OTA,Valid,
4024,27,BOM-MAA,IndiGo,IN647,2026-09-10,2026-09-03,T+7,Economy,7653.0,604,302,504,1007,10070.0,Available,OTA,Valid,
4025,27,BOM-MAA,IndiGo,IN229,2026-09-10,2026-09-09,T+1,Economy,9485.0,749,374,624,1248,12480.0,Available,Airline Site,Valid,
4026,27,BOM-MAA,Air India,AI967,2026-09-10,2026-07-27,T+45,Economy,3899.0,308,154,256,513,5130.0,Available,OTA,Valid,
4027,27,BOM-MAA,Air India,AI901,2026-09-10,2026-08-11,T+30,Economy,5685.0,449,224,374,748,7480.0,Available,Airline Site,Valid,
4028,27,BOM-MAA,Air India,AI178,2026-09-10,2026-08-26,T+15,Economy,6992.0,552,276,460,920,9200.0,Available,OTA,Valid,
4029,27,BOM-MAA,Air India,AI658,2026-09-10,2026-09-03,T+7,Economy,7942.0,627,314,522,1045,10450.0,Available,OTA,Valid,
4030,27,BOM-MAA,Air India,AI578,2026-09-10,2026-09-09,T+1,Economy,8345.0,659,329,549,1098,10980.0,Available,Airline Site,Valid,
4031,27,BOM-MAA,Akasa,AK137,2026-09-10,2026-07-27,T+45,Economy,4005.0,316,158,264,527,5270.0,Available,Airline Site,Valid,
4032,27,BOM-MAA,Akasa,AK679,2026-09-10,2026-08-11,T+30,Economy,5593.0,442,221,368,736,7360.0,Available,OTA,Valid,
4033,27,BOM-MAA,Akasa,AK420,2026-09-10,2026-08-26,T+15,Economy,7341.0,580,290,483,966,9660.0,Available,Airline Site,Valid,
4034,27,BOM-MAA,Akasa,AK529,2026-09-10,2026-09-03,T+7,Economy,7213.0,569,285,474,949,9490.0,Available,OTA,Valid,
4035,27,BOM-MAA,Akasa,AK254,2026-09-10,2026-09-09,T+1,Economy,8504.0,671,336,560,1119,11190.0,Available,OTA,Valid,
4036,27,CCU-BLR,IndiGo,IN362,2026-09-10,2026-07-27,T+45,Economy,2523.0,199,100,166,332,3320.0,Available,Airline Site,Valid,
4037,27,CCU-BLR,IndiGo,IN807,2026-09-10,2026-08-11,T+30,Economy,3253.0,257,128,214,428,4280.0,Available,OTA,Valid,
4038,27,CCU-BLR,IndiGo,IN226,2026-09-10,2026-08-26,T+15,Economy,4393.0,347,173,289,578,5780.0,Available,OTA,Valid,
4039,27,CCU-BLR,IndiGo,IN182,2026-09-10,2026-09-03,T+7,Economy,5176.0,409,204,340,681,6810.0,Available,OTA,Valid,
4040,27,CCU-BLR,IndiGo,IN539,2026-09-10,2026-09-09,T+1,Economy,5008.0,395,198,330,659,6590.0,Available,Airline Site,Valid,
4041,27,CCU-BLR,Air India,AI995,2026-09-10,2026-07-27,T+45,Economy,2417.0,191,95,159,318,3180.0,Available,Airline Site,Valid,
4042,27,CCU-BLR,Air India,AI383,2026-09-10,2026-08-11,T+30,Economy,3397.0,268,134,224,447,4470.0,Available,OTA,Valid,
4043,27,CCU-BLR,Air India,AI514,2026-09-10,2026-08-26,T+15,Economy,4309.0,340,170,284,567,5670.0,Available,Airline Site,Valid,
4044,27,CCU-BLR,Air India,AI203,2026-09-10,2026-09-03,T+7,Economy,4347.0,343,172,286,572,5720.0,Available,Airline Site,Valid,
4045,27,CCU-BLR,Air India,AI479,2026-09-10,2026-09-09,T+1,Economy,4552.0,359,180,300,599,5990.0,Available,OTA,Valid,
4046,27,CCU-BLR,Akasa,AK130,2026-09-10,2026-07-27,T+45,Economy,2280.0,180,90,150,300,3000.0,Available,OTA,Valid,
4047,27,CCU-BLR,Akasa,AK640,2026-09-10,2026-08-11,T+30,Economy,2979.0,235,118,196,392,3920.0,Available,Airline Site,Valid,
4048,27,CCU-BLR,Akasa,AK847,2026-09-10,2026-08-26,T+15,Economy,3845.0,304,152,253,506,5060.0,Available,OTA,Valid,
4049,27,CCU-BLR,Akasa,AK267,2026-09-10,2026-09-03,T+7,Economy,3831.0,302,151,252,504,5040.0,Available,Airline Site,Valid,
4050,27,CCU-BLR,Akasa,AK947,2026-09-10,2026-09-09,T+1,Economy,4234.0,334,167,278,557,5570.0,Available,Airline Site,Valid,
4051,28,DEL-BOM,IndiGo,IN404,2026-09-11,2026-07-28,T+45,Economy,4591.0,362,181,302,604,6040.0,Available,OTA,Valid,
4052,28,DEL-BOM,IndiGo,IN868,2026-09-11,2026-08-12,T+30,Economy,6528.0,515,258,430,859,8590.0,Available,Airline Site,Valid,
4053,28,DEL-BOM,IndiGo,IN767,2026-09-11,2026-08-27,T+15,Economy,8170.0,645,322,538,1075,10750.0,Available,Airline Site,Valid,
4054,28,DEL-BOM,IndiGo,IN745,2026-09-11,2026-09-04,T+7,Economy,9264.0,731,366,610,1219,12190.0,Available,Airline Site,Valid,
4055,28,DEL-BOM,IndiGo,IN800,2026-09-11,2026-09-10,T+1,Economy,10466.0,826,413,688,1377,13770.0,Available,Airline Site,Valid,
4056,28,DEL-BOM,Air India,AI391,2026-09-11,2026-07-28,T+45,Economy,4681.0,370,185,308,616,6160.0,Available,OTA,Valid,
4057,28,DEL-BOM,Air India,AI473,2026-09-11,2026-08-12,T+30,Economy,6467.0,511,255,426,851,8510.0,Available,Airline Site,Valid,
4058,28,DEL-BOM,Air India,AI448,2026-09-11,2026-08-27,T+15,Economy,7463.0,589,295,491,982,9820.0,Available,Airline Site,Valid,
4059,28,DEL-BOM,Air India,AI270,2026-09-11,2026-09-04,T+7,Economy,8930.0,705,352,588,1175,11750.0,Available,OTA,Valid,
4060,28,DEL-BOM,Air India,AI240,2026-09-11,2026-09-10,T+1,Economy,9203.0,727,363,606,1211,12110.0,Available,Airline Site,Valid,
4061,28,DEL-BOM,Akasa,AK208,2026-09-11,2026-07-28,T+45,Economy,4773.0,377,188,314,628,6280.0,Available,Airline Site,Valid,
4062,28,DEL-BOM,Akasa,AK954,2026-09-11,2026-08-12,T+30,Economy,6483.0,512,256,426,853,8530.0,Available,Airline Site,Valid,
4063,28,DEL-BOM,Akasa,AK702,2026-09-11,2026-08-27,T+15,Economy,8368.0,661,330,550,1101,11010.0,Available,OTA,Valid,
4064,28,DEL-BOM,Akasa,AK223,2026-09-11,2026-09-04,T+7,Economy,8284.0,654,327,545,1090,10900.0,Available,OTA,Valid,
4065,28,DEL-BOM,Akasa,AK558,2026-09-11,2026-09-10,T+1,Economy,8915.0,704,352,586,1173,11730.0,Available,Airline Site,Valid,
4066,28,DEL-BLR,IndiGo,IN789,2026-09-11,2026-07-28,T+45,Economy,2128.0,168,84,140,280,2800.0,Available,OTA,Valid,
4067,28,DEL-BLR,IndiGo,IN612,2026-09-11,2026-08-12,T+30,Economy,2957.0,233,117,194,389,3890.0,Sold Out,Airline Site,Flagged,Sold out at collection time
4068,28,DEL-BLR,IndiGo,IN400,2026-09-11,2026-08-27,T+15,Economy,3755.0,296,148,247,494,4940.0,Available,Airline Site,Valid,
4069,28,DEL-BLR,IndiGo,IN290,2026-09-11,2026-09-04,T+7,Economy,3724.0,294,147,245,490,4900.0,Available,Airline Site,Valid,
4070,28,DEL-BLR,IndiGo,IN493,2026-09-11,2026-09-10,T+1,Economy,4073.0,322,161,268,536,5360.0,Available,OTA,Valid,
4071,28,DEL-BLR,Air India,AI782,2026-09-11,2026-07-28,T+45,Economy,2341.0,185,92,154,308,3080.0,Available,OTA,Valid,
4072,28,DEL-BLR,Air India,AI465,2026-09-11,2026-08-12,T+30,Economy,3359.0,265,133,221,442,4420.0,Available,Airline Site,Valid,
4073,28,DEL-BLR,Air India,AI473,2026-09-11,2026-08-27,T+15,Economy,3914.0,309,154,258,515,5150.0,Available,Airline Site,Valid,
4074,28,DEL-BLR,Air India,AI218,2026-09-11,2026-09-04,T+7,Economy,3952.0,312,156,260,520,5200.0,Available,OTA,Valid,
4075,28,DEL-BLR,Air India,AI104,2026-09-11,2026-09-10,T+1,Economy,5146.0,406,203,338,677,6770.0,Available,Airline Site,Valid,
4076,28,DEL-BLR,Akasa,AK932,2026-09-11,2026-07-28,T+45,Economy,2280.0,180,90,150,300,3000.0,Available,OTA,Valid,
4077,28,DEL-BLR,Akasa,AK968,2026-09-11,2026-08-12,T+30,Economy,3078.0,243,122,202,405,4050.0,Available,Airline Site,Valid,
4078,28,DEL-BLR,Akasa,AK691,2026-09-11,2026-08-27,T+15,Economy,3944.0,311,156,260,519,5190.0,Available,OTA,Valid,
4079,28,DEL-BLR,Akasa,AK110,2026-09-11,2026-09-04,T+7,Economy,4119.0,325,163,271,542,5420.0,Available,Airline Site,Valid,
4080,28,DEL-BLR,Akasa,AK928,2026-09-11,2026-09-10,T+1,Economy,4781.0,377,189,314,629,6290.0,Available,Airline Site,Valid,
4081,28,BOM-BLR,IndiGo,IN172,2026-09-11,2026-07-28,T+45,Economy,1984.0,157,78,130,261,2610.0,Available,OTA,Valid,
4082,28,BOM-BLR,IndiGo,IN497,2026-09-11,2026-08-12,T+30,Economy,2827.0,223,112,186,372,3720.0,Available,OTA,Valid,
4083,28,BOM-BLR,IndiGo,IN783,2026-09-11,2026-08-27,T+15,Economy,3488.0,275,138,230,459,4590.0,Available,OTA,Valid,
4084,28,BOM-BLR,IndiGo,IN195,2026-09-11,2026-09-04,T+7,Economy,3557.0,281,140,234,468,4680.0,Sold Out,Airline Site,Flagged,Sold out at collection time
4085,28,BOM-BLR,IndiGo,IN382,2026-09-11,2026-09-10,T+1,Economy,4469.0,353,176,294,588,5880.0,Available,OTA,Valid,
4086,28,BOM-BLR,Air India,AI939,2026-09-11,2026-07-28,T+45,Economy,2014.0,159,80,132,265,2650.0,Available,OTA,Valid,
4087,28,BOM-BLR,Air India,AI583,2026-09-11,2026-08-12,T+30,Economy,2774.0,219,110,182,365,3650.0,Available,OTA,Valid,
4088,28,BOM-BLR,Air India,AI984,2026-09-11,2026-08-27,T+15,Economy,3359.0,265,133,221,442,4420.0,Available,Airline Site,Valid,
4089,28,BOM-BLR,Air India,AI437,2026-09-11,2026-09-04,T+7,Economy,4248.0,335,168,280,559,5590.0,Available,Airline Site,Valid,
4090,28,BOM-BLR,Air India,AI676,2026-09-11,2026-09-10,T+1,Economy,3792.0,299,150,250,499,4990.0,Available,Airline Site,Valid,
4091,28,BOM-BLR,Akasa,AK754,2026-09-11,2026-07-28,T+45,Economy,2029.0,160,80,134,267,2670.0,Sold Out,OTA,Flagged,Sold out at collection time
4092,28,BOM-BLR,Akasa,AK119,2026-09-11,2026-08-12,T+30,Economy,2683.0,212,106,176,353,3530.0,Available,OTA,Valid,
4093,28,BOM-BLR,Akasa,AK478,2026-09-11,2026-08-27,T+15,Economy,3488.0,275,138,230,459,4590.0,Available,OTA,Valid,
4094,28,BOM-BLR,Akasa,AK137,2026-09-11,2026-09-04,T+7,Economy,4089.0,323,161,269,538,5380.0,Available,OTA,Valid,
4095,28,BOM-BLR,Akasa,AK162,2026-09-11,2026-09-10,T+1,Economy,3747.0,296,148,246,493,4930.0,Available,OTA,Valid,
4096,28,DEL-CCU,IndiGo,IN644,2026-09-11,2026-07-28,T+45,Economy,2919.0,230,115,192,384,3840.0,Available,Airline Site,Valid,
4097,28,DEL-CCU,IndiGo,IN321,2026-09-11,2026-08-12,T+30,Economy,3944.0,311,156,260,519,5190.0,Available,OTA,Valid,
4098,28,DEL-CCU,IndiGo,IN116,2026-09-11,2026-08-27,T+15,Economy,4651.0,367,184,306,612,6120.0,Available,OTA,Valid,
4099,28,DEL-CCU,IndiGo,IN408,2026-09-11,2026-09-04,T+7,Economy,5069.0,400,200,334,667,6670.0,Available,OTA,Valid,
4100,28,DEL-CCU,IndiGo,IN492,2026-09-11,2026-09-10,T+1,Economy,6210.0,490,245,408,817,8170.0,Sold Out,Airline Site,Flagged,Sold out at collection time
4101,28,DEL-CCU,Air India,AI640,2026-09-11,2026-07-28,T+45,Economy,2843.0,224,112,187,374,3740.0,Available,Airline Site,Valid,
4102,28,DEL-CCU,Air India,AI628,2026-09-11,2026-08-12,T+30,Economy,3967.0,313,157,261,522,5220.0,Available,Airline Site,Valid,
4103,28,DEL-CCU,Air India,AI239,2026-09-11,2026-08-27,T+15,Economy,4788.0,378,189,315,630,6300.0,Sold Out,OTA,Flagged,Sold out at collection time
4104,28,DEL-CCU,Air India,AI169,2026-09-11,2026-09-04,T+7,Economy,5494.0,434,217,362,723,7230.0,Available,Airline Site,Valid,
4105,28,DEL-CCU,Air India,AI661,2026-09-11,2026-09-10,T+1,Economy,6301.0,497,249,414,829,8290.0,Available,OTA,Valid,
4106,28,DEL-CCU,Akasa,AK228,2026-09-11,2026-07-28,T+45,Economy,2919.0,230,115,192,384,3840.0,Available,OTA,Valid,
4107,28,DEL-CCU,Akasa,AK721,2026-09-11,2026-08-12,T+30,Economy,4165.0,329,164,274,548,5480.0,Available,Airline Site,Valid,
4108,28,DEL-CCU,Akasa,AK635,2026-09-11,2026-08-27,T+15,Economy,5298.0,418,209,348,697,6970.0,Available,Airline Site,Valid,
4109,28,DEL-CCU,Akasa,AK898,2026-09-11,2026-09-04,T+7,Economy,5206.0,411,206,342,685,6850.0,Available,Airline Site,Valid,
4110,28,DEL-CCU,Akasa,AK126,2026-09-11,2026-09-10,T+1,Economy,5563.0,439,220,366,732,7320.0,Available,Airline Site,Valid,
4111,28,DEL-HYD,IndiGo,IN435,2026-09-11,2026-07-28,T+45,Economy,3291.0,260,130,216,433,4330.0,Available,OTA,Valid,
4112,28,DEL-HYD,IndiGo,IN109,2026-09-11,2026-08-12,T+30,Economy,4225.0,334,167,278,556,5560.0,Available,OTA,Valid,
4113,28,DEL-HYD,IndiGo,IN585,2026-09-11,2026-08-27,T+15,Economy,5206.0,411,206,342,685,6850.0,Available,OTA,Valid,
4114,28,DEL-HYD,IndiGo,IN360,2026-09-11,2026-09-04,T+7,Economy,5981.0,472,236,394,787,7870.0,Available,Airline Site,Valid,
4115,28,DEL-HYD,IndiGo,IN347,2026-09-11,2026-09-10,T+1,Economy,6771.0,535,267,446,891,8910.0,Available,OTA,Valid,
4116,28,DEL-HYD,Air India,AI512,2026-09-11,2026-07-28,T+45,Economy,2888.0,228,114,190,380,3800.0,Available,Airline Site,Valid,
4117,28,DEL-HYD,Air India,AI161,2026-09-11,2026-08-12,T+30,Economy,3869.0,305,153,254,509,5090.0,Available,Airline Site,Valid,
4118,28,DEL-HYD,Air India,AI205,2026-09-11,2026-08-27,T+15,Economy,5312.0,419,210,350,699,6990.0,Available,Airline Site,Valid,
4119,28,DEL-HYD,Air India,AI766,2026-09-11,2026-09-04,T+7,Economy,6072.0,479,240,400,799,7990.0,Available,OTA,Valid,
4120,28,DEL-HYD,Air India,AI209,2026-09-11,2026-09-10,T+1,Economy,6277.0,496,248,413,826,8260.0,Available,Airline Site,Valid,
4121,28,DEL-HYD,Akasa,AK480,2026-09-11,2026-07-28,T+45,Economy,3405.0,269,134,224,448,4480.0,Available,OTA,Valid,
4122,28,DEL-HYD,Akasa,AK666,2026-09-11,2026-08-12,T+30,Economy,4651.0,367,184,306,612,6120.0,Available,OTA,Valid,
4123,28,DEL-HYD,Akasa,AK535,2026-09-11,2026-08-27,T+15,Economy,5168.0,408,204,340,680,6800.0,Available,Airline Site,Valid,
4124,28,DEL-HYD,Akasa,AK283,2026-09-11,2026-09-04,T+7,Economy,5989.0,473,236,394,788,7880.0,Available,Airline Site,Valid,
4125,28,DEL-HYD,Akasa,AK682,2026-09-11,2026-09-10,T+1,Economy,7357.0,581,290,484,968,9680.0,Available,Airline Site,Valid,
4126,28,BOM-HYD,IndiGo,IN375,2026-09-11,2026-07-28,T+45,Economy,3359.0,265,133,221,442,4420.0,Available,Airline Site,Valid,
4127,28,BOM-HYD,IndiGo,IN989,2026-09-11,2026-08-12,T+30,Economy,4256.0,336,168,280,560,5600.0,Available,OTA,Valid,
4128,28,BOM-HYD,IndiGo,IN321,2026-09-11,2026-08-27,T+15,Economy,6163.0,487,243,406,811,8110.0,Available,Airline Site,Valid,
4129,28,BOM-HYD,IndiGo,IN897,2026-09-11,2026-09-04,T+7,Economy,6011.0,475,237,396,791,7910.0,Sold Out,OTA,Flagged,Sold out at collection time
4130,28,BOM-HYD,IndiGo,IN398,2026-09-11,2026-09-10,T+1,Economy,7220.0,570,285,475,950,9500.0,Available,Airline Site,Valid,
4131,28,BOM-HYD,Air India,AI386,2026-09-11,2026-07-28,T+45,Economy,2797.0,221,110,184,368,3680.0,Available,Airline Site,Valid,
4132,28,BOM-HYD,Air India,AI551,2026-09-11,2026-08-12,T+30,Economy,4104.0,324,162,270,540,5400.0,Available,OTA,Valid,
4133,28,BOM-HYD,Air India,AI347,2026-09-11,2026-08-27,T+15,Economy,5092.0,402,201,335,670,6700.0,Available,Airline Site,Valid,
4134,28,BOM-HYD,Air India,AI133,2026-09-11,2026-09-04,T+7,Economy,5571.0,440,220,366,733,7330.0,Available,OTA,Valid,
4135,28,BOM-HYD,Air India,AI458,2026-09-11,2026-09-10,T+1,Economy,5328.0,421,210,350,701,7010.0,Available,OTA,Valid,
4136,28,BOM-HYD,Akasa,AK330,2026-09-11,2026-07-28,T+45,Economy,2843.0,224,112,187,374,3740.0,Available,Airline Site,Valid,
4137,28,BOM-HYD,Akasa,AK653,2026-09-11,2026-08-12,T+30,Economy,4013.0,317,158,264,528,5280.0,Available,Airline Site,Valid,
4138,28,BOM-HYD,Akasa,AK496,2026-09-11,2026-08-27,T+15,Economy,5016.0,396,198,330,660,6600.0,Available,Airline Site,Valid,
4139,28,BOM-HYD,Akasa,AK936,2026-09-11,2026-09-04,T+7,Economy,5137.0,406,203,338,676,6760.0,Available,Airline Site,Valid,
4140,28,BOM-HYD,Akasa,AK563,2026-09-11,2026-09-10,T+1,Economy,6217.0,491,245,409,818,8180.0,Available,OTA,Valid,
4141,28,BLR-HYD,IndiGo,IN464,2026-09-11,2026-07-28,T+45,Economy,2888.0,228,114,190,380,3800.0,Available,OTA,Valid,
4142,28,BLR-HYD,IndiGo,IN700,2026-09-11,2026-08-12,T+30,Economy,3808.0,301,150,250,501,5010.0,Available,OTA,Valid,
4143,28,BLR-HYD,IndiGo,IN659,2026-09-11,2026-08-27,T+15,Economy,5077.0,401,200,334,668,6680.0,Available,Airline Site,Valid,
4144,28,BLR-HYD,IndiGo,IN472,2026-09-11,2026-09-04,T+7,Economy,5298.0,418,209,348,697,6970.0,Available,Airline Site,Valid,
4145,28,BLR-HYD,IndiGo,IN781,2026-09-11,2026-09-10,T+1,Economy,5351.0,422,211,352,704,7040.0,Available,Airline Site,Valid,
4146,28,BLR-HYD,Air India,AI147,2026-09-11,2026-07-28,T+45,Economy,2866.0,226,113,188,377,3770.0,Available,Airline Site,Valid,
4147,28,BLR-HYD,Air India,AI406,2026-09-11,2026-08-12,T+30,Economy,4211.0,332,166,277,554,5540.0,Available,Airline Site,Valid,
4148,28,BLR-HYD,Air India,AI655,2026-09-11,2026-08-27,T+15,Economy,5016.0,396,198,330,660,6600.0,Available,Airline Site,Valid,
4149,28,BLR-HYD,Air India,AI260,2026-09-11,2026-09-04,T+7,Economy,5510.0,435,218,362,725,7250.0,Available,Airline Site,Valid,
4150,28,BLR-HYD,Air India,AI271,2026-09-11,2026-09-10,T+1,Economy,5457.0,431,215,359,718,7180.0,Available,Airline Site,Valid,
4151,28,BLR-HYD,Akasa,AK924,2026-09-11,2026-07-28,T+45,Economy,2691.0,212,106,177,354,3540.0,Available,Airline Site,Valid,
4152,28,BLR-HYD,Akasa,AK331,2026-09-11,2026-08-12,T+30,Economy,3458.0,273,136,228,455,4550.0,Available,OTA,Valid,
4153,28,BLR-HYD,Akasa,AK134,2026-09-11,2026-08-27,T+15,Economy,4370.0,345,172,288,575,5750.0,Available,OTA,Valid,
4154,28,BLR-HYD,Akasa,AK927,2026-09-11,2026-09-04,T+7,Economy,5137.0,406,203,338,676,6760.0,Available,Airline Site,Valid,
4155,28,BLR-HYD,Akasa,AK351,2026-09-11,2026-09-10,T+1,Economy,5563.0,439,220,366,732,7320.0,Available,Airline Site,Valid,
4156,28,DEL-MAA,IndiGo,IN235,2026-09-11,2026-07-28,T+45,Economy,2606.0,206,103,172,343,3430.0,Sold Out,Airline Site,Flagged,Sold out at collection time
4157,28,DEL-MAA,IndiGo,IN651,2026-09-11,2026-08-12,T+30,Economy,3488.0,275,138,230,459,4590.0,Available,Airline Site,Valid,
4158,28,DEL-MAA,IndiGo,IN907,2026-09-11,2026-08-27,T+15,Economy,4165.0,329,164,274,548,5480.0,Available,OTA,Valid,
4159,28,DEL-MAA,IndiGo,IN158,2026-09-11,2026-09-04,T+7,Economy,4552.0,359,180,300,599,5990.0,Available,OTA,Valid,
4160,28,DEL-MAA,IndiGo,IN995,2026-09-11,2026-09-10,T+1,Economy,5541.0,437,219,364,729,7290.0,Available,Airline Site,Valid,
4161,28,DEL-MAA,Air India,AI608,2026-09-11,2026-07-28,T+45,Economy,2926.0,231,116,192,385,3850.0,Available,Airline Site,Valid,
4162,28,DEL-MAA,Air India,AI480,2026-09-11,2026-08-12,T+30,Economy,3960.0,313,156,260,521,5210.0,Available,Airline Site,Valid,
4163,28,DEL-MAA,Air India,AI709,2026-09-11,2026-08-27,T+15,Economy,5419.0,428,214,356,713,7130.0,Available,OTA,Valid,
4164,28,DEL-MAA,Air India,AI558,2026-09-11,2026-09-04,T+7,Economy,5807.0,458,229,382,764,7640.0,Available,Airline Site,Valid,
4165,28,DEL-MAA,Air India,AI557,2026-09-11,2026-09-10,T+1,Economy,6035.0,476,238,397,794,7940.0,Available,Airline Site,Valid,
4166,28,DEL-MAA,Akasa,AK231,2026-09-11,2026-07-28,T+45,Economy,2553.0,202,101,168,336,3360.0,Available,OTA,Valid,
4167,28,DEL-MAA,Akasa,AK973,2026-09-11,2026-08-12,T+30,Economy,3313.0,262,131,218,436,4360.0,Available,OTA,Valid,
4168,28,DEL-MAA,Akasa,AK245,2026-09-11,2026-08-27,T+15,Economy,3974.0,314,157,262,523,5230.0,Available,OTA,Valid,
4169,28,DEL-MAA,Akasa,AK334,2026-09-11,2026-09-04,T+7,Economy,4423.0,349,175,291,582,5820.0,Sold Out,Airline Site,Flagged,Sold out at collection time
4170,28,DEL-MAA,Akasa,AK375,2026-09-11,2026-09-10,T+1,Economy,5419.0,428,214,356,713,7130.0,Available,Airline Site,Valid,
4171,28,BOM-MAA,IndiGo,IN807,2026-09-11,2026-07-28,T+45,Economy,3640.0,287,144,240,479,4790.0,Available,OTA,Valid,
4172,28,BOM-MAA,IndiGo,IN377,2026-09-11,2026-08-12,T+30,Economy,4902.0,387,194,322,645,6450.0,Available,Airline Site,Valid,
4173,28,BOM-MAA,IndiGo,IN406,2026-09-11,2026-08-27,T+15,Economy,5906.0,466,233,388,777,7770.0,Available,Airline Site,Valid,
4174,28,BOM-MAA,IndiGo,IN705,2026-09-11,2026-09-04,T+7,Economy,7053.0,557,278,464,928,9280.0,Available,Airline Site,Valid,
4175,28,BOM-MAA,IndiGo,IN229,2026-09-11,2026-09-10,T+1,Economy,7182.0,567,284,472,945,9450.0,Available,OTA,Valid,
4176,28,BOM-MAA,Air India,AI658,2026-09-11,2026-07-28,T+45,Economy,4157.0,328,164,274,547,5470.0,Available,OTA,Valid,
4177,28,BOM-MAA,Air India,AI817,2026-09-11,2026-08-12,T+30,Economy,5906.0,466,233,388,777,7770.0,Available,Airline Site,Valid,
4178,28,BOM-MAA,Air India,AI107,2026-09-11,2026-08-27,T+15,Economy,7470.0,590,295,492,983,9830.0,Available,OTA,Valid,
4179,28,BOM-MAA,Air India,AI749,2026-09-11,2026-09-04,T+7,Economy,7987.0,631,315,526,1051,10510.0,Available,Airline Site,Valid,
4180,28,BOM-MAA,Air India,AI875,2026-09-11,2026-09-10,T+1,Economy,9811.0,775,387,646,1291,12910.0,Available,OTA,Valid,
4181,28,BOM-MAA,Akasa,AK158,2026-09-11,2026-07-28,T+45,Economy,3891.0,307,154,256,512,5120.0,Available,OTA,Valid,
4182,28,BOM-MAA,Akasa,AK543,2026-09-11,2026-08-12,T+30,Economy,5411.0,427,214,356,712,7120.0,Available,OTA,Valid,
4183,28,BOM-MAA,Akasa,AK467,2026-09-11,2026-08-27,T+15,Economy,6862.0,542,271,452,903,9030.0,Available,Airline Site,Valid,
4184,28,BOM-MAA,Akasa,AK893,2026-09-11,2026-09-04,T+7,Economy,7851.0,620,310,516,1033,10330.0,Available,OTA,Valid,
4185,28,BOM-MAA,Akasa,AK514,2026-09-11,2026-09-10,T+1,Economy,8216.0,649,324,540,1081,10810.0,Available,Airline Site,Valid,
4186,28,CCU-BLR,IndiGo,IN897,2026-09-11,2026-07-28,T+45,Economy,2432.0,192,96,160,320,3200.0,Available,OTA,Valid,
4187,28,CCU-BLR,IndiGo,IN752,2026-09-11,2026-08-12,T+30,Economy,3496.0,276,138,230,460,4600.0,Available,OTA,Valid,
4188,28,CCU-BLR,IndiGo,IN272,2026-09-11,2026-08-27,T+15,Economy,3778.0,298,149,248,497,4970.0,Available,Airline Site,Valid,
4189,28,CCU-BLR,IndiGo,IN873,2026-09-11,2026-09-04,T+7,Economy,4187.0,331,165,276,551,5510.0,Available,Airline Site,Valid,
4190,28,CCU-BLR,IndiGo,IN750,2026-09-11,2026-09-10,T+1,Economy,4795.0,379,189,316,631,6310.0,Available,OTA,Valid,
4191,28,CCU-BLR,Air India,AI878,2026-09-11,2026-07-28,T+45,Economy,2454.0,194,97,162,323,3230.0,Available,Airline Site,Valid,
4192,28,CCU-BLR,Air India,AI273,2026-09-11,2026-08-12,T+30,Economy,3352.0,265,132,220,441,4410.0,Available,Airline Site,Valid,
4193,28,CCU-BLR,Air India,AI683,2026-09-11,2026-08-27,T+15,Economy,4484.0,354,177,295,590,5900.0,Available,Airline Site,Valid,
4194,28,CCU-BLR,Air India,AI770,2026-09-11,2026-09-04,T+7,Economy,5054.0,399,200,332,665,6650.0,Available,Airline Site,Valid,
4195,28,CCU-BLR,Air India,AI237,2026-09-11,2026-09-10,T+1,Economy,5450.0,430,215,358,717,7170.0,Available,Airline Site,Valid,
4196,28,CCU-BLR,Akasa,AK959,2026-09-11,2026-07-28,T+45,Economy,2387.0,188,94,157,314,3140.0,Available,OTA,Valid,
4197,28,CCU-BLR,Akasa,AK588,2026-09-11,2026-08-12,T+30,Economy,3161.0,250,125,208,416,4160.0,Available,Airline Site,Valid,
4198,28,CCU-BLR,Akasa,AK176,2026-09-11,2026-08-27,T+15,Economy,3648.0,288,144,240,480,4800.0,Sold Out,Airline Site,Flagged,Sold out at collection time
4199,28,CCU-BLR,Akasa,AK881,2026-09-11,2026-09-04,T+7,Economy,4545.0,359,179,299,598,5980.0,Available,Airline Site,Valid,
4200,28,CCU-BLR,Akasa,AK574,2026-09-11,2026-09-10,T+1,Economy,4393.0,347,173,289,578,5780.0,Available,Airline Site,Valid,
4201,29,DEL-BOM,IndiGo,IN641,2026-09-12,2026-07-29,T+45,Economy,4165.0,329,164,274,548,5480.0,Available,OTA,Valid,
4202,29,DEL-BOM,IndiGo,IN387,2026-09-12,2026-08-13,T+30,Economy,5517.0,436,218,363,726,7260.0,Available,OTA,Valid,
4203,29,DEL-BOM,IndiGo,IN546,2026-09-12,2026-08-28,T+15,Economy,7136.0,563,282,470,939,9390.0,Available,OTA,Valid,
4204,29,DEL-BOM,IndiGo,IN830,2026-09-12,2026-09-05,T+7,Economy,7365.0,581,291,484,969,9690.0,Available,Airline Site,Valid,
4205,29,DEL-BOM,IndiGo,IN574,2026-09-12,2026-09-11,T+1,Economy,7175.0,566,283,472,944,9440.0,Available,OTA,Valid,
4206,29,DEL-BOM,Air India,AI250,2026-09-12,2026-07-29,T+45,Economy,4400.0,347,174,290,579,5790.0,Available,Airline Site,Valid,
4207,29,DEL-BOM,Air India,AI302,2026-09-12,2026-08-13,T+30,Economy,5875.0,464,232,386,773,7730.0,Available,Airline Site,Valid,
4208,29,DEL-BOM,Air India,AI732,2026-09-12,2026-08-28,T+15,Economy,6977.0,551,275,459,918,9180.0,Available,Airline Site,Valid,
4209,29,DEL-BOM,Air India,AI304,2026-09-12,2026-09-05,T+7,Economy,9098.0,718,359,598,1197,11970.0,Available,OTA,Valid,
4210,29,DEL-BOM,Air India,AI394,2026-09-12,2026-09-11,T+1,Economy,8838.0,698,349,582,1163,11630.0,Available,Airline Site,Valid,
4211,29,DEL-BOM,Akasa,AK497,2026-09-12,2026-07-29,T+45,Economy,4491.0,355,177,296,591,5910.0,Available,OTA,Valid,
4212,29,DEL-BOM,Akasa,AK870,2026-09-12,2026-08-13,T+30,Economy,6491.0,512,256,427,854,8540.0,Sold Out,Airline Site,Flagged,Sold out at collection time
4213,29,DEL-BOM,Akasa,AK284,2026-09-12,2026-08-28,T+15,Economy,8048.0,635,318,530,1059,10590.0,Available,Airline Site,Valid,
4214,29,DEL-BOM,Akasa,AK928,2026-09-12,2026-09-05,T+7,Economy,9203.0,727,363,606,1211,12110.0,Available,OTA,Valid,
4215,29,DEL-BOM,Akasa,AK663,2026-09-12,2026-09-11,T+1,Economy,9568.0,755,378,630,1259,12590.0,Available,Airline Site,Valid,
4216,29,DEL-BLR,IndiGo,IN406,2026-09-12,2026-07-29,T+45,Economy,2295.0,181,91,151,302,3020.0,Available,Airline Site,Valid,
4217,29,DEL-BLR,IndiGo,IN324,2026-09-12,2026-08-13,T+30,Economy,3261.0,257,129,214,429,4290.0,Available,OTA,Valid,
4218,29,DEL-BLR,IndiGo,IN608,2026-09-12,2026-08-28,T+15,Economy,4082.0,322,161,268,537,5370.0,Available,OTA,Valid,
4219,29,DEL-BLR,IndiGo,IN915,2026-09-12,2026-09-05,T+7,Economy,4332.0,342,171,285,570,5700.0,Available,OTA,Valid,
4220,29,DEL-BLR,IndiGo,IN879,2026-09-12,2026-09-11,T+1,Economy,4803.0,379,190,316,632,6320.0,Available,Airline Site,Valid,
4221,29,DEL-BLR,Air India,AI863,2026-09-12,2026-07-29,T+45,Economy,2280.0,180,90,150,300,3000.0,Available,Airline Site,Valid,
4222,29,DEL-BLR,Air India,AI387,2026-09-12,2026-08-13,T+30,Economy,3055.0,241,121,201,402,4020.0,Available,Airline Site,Valid,
4223,29,DEL-BLR,Air India,AI823,2026-09-12,2026-08-28,T+15,Economy,3626.0,286,143,238,477,4770.0,Available,Airline Site,Valid,
4224,29,DEL-BLR,Air India,AI447,2026-09-12,2026-09-05,T+7,Economy,4613.0,364,182,304,607,6070.0,Available,OTA,Valid,
4225,29,DEL-BLR,Air India,AI859,2026-09-12,2026-09-11,T+1,Economy,4697.0,371,185,309,618,6180.0,Available,Airline Site,Valid,
4226,29,DEL-BLR,Akasa,AK898,2026-09-12,2026-07-29,T+45,Economy,2120.0,167,84,140,279,2790.0,Available,Airline Site,Valid,
4227,29,DEL-BLR,Akasa,AK899,2026-09-12,2026-08-13,T+30,Economy,2941.0,232,116,194,387,3870.0,Available,Airline Site,Valid,
4228,29,DEL-BLR,Akasa,AK412,2026-09-12,2026-08-28,T+15,Economy,3474.0,274,137,228,457,4570.0,Available,OTA,Valid,
4229,29,DEL-BLR,Akasa,AK566,2026-09-12,2026-09-05,T+7,Economy,4225.0,334,167,278,556,5560.0,Available,OTA,Valid,
4230,29,DEL-BLR,Akasa,AK505,2026-09-12,2026-09-11,T+1,Economy,4119.0,325,163,271,542,5420.0,Available,Airline Site,Valid,
4231,29,BOM-BLR,IndiGo,IN999,2026-09-12,2026-07-29,T+45,Economy,2136.0,169,84,140,281,2810.0,Available,OTA,Valid,
4232,29,BOM-BLR,IndiGo,IN997,2026-09-12,2026-08-13,T+30,Economy,2880.0,227,114,190,379,3790.0,Available,Airline Site,Valid,
4233,29,BOM-BLR,IndiGo,IN900,2026-09-12,2026-08-28,T+15,Economy,3579.0,283,141,236,471,4710.0,Available,OTA,Valid,
4234,29,BOM-BLR,IndiGo,IN481,2026-09-12,2026-09-05,T+7,Economy,4180.0,330,165,275,550,5500.0,Available,Airline Site,Valid,
4235,29,BOM-BLR,IndiGo,IN586,2026-09-12,2026-09-11,T+1,Economy,4591.0,362,181,302,604,6040.0,Available,Airline Site,Valid,
4236,29,BOM-BLR,Air India,AI415,2026-09-12,2026-07-29,T+45,Economy,2181.0,172,86,144,287,2870.0,Available,OTA,Valid,
4237,29,BOM-BLR,Air India,AI494,2026-09-12,2026-08-13,T+30,Economy,3009.0,238,119,198,396,3960.0,Sold Out,Airline Site,Flagged,Sold out at collection time
4238,29,BOM-BLR,Air India,AI538,2026-09-12,2026-08-28,T+15,Economy,3603.0,284,142,237,474,4740.0,Sold Out,Airline Site,Flagged,Sold out at collection time
4239,29,BOM-BLR,Air India,AI373,2026-09-12,2026-09-05,T+7,Economy,3747.0,296,148,246,493,4930.0,Available,Airline Site,Valid,
4240,29,BOM-BLR,Air India,AI760,2026-09-12,2026-09-11,T+1,Economy,4021.0,317,159,264,529,5290.0,Available,Airline Site,Valid,
4241,29,BOM-BLR,Akasa,AK223,2026-09-12,2026-07-29,T+45,Economy,1938.0,153,76,128,255,2550.0,Available,Airline Site,Valid,
4242,29,BOM-BLR,Akasa,AK520,2026-09-12,2026-08-13,T+30,Economy,2440.0,193,96,160,321,3210.0,Available,OTA,Valid,
4243,29,BOM-BLR,Akasa,AK894,2026-09-12,2026-08-28,T+15,Economy,3549.0,280,140,234,467,4670.0,Available,Airline Site,Valid,
4244,29,BOM-BLR,Akasa,AK762,2026-09-12,2026-09-05,T+7,Economy,3822.0,302,151,252,503,5030.0,Available,OTA,Valid,
4245,29,BOM-BLR,Akasa,AK792,2026-09-12,2026-09-11,T+1,Economy,3679.0,290,145,242,484,4840.0,Available,Airline Site,Valid,
4246,29,DEL-CCU,IndiGo,IN796,2026-09-12,2026-07-29,T+45,Economy,3055.0,241,121,201,402,4020.0,Available,OTA,Valid,
4247,29,DEL-CCU,IndiGo,IN964,2026-09-12,2026-08-13,T+30,Economy,4317.0,341,170,284,568,5680.0,Available,OTA,Valid,
4248,29,DEL-CCU,IndiGo,IN752,2026-09-12,2026-08-28,T+15,Economy,5761.0,455,227,379,758,7580.0,Available,Airline Site,Valid,
4249,29,DEL-CCU,IndiGo,IN566,2026-09-12,2026-09-05,T+7,Economy,5267.0,416,208,346,693,6930.0,Available,OTA,Valid,
4250,29,DEL-CCU,IndiGo,IN658,2026-09-12,2026-09-11,T+1,Economy,6809.0,538,269,448,896,8960.0,Available,OTA,Valid,
4251,29,DEL-CCU,Air India,AI162,2026-09-12,2026-07-29,T+45,Economy,2637.0,208,104,174,347,3470.0,Available,OTA,Valid,
4252,29,DEL-CCU,Air India,AI792,2026-09-12,2026-08-13,T+30,Economy,3762.0,297,148,248,495,4950.0,Available,Airline Site,Valid,
4253,29,DEL-CCU,Air India,AI694,2026-09-12,2026-08-28,T+15,Economy,4667.0,368,184,307,614,6140.0,Available,Airline Site,Valid,
4254,29,DEL-CCU,Air India,AI649,2026-09-12,2026-09-05,T+7,Economy,5289.0,418,209,348,696,6960.0,Available,OTA,Valid,
4255,29,DEL-CCU,Air India,AI819,2026-09-12,2026-09-11,T+1,Economy,4849.0,383,191,319,638,6380.0,Available,Airline Site,Valid,
4256,29,DEL-CCU,Akasa,AK855,2026-09-12,2026-07-29,T+45,Economy,3040.0,240,120,200,400,4000.0,Available,Airline Site,Valid,
4257,29,DEL-CCU,Akasa,AK415,2026-09-12,2026-08-13,T+30,Economy,4309.0,340,170,284,567,5670.0,Available,Airline Site,Valid,
4258,29,DEL-CCU,Akasa,AK130,2026-09-12,2026-08-28,T+15,Economy,5137.0,406,203,338,676,6760.0,Available,Airline Site,Valid,
4259,29,DEL-CCU,Akasa,AK889,2026-09-12,2026-09-05,T+7,Economy,6346.0,501,250,418,835,8350.0,Available,OTA,Valid,
4260,29,DEL-CCU,Akasa,AK715,2026-09-12,2026-09-11,T+1,Economy,6194.0,489,244,408,815,8150.0,Available,Airline Site,Valid,
4261,29,DEL-HYD,IndiGo,IN127,2026-09-12,2026-07-29,T+45,Economy,3306.0,261,130,218,435,4350.0,Available,Airline Site,Valid,
4262,29,DEL-HYD,IndiGo,IN651,2026-09-12,2026-08-13,T+30,Economy,4203.0,332,166,276,553,5530.0,Available,Airline Site,Valid,
4263,29,DEL-HYD,IndiGo,IN643,2026-09-12,2026-08-28,T+15,Economy,5669.0,448,224,373,746,7460.0,Available,OTA,Valid,
4264,29,DEL-HYD,IndiGo,IN860,2026-09-12,2026-09-05,T+7,Economy,6042.0,477,238,398,795,7950.0,Available,Airline Site,Valid,
4265,29,DEL-HYD,IndiGo,IN901,2026-09-12,2026-09-11,T+1,Economy,7334.0,579,290,482,965,9650.0,Available,Airline Site,Valid,
4266,29,DEL-HYD,Air India,AI614,2026-09-12,2026-07-29,T+45,Economy,3116.0,246,123,205,410,4100.0,Available,Airline Site,Valid,
4267,29,DEL-HYD,Air India,AI756,2026-09-12,2026-08-13,T+30,Economy,4142.0,327,164,272,545,5450.0,Available,Airline Site,Valid,
4268,29,DEL-HYD,Air India,AI760,2026-09-12,2026-08-28,T+15,Economy,5464.0,431,216,360,719,7190.0,Available,Airline Site,Valid,
4269,29,DEL-HYD,Air India,AI358,2026-09-12,2026-09-05,T+7,Economy,5434.0,429,214,358,715,7150.0,Available,Airline Site,Valid,
4270,29,DEL-HYD,Air India,AI195,2026-09-12,2026-09-11,T+1,Economy,7030.0,555,278,462,925,9250.0,Available,Airline Site,Valid,
4271,29,DEL-HYD,Akasa,AK155,2026-09-12,2026-07-29,T+45,Economy,3344.0,264,132,220,440,4400.0,Available,Airline Site,Valid,
4272,29,DEL-HYD,Akasa,AK556,2026-09-12,2026-08-13,T+30,Economy,4522.0,357,178,298,595,5950.0,Available,Airline Site,Valid,
4273,29,DEL-HYD,Akasa,AK132,2026-09-12,2026-08-28,T+15,Economy,5328.0,421,210,350,701,7010.0,Available,Airline Site,Valid,
4274,29,DEL-HYD,Akasa,AK641,2026-09-12,2026-09-05,T+7,Economy,6362.0,502,251,418,837,8370.0,Available,OTA,Valid,
4275,29,DEL-HYD,Akasa,AK888,2026-09-12,2026-09-11,T+1,Economy,7091.0,560,280,466,933,9330.0,Available,OTA,Valid,
4276,29,BOM-HYD,IndiGo,IN119,2026-09-12,2026-07-29,T+45,Economy,2987.0,236,118,196,393,3930.0,Available,OTA,Valid,
4277,29,BOM-HYD,IndiGo,IN762,2026-09-12,2026-08-13,T+30,Economy,4142.0,327,164,272,545,5450.0,Available,OTA,Valid,
4278,29,BOM-HYD,IndiGo,IN102,2026-09-12,2026-08-28,T+15,Economy,4605.0,364,182,303,606,6060.0,Available,Airline Site,Valid,
4279,29,BOM-HYD,IndiGo,IN494,2026-09-12,2026-09-05,T+7,Economy,5997.0,473,237,394,789,7890.0,Available,Airline Site,Valid,
4280,29,BOM-HYD,IndiGo,IN235,2026-09-12,2026-09-11,T+1,Economy,6399.0,505,253,421,842,8420.0,Sold Out,Airline Site,Flagged,Sold out at collection time
4281,29,BOM-HYD,Air India,AI222,2026-09-12,2026-07-29,T+45,Economy,3032.0,239,120,200,399,3990.0,Available,Airline Site,Valid,
4282,29,BOM-HYD,Air India,AI788,2026-09-12,2026-08-13,T+30,Economy,4400.0,347,174,290,579,5790.0,Available,OTA,Valid,
4283,29,BOM-HYD,Air India,AI922,2026-09-12,2026-08-28,T+15,Economy,4933.0,389,195,324,649,6490.0,Available,Airline Site,Valid,
4284,29,BOM-HYD,Air India,AI634,2026-09-12,2026-09-05,T+7,Economy,5943.0,469,235,391,782,7820.0,Available,OTA,Valid,
4285,29,BOM-HYD,Air India,AI111,2026-09-12,2026-09-11,T+1,Economy,6680.0,527,264,440,879,8790.0,Available,OTA,Valid,
4286,29,BOM-HYD,Akasa,AK266,2026-09-12,2026-07-29,T+45,Economy,3184.0,251,126,210,419,4190.0,Available,OTA,Valid,
4287,29,BOM-HYD,Akasa,AK699,2026-09-12,2026-08-13,T+30,Economy,4264.0,337,168,280,561,5610.0,Available,Airline Site,Valid,
4288,29,BOM-HYD,Akasa,AK354,2026-09-12,2026-08-28,T+15,Economy,6011.0,475,237,396,791,7910.0,Sold Out,OTA,Flagged,Sold out at collection time
4289,29,BOM-HYD,Akasa,AK935,2026-09-12,2026-09-05,T+7,Economy,6194.0,489,244,408,815,8150.0,Available,Airline Site,Valid,
4290,29,BOM-HYD,Akasa,AK879,2026-09-12,2026-09-11,T+1,Economy,6149.0,485,243,404,809,8090.0,Available,Airline Site,Valid,
4291,29,BLR-HYD,IndiGo,IN883,2026-09-12,2026-07-29,T+45,Economy,2721.0,215,107,179,358,3580.0,Available,OTA,Valid,
4292,29,BLR-HYD,IndiGo,IN815,2026-09-12,2026-08-13,T+30,Economy,3511.0,277,139,231,462,4620.0,Available,OTA,Valid,
4293,29,BLR-HYD,IndiGo,IN645,2026-09-12,2026-08-28,T+15,Economy,4613.0,364,182,304,607,6070.0,Available,OTA,Valid,
4294,29,BLR-HYD,IndiGo,IN116,2026-09-12,2026-09-05,T+7,Economy,5503.0,434,217,362,724,7240.0,Available,OTA,Valid,
4295,29,BLR-HYD,IndiGo,IN998,2026-09-12,2026-09-11,T+1,Economy,5997.0,473,237,394,789,7890.0,Available,Airline Site,Valid,
4296,29,BLR-HYD,Air India,AI610,2026-09-12,2026-07-29,T+45,Economy,2691.0,212,106,177,354,3540.0,Available,OTA,Valid,
4297,29,BLR-HYD,Air India,AI520,2026-09-12,2026-08-13,T+30,Economy,3565.0,281,141,234,469,4690.0,Available,Airline Site,Valid,
4298,29,BLR-HYD,Air India,AI139,2026-09-12,2026-08-28,T+15,Economy,4895.0,386,193,322,644,6440.0,Available,OTA,Valid,
4299,29,BLR-HYD,Air India,AI641,2026-09-12,2026-09-05,T+7,Economy,5221.0,412,206,344,687,6870.0,Available,Airline Site,Valid,
4300,29,BLR-HYD,Air India,AI680,2026-09-12,2026-09-11,T+1,Economy,4978.0,393,196,328,655,6550.0,Available,Airline Site,Valid,
4301,29,BLR-HYD,Akasa,AK719,2026-09-12,2026-07-29,T+45,Economy,2653.0,209,105,174,349,3490.0,Available,Airline Site,Valid,
4302,29,BLR-HYD,Akasa,AK734,2026-09-12,2026-08-13,T+30,Economy,3465.0,274,137,228,456,4560.0,Available,OTA,Valid,
4303,29,BLR-HYD,Akasa,AK564,2026-09-12,2026-08-28,T+15,Economy,4386.0,346,173,288,577,5770.0,Available,OTA,Valid,
4304,29,BLR-HYD,Akasa,AK486,2026-09-12,2026-09-05,T+7,Economy,4819.0,380,190,317,634,6340.0,Available,Airline Site,Valid,
4305,29,BLR-HYD,Akasa,AK910,2026-09-12,2026-09-11,T+1,Economy,5646.0,446,223,372,743,7430.0,Available,Airline Site,Valid,
4306,29,DEL-MAA,IndiGo,IN509,2026-09-12,2026-07-29,T+45,Economy,2933.0,232,116,193,386,3860.0,Available,OTA,Valid,
4307,29,DEL-MAA,IndiGo,IN291,2026-09-12,2026-08-13,T+30,Economy,3967.0,313,157,261,522,5220.0,Available,OTA,Valid,
4308,29,DEL-MAA,IndiGo,IN360,2026-09-12,2026-08-28,T+15,Economy,4317.0,341,170,284,568,5680.0,Available,Airline Site,Valid,
4309,29,DEL-MAA,IndiGo,IN357,2026-09-12,2026-09-05,T+7,Economy,5571.0,440,220,366,733,7330.0,Available,Airline Site,Valid,
4310,29,DEL-MAA,IndiGo,IN640,2026-09-12,2026-09-11,T+1,Economy,5160.0,407,204,340,679,6790.0,Available,Airline Site,Valid,
4311,29,DEL-MAA,Air India,AI104,2026-09-12,2026-07-29,T+45,Economy,2477.0,196,98,163,326,3260.0,Available,OTA,Valid,
4312,29,DEL-MAA,Air India,AI774,2026-09-12,2026-08-13,T+30,Economy,3389.0,268,134,223,446,4460.0,Available,OTA,Valid,
4313,29,DEL-MAA,Air India,AI864,2026-09-12,2026-08-28,T+15,Economy,4066.0,321,160,268,535,5350.0,Available,OTA,Valid,
4314,29,DEL-MAA,Air India,AI973,2026-09-12,2026-09-05,T+7,Economy,5130.0,405,202,338,675,6750.0,Sold Out,OTA,Flagged,Sold out at collection time
4315,29,DEL-MAA,Air India,AI322,2026-09-12,2026-09-11,T+1,Economy,5487.0,433,217,361,722,7220.0,Available,Airline Site,Valid,
4316,29,DEL-MAA,Akasa,AK255,2026-09-12,2026-07-29,T+45,Economy,2576.0,203,102,170,339,3390.0,Available,OTA,Valid,
4317,29,DEL-MAA,Akasa,AK653,2026-09-12,2026-08-13,T+30,Economy,3344.0,264,132,220,440,4400.0,Available,OTA,Valid,
4318,29,DEL-MAA,Akasa,AK263,2026-09-12,2026-08-28,T+15,Economy,4636.0,366,183,305,610,6100.0,Available,Airline Site,Valid,
4319,29,DEL-MAA,Akasa,AK735,2026-09-12,2026-09-05,T+7,Economy,4507.0,356,178,296,593,5930.0,Available,Airline Site,Valid,
4320,29,DEL-MAA,Akasa,AK444,2026-09-12,2026-09-11,T+1,Economy,4582.0,362,181,302,603,6030.0,Available,Airline Site,Valid,
4321,29,BOM-MAA,IndiGo,IN919,2026-09-12,2026-07-29,T+45,Economy,4005.0,316,158,264,527,5270.0,Available,OTA,Valid,
4322,29,BOM-MAA,IndiGo,IN228,2026-09-12,2026-08-13,T+30,Economy,5450.0,430,215,358,717,7170.0,Available,Airline Site,Valid,
4323,29,BOM-MAA,IndiGo,IN511,2026-09-12,2026-08-28,T+15,Economy,7113.0,562,281,468,936,9360.0,Available,Airline Site,Valid,
4324,29,BOM-MAA,IndiGo,IN351,2026-09-12,2026-09-05,T+7,Economy,6878.0,543,272,452,905,9050.0,Available,Airline Site,Valid,
4325,29,BOM-MAA,IndiGo,IN202,2026-09-12,2026-09-11,T+1,Economy,7926.0,626,313,522,1043,10430.0,Available,OTA,Valid,
4326,29,BOM-MAA,Air India,AI882,2026-09-12,2026-07-29,T+45,Economy,3967.0,313,157,261,522,5220.0,Available,OTA,Valid,
4327,29,BOM-MAA,Air India,AI353,2026-09-12,2026-08-13,T+30,Economy,5533.0,437,218,364,728,7280.0,Available,OTA,Valid,
4328,29,BOM-MAA,Air India,AI267,2026-09-12,2026-08-28,T+15,Economy,6719.0,530,265,442,884,8840.0,Available,Airline Site,Valid,
4329,29,BOM-MAA,Air India,AI733,2026-09-12,2026-09-05,T+7,Economy,7896.0,623,312,520,1039,10390.0,Available,OTA,Valid,
4330,29,BOM-MAA,Air India,AI601,2026-09-12,2026-09-11,T+1,Economy,7213.0,569,285,474,949,9490.0,Available,Airline Site,Valid,
4331,29,BOM-MAA,Akasa,AK331,2026-09-12,2026-07-29,T+45,Economy,3626.0,286,143,238,477,4770.0,Available,Airline Site,Valid,
4332,29,BOM-MAA,Akasa,AK441,2026-09-12,2026-08-13,T+30,Economy,5115.0,404,202,336,673,6730.0,Available,Airline Site,Valid,
4333,29,BOM-MAA,Akasa,AK298,2026-09-12,2026-08-28,T+15,Economy,6339.0,500,250,417,834,8340.0,Available,Airline Site,Valid,
4334,29,BOM-MAA,Akasa,AK929,2026-09-12,2026-09-05,T+7,Economy,6514.0,514,257,428,857,8570.0,Available,OTA,Valid,
4335,29,BOM-MAA,Akasa,AK663,2026-09-12,2026-09-11,T+1,Economy,6992.0,552,276,460,920,9200.0,Available,OTA,Valid,
4336,29,CCU-BLR,IndiGo,IN986,2026-09-12,2026-07-29,T+45,Economy,2295.0,181,91,151,302,3020.0,Available,Airline Site,Valid,
4337,29,CCU-BLR,IndiGo,IN105,2026-09-12,2026-08-13,T+30,Economy,2941.0,232,116,194,387,3870.0,Available,OTA,Valid,
4338,29,CCU-BLR,IndiGo,IN875,2026-09-12,2026-08-28,T+15,Economy,3724.0,294,147,245,490,4900.0,Available,OTA,Valid,
4339,29,CCU-BLR,IndiGo,IN804,2026-09-12,2026-09-05,T+7,Economy,4568.0,361,180,300,601,6010.0,Available,OTA,Valid,
4340,29,CCU-BLR,IndiGo,IN773,2026-09-12,2026-09-11,T+1,Economy,4225.0,334,167,278,556,5560.0,Available,OTA,Valid,
4341,29,CCU-BLR,Air India,AI361,2026-09-12,2026-07-29,T+45,Economy,2272.0,179,90,150,299,2990.0,Sold Out,Airline Site,Flagged,Sold out at collection time
4342,29,CCU-BLR,Air India,AI101,2026-09-12,2026-08-13,T+30,Economy,3116.0,246,123,205,410,4100.0,Available,Airline Site,Valid,
4343,29,CCU-BLR,Air India,AI428,2026-09-12,2026-08-28,T+15,Economy,4187.0,331,165,276,551,5510.0,Available,OTA,Valid,
4344,29,CCU-BLR,Air India,AI734,2026-09-12,2026-09-05,T+7,Economy,4187.0,331,165,276,551,5510.0,Available,OTA,Valid,
4345,29,CCU-BLR,Air India,AI507,2026-09-12,2026-09-11,T+1,Economy,4446.0,351,176,292,585,5850.0,Sold Out,OTA,Flagged,Sold out at collection time
4346,29,CCU-BLR,Akasa,AK701,2026-09-12,2026-07-29,T+45,Economy,2645.0,209,104,174,348,3480.0,Available,Airline Site,Valid,
4347,29,CCU-BLR,Akasa,AK419,2026-09-12,2026-08-13,T+30,Economy,3679.0,290,145,242,484,4840.0,Available,OTA,Valid,
4348,29,CCU-BLR,Akasa,AK354,2026-09-12,2026-08-28,T+15,Economy,5137.0,406,203,338,676,6760.0,Available,Airline Site,Valid,
4349,29,CCU-BLR,Akasa,AK124,2026-09-12,2026-09-05,T+7,Economy,4781.0,377,189,314,629,6290.0,Available,OTA,Valid,
4350,29,CCU-BLR,Akasa,AK856,2026-09-12,2026-09-11,T+1,Economy,5183.0,409,205,341,682,6820.0,Available,Airline Site,Valid,
4351,30,DEL-BOM,IndiGo,IN385,2026-09-13,2026-07-30,T+45,Economy,4842.0,382,191,318,637,6370.0,Available,Airline Site,Valid,
4352,30,DEL-BOM,IndiGo,IN112,2026-09-13,2026-08-14,T+30,Economy,6719.0,530,265,442,884,8840.0,Available,OTA,Valid,
4353,30,DEL-BOM,IndiGo,IN192,2026-09-13,2026-08-29,T+15,Economy,7813.0,617,308,514,1028,10280.0,Available,OTA,Valid,
4354,30,DEL-BOM,IndiGo,IN714,2026-09-13,2026-09-06,T+7,Economy,8709.0,688,344,573,1146,11460.0,Available,Airline Site,Valid,
4355,30,DEL-BOM,IndiGo,IN527,2026-09-13,2026-09-12,T+1,Economy,10298.0,813,406,678,1355,13550.0,Available,Airline Site,Valid,
4356,30,DEL-BOM,Air India,AI369,2026-09-13,2026-07-30,T+45,Economy,4879.0,385,193,321,642,6420.0,Available,Airline Site,Valid,
4357,30,DEL-BOM,Air India,AI599,2026-09-13,2026-08-14,T+30,Economy,6947.0,548,274,457,914,9140.0,Sold Out,OTA,Flagged,Sold out at collection time
4358,30,DEL-BOM,Air India,AI272,2026-09-13,2026-08-29,T+15,Economy,8854.0,699,350,582,1165,11650.0,Sold Out,Airline Site,Flagged,Sold out at collection time
4359,30,DEL-BOM,Air India,AI653,2026-09-13,2026-09-06,T+7,Economy,9485.0,749,374,624,1248,12480.0,Available,OTA,Valid,
4360,30,DEL-BOM,Air India,AI304,2026-09-13,2026-09-12,T+1,Economy,10503.0,829,415,691,1382,13820.0,Available,Airline Site,Valid,
4361,30,DEL-BOM,Akasa,AK650,2026-09-13,2026-07-30,T+45,Economy,4659.0,368,184,306,613,6130.0,Available,OTA,Valid,
4362,30,DEL-BOM,Akasa,AK919,2026-09-13,2026-08-14,T+30,Economy,6437.0,508,254,424,847,8470.0,Available,Airline Site,Valid,
4363,30,DEL-BOM,Akasa,AK771,2026-09-13,2026-08-29,T+15,Economy,8177.0,646,323,538,1076,10760.0,Available,OTA,Valid,
4364,30,DEL-BOM,Akasa,AK788,2026-09-13,2026-09-06,T+7,Economy,10192.0,805,402,670,1341,13410.0,Available,Airline Site,Valid,
4365,30,DEL-BOM,Akasa,AK581,2026-09-13,2026-09-12,T+1,Economy,8413.0,664,332,554,1107,11070.0,Available,OTA,Valid,
4366,30,DEL-BLR,IndiGo,IN843,2026-09-13,2026-07-30,T+45,Economy,2197.0,173,87,144,289,2890.0,Available,Airline Site,Valid,
4367,30,DEL-BLR,IndiGo,IN795,2026-09-13,2026-08-14,T+30,Economy,3170.0,250,125,208,417,4170.0,Available,Airline Site,Valid,
4368,30,DEL-BLR,IndiGo,IN396,2026-09-13,2026-08-29,T+15,Economy,3518.0,278,139,232,463,4630.0,Available,Airline Site,Valid,
4369,30,DEL-BLR,IndiGo,IN846,2026-09-13,2026-09-06,T+7,Economy,4515.0,356,178,297,594,5940.0,Available,OTA,Valid,
4370,30,DEL-BLR,IndiGo,IN923,2026-09-13,2026-09-12,T+1,Economy,4499.0,355,178,296,592,5920.0,Available,OTA,Valid,
4371,30,DEL-BLR,Air India,AI819,2026-09-13,2026-07-30,T+45,Economy,2128.0,168,84,140,280,2800.0,Available,OTA,Valid,
4372,30,DEL-BLR,Air India,AI113,2026-09-13,2026-08-14,T+30,Economy,3040.0,240,120,200,400,4000.0,Available,OTA,Valid,
4373,30,DEL-BLR,Air India,AI116,2026-09-13,2026-08-29,T+15,Economy,3366.0,266,133,222,443,4430.0,Available,OTA,Valid,
4374,30,DEL-BLR,Air India,AI106,2026-09-13,2026-09-06,T+7,Economy,4461.0,352,176,294,587,5870.0,Available,OTA,Valid,
4375,30,DEL-BLR,Air India,AI932,2026-09-13,2026-09-12,T+1,Economy,4271.0,337,169,281,562,5620.0,Available,Airline Site,Valid,
4376,30,DEL-BLR,Akasa,AK108,2026-09-13,2026-07-30,T+45,Economy,2106.0,166,83,138,277,2770.0,Available,Airline Site,Valid,
4377,30,DEL-BLR,Akasa,AK189,2026-09-13,2026-08-14,T+30,Economy,3009.0,238,119,198,396,3960.0,Available,OTA,Valid,
4378,30,DEL-BLR,Akasa,AK658,2026-09-13,2026-08-29,T+15,Economy,3329.0,263,131,219,438,4380.0,Available,Airline Site,Valid,
4379,30,DEL-BLR,Akasa,AK706,2026-09-13,2026-09-06,T+7,Economy,4339.0,343,171,286,571,5710.0,Available,Airline Site,Valid,
4380,30,DEL-BLR,Akasa,AK754,2026-09-13,2026-09-12,T+1,Economy,3891.0,307,154,256,512,5120.0,Sold Out,OTA,Flagged,Sold out at collection time
4381,30,BOM-BLR,IndiGo,IN885,2026-09-13,2026-07-30,T+45,Economy,2166.0,171,86,142,285,2850.0,Available,OTA,Valid,
4382,30,BOM-BLR,IndiGo,IN475,2026-09-13,2026-08-14,T+30,Economy,2957.0,233,117,194,389,3890.0,Available,Airline Site,Valid,
4383,30,BOM-BLR,IndiGo,IN501,2026-09-13,2026-08-29,T+15,Economy,3769.0,298,149,248,496,4960.0,Sold Out,OTA,Flagged,Sold out at collection time
4384,30,BOM-BLR,IndiGo,IN574,2026-09-13,2026-09-06,T+7,Economy,3717.0,293,147,244,489,4890.0,Available,OTA,Valid,
4385,30,BOM-BLR,IndiGo,IN363,2026-09-13,2026-09-12,T+1,Economy,4849.0,383,191,319,638,6380.0,Available,Airline Site,Valid,
4386,30,BOM-BLR,Air India,AI719,2026-09-13,2026-07-30,T+45,Economy,1923.0,152,76,126,253,2530.0,Available,OTA,Valid,
4387,30,BOM-BLR,Air India,AI192,2026-09-13,2026-08-14,T+30,Economy,2675.0,211,106,176,352,3520.0,Available,Airline Site,Valid,
4388,30,BOM-BLR,Air India,AI661,2026-09-13,2026-08-29,T+15,Economy,3261.0,257,129,214,429,4290.0,Available,OTA,Valid,
4389,30,BOM-BLR,Air India,AI390,2026-09-13,2026-09-06,T+7,Economy,3717.0,293,147,244,489,4890.0,Available,OTA,Valid,
4390,30,BOM-BLR,Air India,AI515,2026-09-13,2026-09-12,T+1,Economy,4096.0,323,162,270,539,5390.0,Available,Airline Site,Valid,
4391,30,BOM-BLR,Akasa,AK605,2026-09-13,2026-07-30,T+45,Economy,2097.0,166,83,138,276,2760.0,Available,Airline Site,Valid,
4392,30,BOM-BLR,Akasa,AK112,2026-09-13,2026-08-14,T+30,Economy,2812.0,222,111,185,370,3700.0,Available,OTA,Valid,
4393,30,BOM-BLR,Akasa,AK242,2026-09-13,2026-08-29,T+15,Economy,3336.0,263,132,220,439,4390.0,Available,OTA,Valid,
4394,30,BOM-BLR,Akasa,AK559,2026-09-13,2026-09-06,T+7,Economy,3511.0,277,139,231,462,4620.0,Available,Airline Site,Valid,
4395,30,BOM-BLR,Akasa,AK515,2026-09-13,2026-09-12,T+1,Economy,4720.0,373,186,310,621,6210.0,Sold Out,Airline Site,Flagged,Sold out at collection time
4396,30,DEL-CCU,IndiGo,IN172,2026-09-13,2026-07-30,T+45,Economy,3214.0,254,127,212,423,4230.0,Available,Airline Site,Valid,
4397,30,DEL-CCU,IndiGo,IN335,2026-09-13,2026-08-14,T+30,Economy,4363.0,344,172,287,574,5740.0,Available,Airline Site,Valid,
4398,30,DEL-CCU,IndiGo,IN423,2026-09-13,2026-08-29,T+15,Economy,5533.0,437,218,364,728,7280.0,Available,OTA,Valid,
4399,30,DEL-CCU,IndiGo,IN482,2026-09-13,2026-09-06,T+7,Economy,6187.0,488,244,407,814,8140.0,Available,OTA,Valid,
4400,30,DEL-CCU,IndiGo,IN704,2026-09-13,2026-09-12,T+1,Economy,6149.0,485,243,404,809,8090.0,Available,OTA,Valid,
4401,30,DEL-CCU,Air India,AI370,2026-09-13,2026-07-30,T+45,Economy,2971.0,235,117,196,391,3910.0,Available,OTA,Valid,
4402,30,DEL-CCU,Air India,AI427,2026-09-13,2026-08-14,T+30,Economy,3944.0,311,156,260,519,5190.0,Available,OTA,Valid,
4403,30,DEL-CCU,Air India,AI571,2026-09-13,2026-08-29,T+15,Economy,5123.0,404,202,337,674,6740.0,Available,Airline Site,Valid,
4404,30,DEL-CCU,Air India,AI752,2026-09-13,2026-09-06,T+7,Economy,6133.0,484,242,404,807,8070.0,Available,OTA,Valid,
4405,30,DEL-CCU,Air India,AI407,2026-09-13,2026-09-12,T+1,Economy,6065.0,479,239,399,798,7980.0,Available,OTA,Valid,
4406,30,DEL-CCU,Akasa,AK226,2026-09-13,2026-07-30,T+45,Economy,2987.0,236,118,196,393,3930.0,Available,Airline Site,Valid,
4407,30,DEL-CCU,Akasa,AK606,2026-09-13,2026-08-14,T+30,Economy,4301.0,340,170,283,566,5660.0,Available,OTA,Valid,
4408,30,DEL-CCU,Akasa,AK483,2026-09-13,2026-08-29,T+15,Economy,5137.0,406,203,338,676,6760.0,Available,Airline Site,Valid,
4409,30,DEL-CCU,Akasa,AK863,2026-09-13,2026-09-06,T+7,Economy,6187.0,488,244,407,814,8140.0,Available,OTA,Valid,
4410,30,DEL-CCU,Akasa,AK371,2026-09-13,2026-09-12,T+1,Economy,6369.0,503,251,419,838,8380.0,Available,Airline Site,Valid,
4411,30,DEL-HYD,IndiGo,IN468,2026-09-13,2026-07-30,T+45,Economy,2850.0,225,112,188,375,3750.0,Available,Airline Site,Valid,
4412,30,DEL-HYD,IndiGo,IN247,2026-09-13,2026-08-14,T+30,Economy,3899.0,308,154,256,513,5130.0,Available,OTA,Valid,
4413,30,DEL-HYD,IndiGo,IN315,2026-09-13,2026-08-29,T+15,Economy,4750.0,375,188,312,625,6250.0,Available,OTA,Valid,
4414,30,DEL-HYD,IndiGo,IN989,2026-09-13,2026-09-06,T+7,Economy,5123.0,404,202,337,674,6740.0,Available,Airline Site,Valid,
4415,30,DEL-HYD,IndiGo,IN935,2026-09-13,2026-09-12,T+1,Economy,5776.0,456,228,380,760,7600.0,Available,OTA,Valid,
4416,30,DEL-HYD,Air India,AI364,2026-09-13,2026-07-30,T+45,Economy,3131.0,247,124,206,412,4120.0,Available,OTA,Valid,
4417,30,DEL-HYD,Air India,AI826,2026-09-13,2026-08-14,T+30,Economy,4439.0,350,175,292,584,5840.0,Available,OTA,Valid,
4418,30,DEL-HYD,Air India,AI344,2026-09-13,2026-08-29,T+15,Economy,5282.0,417,208,348,695,6950.0,Available,Airline Site,Valid,
4419,30,DEL-HYD,Air India,AI100,2026-09-13,2026-09-06,T+7,Economy,5859.0,463,231,386,771,7710.0,Available,Airline Site,Valid,
4420,30,DEL-HYD,Air India,AI628,2026-09-13,2026-09-12,T+1,Economy,5981.0,472,236,394,787,7870.0,Available,Airline Site,Valid,
4421,30,DEL-HYD,Akasa,AK719,2026-09-13,2026-07-30,T+45,Economy,3032.0,239,120,200,399,3990.0,Available,Airline Site,Valid,
4422,30,DEL-HYD,Akasa,AK788,2026-09-13,2026-08-14,T+30,Economy,4119.0,325,163,271,542,5420.0,Available,OTA,Valid,
4423,30,DEL-HYD,Akasa,AK375,2026-09-13,2026-08-29,T+15,Economy,5403.0,427,213,356,711,7110.0,Available,Airline Site,Valid,
4424,30,DEL-HYD,Akasa,AK553,2026-09-13,2026-09-06,T+7,Economy,5997.0,473,237,394,789,7890.0,Available,Airline Site,Valid,
4425,30,DEL-HYD,Akasa,AK227,2026-09-13,2026-09-12,T+1,Economy,5798.0,458,229,382,763,7630.0,Sold Out,OTA,Flagged,Sold out at collection time
4426,30,BOM-HYD,IndiGo,IN892,2026-09-13,2026-07-30,T+45,Economy,3291.0,260,130,216,433,4330.0,Available,Airline Site,Valid,
4427,30,BOM-HYD,IndiGo,IN578,2026-09-13,2026-08-14,T+30,Economy,4765.0,376,188,314,627,6270.0,Available,Airline Site,Valid,
4428,30,BOM-HYD,IndiGo,IN843,2026-09-13,2026-08-29,T+15,Economy,6179.0,488,244,406,813,8130.0,Available,Airline Site,Valid,
4429,30,BOM-HYD,IndiGo,IN405,2026-09-13,2026-09-06,T+7,Economy,6947.0,548,274,457,914,9140.0,Available,Airline Site,Valid,
4430,30,BOM-HYD,IndiGo,IN312,2026-09-13,2026-09-12,T+1,Economy,7486.0,591,296,492,985,9850.0,Available,Airline Site,Valid,
4431,30,BOM-HYD,Air India,AI420,2026-09-13,2026-07-30,T+45,Economy,2880.0,227,114,190,379,3790.0,Available,OTA,Valid,
4432,30,BOM-HYD,Air India,AI845,2026-09-13,2026-08-14,T+30,Economy,3709.0,293,146,244,488,4880.0,Available,OTA,Valid,
4433,30,BOM-HYD,Air India,AI154,2026-09-13,2026-08-29,T+15,Economy,5168.0,408,204,340,680,6800.0,Available,OTA,Valid,
4434,30,BOM-HYD,Air India,AI989,2026-09-13,2026-09-06,T+7,Economy,5267.0,416,208,346,693,6930.0,Available,OTA,Valid,
4435,30,BOM-HYD,Air India,AI530,2026-09-13,2026-09-12,T+1,Economy,5890.0,465,232,388,775,7750.0,Available,Airline Site,Valid,
4436,30,BOM-HYD,Akasa,AK962,2026-09-13,2026-07-30,T+45,Economy,3207.0,253,127,211,422,4220.0,Sold Out,OTA,Flagged,Sold out at collection time
4437,30,BOM-HYD,Akasa,AK465,2026-09-13,2026-08-14,T+30,Economy,4256.0,336,168,280,560,5600.0,Available,OTA,Valid,
4438,30,BOM-HYD,Akasa,AK521,2026-09-13,2026-08-29,T+15,Economy,6095.0,481,241,401,802,8020.0,Available,OTA,Valid,
4439,30,BOM-HYD,Akasa,AK709,2026-09-13,2026-09-06,T+7,Economy,6194.0,489,244,408,815,8150.0,Available,Airline Site,Valid,
4440,30,BOM-HYD,Akasa,AK701,2026-09-13,2026-09-12,T+1,Economy,6156.0,486,243,405,810,8100.0,Available,OTA,Valid,
4441,30,BLR-HYD,IndiGo,IN712,2026-09-13,2026-07-30,T+45,Economy,3161.0,250,125,208,416,4160.0,Available,OTA,Valid,
4442,30,BLR-HYD,IndiGo,IN537,2026-09-13,2026-08-14,T+30,Economy,4287.0,338,169,282,564,5640.0,Sold Out,OTA,Flagged,Sold out at collection time
4443,30,BLR-HYD,IndiGo,IN388,2026-09-13,2026-08-29,T+15,Economy,5427.0,428,214,357,714,7140.0,Available,Airline Site,Valid,
4444,30,BLR-HYD,IndiGo,IN993,2026-09-13,2026-09-06,T+7,Economy,5351.0,422,211,352,704,7040.0,Available,Airline Site,Valid,
4445,30,BLR-HYD,IndiGo,IN704,2026-09-13,2026-09-12,T+1,Economy,5798.0,458,229,382,763,7630.0,Available,OTA,Valid,
4446,30,BLR-HYD,Air India,AI699,2026-09-13,2026-07-30,T+45,Economy,2714.0,214,107,178,357,3570.0,Available,Airline Site,Valid,
4447,30,BLR-HYD,Air India,AI437,2026-09-13,2026-08-14,T+30,Economy,3778.0,298,149,248,497,4970.0,Available,OTA,Valid,
4448,30,BLR-HYD,Air India,AI816,2026-09-13,2026-08-29,T+15,Economy,4180.0,330,165,275,550,5500.0,Available,OTA,Valid,
4449,30,BLR-HYD,Air India,AI996,2026-09-13,2026-09-06,T+7,Economy,5038.0,398,199,332,663,6630.0,Available,Airline Site,Valid,
4450,30,BLR-HYD,Air India,AI820,2026-09-13,2026-09-12,T+1,Economy,6004.0,474,237,395,790,7900.0,Available,OTA,Valid,
4451,30,BLR-HYD,Akasa,AK265,2026-09-13,2026-07-30,T+45,Economy,2866.0,226,113,188,377,3770.0,Available,OTA,Valid,
4452,30,BLR-HYD,Akasa,AK165,2026-09-13,2026-08-14,T+30,Economy,3930.0,310,155,258,517,5170.0,Available,Airline Site,Valid,
4453,30,BLR-HYD,Akasa,AK561,2026-09-13,2026-08-29,T+15,Economy,5008.0,395,198,330,659,6590.0,Available,OTA,Valid,
4454,30,BLR-HYD,Akasa,AK968,2026-09-13,2026-09-06,T+7,Economy,4788.0,378,189,315,630,6300.0,Available,OTA,Valid,
4455,30,BLR-HYD,Akasa,AK178,2026-09-13,2026-09-12,T+1,Economy,5646.0,446,223,372,743,7430.0,Available,Airline Site,Valid,
4456,30,DEL-MAA,IndiGo,IN578,2026-09-13,2026-07-30,T+45,Economy,2615.0,206,103,172,344,3440.0,Available,OTA,Valid,
4457,30,DEL-MAA,IndiGo,IN432,2026-09-13,2026-08-14,T+30,Economy,3557.0,281,140,234,468,4680.0,Available,OTA,Valid,
4458,30,DEL-MAA,IndiGo,IN915,2026-09-13,2026-08-29,T+15,Economy,4598.0,363,182,302,605,6050.0,Available,Airline Site,Valid,
4459,30,DEL-MAA,IndiGo,IN978,2026-09-13,2026-09-06,T+7,Economy,5602.0,442,221,368,737,7370.0,Available,Airline Site,Valid,
4460,30,DEL-MAA,IndiGo,IN151,2026-09-13,2026-09-12,T+1,Economy,5031.0,397,199,331,662,6620.0,Available,Airline Site,Valid,
4461,30,DEL-MAA,Air India,AI510,2026-09-13,2026-07-30,T+45,Economy,2728.0,215,108,180,359,3590.0,Available,Airline Site,Valid,
4462,30,DEL-MAA,Air India,AI426,2026-09-13,2026-08-14,T+30,Economy,3709.0,293,146,244,488,4880.0,Available,OTA,Valid,
4463,30,DEL-MAA,Air India,AI781,2026-09-13,2026-08-29,T+15,Economy,5130.0,405,202,338,675,6750.0,Available,OTA,Valid,
4464,30,DEL-MAA,Air India,AI467,2026-09-13,2026-09-06,T+7,Economy,5153.0,407,203,339,678,6780.0,Available,OTA,Valid,
4465,30,DEL-MAA,Air India,AI360,2026-09-13,2026-09-12,T+1,Economy,5275.0,416,208,347,694,6940.0,Available,OTA,Valid,
4466,30,DEL-MAA,Akasa,AK445,2026-09-13,2026-07-30,T+45,Economy,2501.0,197,99,164,329,3290.0,Available,OTA,Valid,
4467,30,DEL-MAA,Akasa,AK398,2026-09-13,2026-08-14,T+30,Economy,3572.0,282,141,235,470,4700.0,Available,OTA,Valid,
4468,30,DEL-MAA,Akasa,AK361,2026-09-13,2026-08-29,T+15,Economy,3853.0,304,152,254,507,5070.0,Available,Airline Site,Valid,
4469,30,DEL-MAA,Akasa,AK409,2026-09-13,2026-09-06,T+7,Economy,4301.0,340,170,283,566,5660.0,Available,OTA,Valid,
4470,30,DEL-MAA,Akasa,AK920,2026-09-13,2026-09-12,T+1,Economy,5419.0,428,214,356,713,7130.0,Available,Airline Site,Valid,
4471,30,BOM-MAA,IndiGo,IN624,2026-09-13,2026-07-30,T+45,Economy,3891.0,307,154,256,512,5120.0,Available,OTA,Valid,
4472,30,BOM-MAA,IndiGo,IN847,2026-09-13,2026-08-14,T+30,Economy,5609.0,443,221,369,738,7380.0,Available,Airline Site,Valid,
4473,30,BOM-MAA,IndiGo,IN146,2026-09-13,2026-08-29,T+15,Economy,7205.0,569,284,474,948,9480.0,Available,OTA,Valid,
4474,30,BOM-MAA,IndiGo,IN317,2026-09-13,2026-09-06,T+7,Economy,7774.0,614,307,512,1023,10230.0,Available,OTA,Valid,
4475,30,BOM-MAA,IndiGo,IN810,2026-09-13,2026-09-12,T+1,Economy,6885.0,544,272,453,906,9060.0,Available,Airline Site,Valid,
4476,30,BOM-MAA,Air India,AI723,2026-09-13,2026-07-30,T+45,Economy,3944.0,311,156,260,519,5190.0,Available,OTA,Valid,
4477,30,BOM-MAA,Air India,AI784,2026-09-13,2026-08-14,T+30,Economy,5487.0,433,217,361,722,7220.0,Available,OTA,Valid,
4478,30,BOM-MAA,Air India,AI587,2026-09-13,2026-08-29,T+15,Economy,7144.0,564,282,470,940,9400.0,Available,OTA,Valid,
4479,30,BOM-MAA,Air India,AI256,2026-09-13,2026-09-06,T+7,Economy,6855.0,541,271,451,902,9020.0,Available,Airline Site,Valid,
4480,30,BOM-MAA,Air India,AI376,2026-09-13,2026-09-12,T+1,Economy,7517.0,593,297,494,989,9890.0,Available,OTA,Valid,
4481,30,BOM-MAA,Akasa,AK871,2026-09-13,2026-07-30,T+45,Economy,3769.0,298,149,248,496,4960.0,Available,OTA,Valid,
4482,30,BOM-MAA,Akasa,AK114,2026-09-13,2026-08-14,T+30,Economy,5054.0,399,200,332,665,6650.0,Available,OTA,Valid,
4483,30,BOM-MAA,Akasa,AK686,2026-09-13,2026-08-29,T+15,Economy,6885.0,544,272,453,906,9060.0,Available,Airline Site,Valid,
4484,30,BOM-MAA,Akasa,AK743,2026-09-13,2026-09-06,T+7,Economy,7912.0,625,312,520,1041,10410.0,Available,Airline Site,Valid,
4485,30,BOM-MAA,Akasa,AK101,2026-09-13,2026-09-12,T+1,Economy,7311.0,577,289,481,962,9620.0,Available,OTA,Valid,
4486,30,CCU-BLR,IndiGo,IN338,2026-09-13,2026-07-30,T+45,Economy,2523.0,199,100,166,332,3320.0,Available,OTA,Valid,
4487,30,CCU-BLR,IndiGo,IN881,2026-09-13,2026-08-14,T+30,Economy,3701.0,292,146,244,487,4870.0,Available,OTA,Valid,
4488,30,CCU-BLR,IndiGo,IN579,2026-09-13,2026-08-29,T+15,Economy,4605.0,364,182,303,606,6060.0,Available,OTA,Valid,
4489,30,CCU-BLR,IndiGo,IN677,2026-09-13,2026-09-06,T+7,Economy,4439.0,350,175,292,584,5840.0,Available,OTA,Valid,
4490,30,CCU-BLR,IndiGo,IN571,2026-09-13,2026-09-12,T+1,Economy,5229.0,413,206,344,688,6880.0,Available,OTA,Valid,
4491,30,CCU-BLR,Air India,AI625,2026-09-13,2026-07-30,T+45,Economy,2714.0,214,107,178,357,3570.0,Available,OTA,Valid,
4492,30,CCU-BLR,Air India,AI838,2026-09-13,2026-08-14,T+30,Economy,3974.0,314,157,262,523,5230.0,Available,Airline Site,Valid,
4493,30,CCU-BLR,Air India,AI232,2026-09-13,2026-08-29,T+15,Economy,4734.0,374,187,312,623,6230.0,Available,OTA,Valid,
4494,30,CCU-BLR,Air India,AI505,2026-09-13,2026-09-06,T+7,Economy,5517.0,436,218,363,726,7260.0,Available,OTA,Valid,
4495,30,CCU-BLR,Air India,AI350,2026-09-13,2026-09-12,T+1,Economy,5008.0,395,198,330,659,6590.0,Available,Airline Site,Valid,
4496,30,CCU-BLR,Akasa,AK758,2026-09-13,2026-07-30,T+45,Economy,2288.0,181,90,150,301,3010.0,Available,OTA,Valid,
4497,30,CCU-BLR,Akasa,AK269,2026-09-13,2026-08-14,T+30,Economy,3313.0,262,131,218,436,4360.0,Available,OTA,Valid,
4498,30,CCU-BLR,Akasa,AK201,2026-09-13,2026-08-29,T+15,Economy,3845.0,304,152,253,506,5060.0,Available,OTA,Valid,
4499,30,CCU-BLR,Akasa,AK512,2026-09-13,2026-09-06,T+7,Economy,4013.0,317,158,264,528,5280.0,Available,Airline Site,Valid,
4500,30,CCU-BLR,Akasa,AK797,2026-09-13,2026-09-12,T+1,Economy,4994.0,394,197,328,657,6570.0,Available,Airline Site,Valid,
4501,31,DEL-BOM,IndiGo,IN579,2026-09-14,2026-07-31,T+45,Economy,4636.0,366,183,305,610,6100.0,Available,Airline Site,Valid,
4502,31,DEL-BOM,IndiGo,IN490,2026-09-14,2026-08-15,T+30,Economy,5875.0,464,232,386,773,7730.0,Available,OTA,Valid,
4503,31,DEL-BOM,IndiGo,IN661,2026-09-14,2026-08-30,T+15,Economy,7813.0,617,308,514,1028,10280.0,Available,Airline Site,Valid,
4504,31,DEL-BOM,IndiGo,IN341,2026-09-14,2026-09-07,T+7,Economy,9683.0,764,382,637,1274,12740.0,Available,Airline Site,Valid,
4505,31,DEL-BOM,IndiGo,IN561,2026-09-14,2026-09-13,T+1,Economy,8603.0,679,340,566,1132,11320.0,Available,Airline Site,Valid,
4506,31,DEL-BOM,Air India,AI795,2026-09-14,2026-07-31,T+45,Economy,4879.0,385,193,321,642,6420.0,Available,Airline Site,Valid,
4507,31,DEL-BOM,Air India,AI881,2026-09-14,2026-08-15,T+30,Economy,6429.0,508,254,423,846,8460.0,Available,OTA,Valid,
4508,31,DEL-BOM,Air India,AI831,2026-09-14,2026-08-30,T+15,Economy,9173.0,724,362,604,1207,12070.0,Available,OTA,Valid,
4509,31,DEL-BOM,Air India,AI387,2026-09-14,2026-09-07,T+7,Economy,8626.0,681,340,568,1135,11350.0,Available,OTA,Valid,
4510,31,DEL-BOM,Air India,AI172,2026-09-14,2026-09-13,T+1,Economy,10374.0,819,410,682,1365,13650.0,Available,OTA,Valid,
4511,31,DEL-BOM,Akasa,AK637,2026-09-14,2026-07-31,T+45,Economy,4386.0,346,173,288,577,5770.0,Available,Airline Site,Valid,
4512,31,DEL-BOM,Akasa,AK573,2026-09-14,2026-08-15,T+30,Economy,6376.0,503,252,420,839,8390.0,Available,OTA,Valid,
4513,31,DEL-BOM,Akasa,AK716,2026-09-14,2026-08-30,T+15,Economy,7631.0,602,301,502,1004,10040.0,Available,OTA,Valid,
4514,31,DEL-BOM,Akasa,AK880,2026-09-14,2026-09-07,T+7,Economy,8413.0,664,332,554,1107,11070.0,Available,OTA,Valid,
4515,31,DEL-BOM,Akasa,AK315,2026-09-14,2026-09-13,T+1,Economy,8481.0,670,335,558,1116,11160.0,Available,OTA,Valid,
4516,31,DEL-BLR,IndiGo,IN801,2026-09-14,2026-07-31,T+45,Economy,2394.0,189,94,158,315,3150.0,Available,Airline Site,Valid,
4517,31,DEL-BLR,IndiGo,IN797,2026-09-14,2026-08-15,T+30,Economy,3025.0,239,119,199,398,3980.0,Available,Airline Site,Valid,
4518,31,DEL-BLR,IndiGo,IN717,2026-09-14,2026-08-30,T+15,Economy,4370.0,345,172,288,575,5750.0,Sold Out,OTA,Flagged,Sold out at collection time
4519,31,DEL-BLR,IndiGo,IN926,2026-09-14,2026-09-07,T+7,Economy,4643.0,367,183,306,611,6110.0,Available,Airline Site,Valid,
4520,31,DEL-BLR,IndiGo,IN652,2026-09-14,2026-09-13,T+1,Economy,5251.0,415,207,346,691,6910.0,Available,OTA,Valid,
4521,31,DEL-BLR,Air India,AI885,2026-09-14,2026-07-31,T+45,Economy,2417.0,191,95,159,318,3180.0,Available,Airline Site,Valid,
4522,31,DEL-BLR,Air India,AI511,2026-09-14,2026-08-15,T+30,Economy,3405.0,269,134,224,448,4480.0,Available,Airline Site,Valid,
4523,31,DEL-BLR,Air India,AI700,2026-09-14,2026-08-30,T+15,Economy,4393.0,347,173,289,578,5780.0,Available,OTA,Valid,
4524,31,DEL-BLR,Air India,AI247,2026-09-14,2026-09-07,T+7,Economy,4994.0,394,197,328,657,6570.0,Available,Airline Site,Valid,
4525,31,DEL-BLR,Air India,AI623,2026-09-14,2026-09-13,T+1,Economy,4795.0,379,189,316,631,6310.0,Available,OTA,Valid,
4526,31,DEL-BLR,Akasa,AK147,2026-09-14,2026-07-31,T+45,Economy,2387.0,188,94,157,314,3140.0,Available,OTA,Valid,
4527,31,DEL-BLR,Akasa,AK571,2026-09-14,2026-08-15,T+30,Economy,3048.0,241,120,200,401,4010.0,Available,OTA,Valid,
4528,31,DEL-BLR,Akasa,AK985,2026-09-14,2026-08-30,T+15,Economy,4430.0,350,175,292,583,5830.0,Available,Airline Site,Valid,
4529,31,DEL-BLR,Akasa,AK113,2026-09-14,2026-09-07,T+7,Economy,4400.0,347,174,290,579,5790.0,Available,OTA,Valid,
4530,31,DEL-BLR,Akasa,AK274,2026-09-14,2026-09-13,T+1,Economy,4430.0,350,175,292,583,5830.0,Available,Airline Site,Valid,
4531,31,BOM-BLR,IndiGo,IN886,2026-09-14,2026-07-31,T+45,Economy,2045.0,161,81,134,269,2690.0,Available,Airline Site,Valid,
4532,31,BOM-BLR,IndiGo,IN637,2026-09-14,2026-08-15,T+30,Economy,2705.0,214,107,178,356,3560.0,Available,Airline Site,Valid,
4533,31,BOM-BLR,IndiGo,IN386,2026-09-14,2026-08-30,T+15,Economy,3496.0,276,138,230,460,4600.0,Available,OTA,Valid,
4534,31,BOM-BLR,IndiGo,IN314,2026-09-14,2026-09-07,T+7,Economy,3709.0,293,146,244,488,4880.0,Available,Airline Site,Valid,
4535,31,BOM-BLR,IndiGo,IN594,2026-09-14,2026-09-13,T+1,Economy,3876.0,306,153,255,510,5100.0,Available,Airline Site,Valid,
4536,31,BOM-BLR,Air India,AI912,2026-09-14,2026-07-31,T+45,Economy,2265.0,179,89,149,298,2980.0,Available,Airline Site,Valid,
4537,31,BOM-BLR,Air India,AI554,2026-09-14,2026-08-15,T+30,Economy,2866.0,226,113,188,377,3770.0,Available,OTA,Valid,
4538,31,BOM-BLR,Air India,AI716,2026-09-14,2026-08-30,T+15,Economy,4035.0,319,159,266,531,5310.0,Available,Airline Site,Valid,
4539,31,BOM-BLR,Air India,AI993,2026-09-14,2026-09-07,T+7,Economy,4211.0,332,166,277,554,5540.0,Available,OTA,Valid,
4540,31,BOM-BLR,Air India,AI245,2026-09-14,2026-09-13,T+1,Economy,4598.0,363,182,302,605,6050.0,Available,OTA,Valid,
4541,31,BOM-BLR,Akasa,AK624,2026-09-14,2026-07-31,T+45,Economy,2204.0,174,87,145,290,2900.0,Available,OTA,Valid,
4542,31,BOM-BLR,Akasa,AK400,2026-09-14,2026-08-15,T+30,Economy,3192.0,252,126,210,420,4200.0,Sold Out,Airline Site,Flagged,Sold out at collection time
4543,31,BOM-BLR,Akasa,AK976,2026-09-14,2026-08-30,T+15,Economy,3990.0,315,158,262,525,5250.0,Available,OTA,Valid,
4544,31,BOM-BLR,Akasa,AK323,2026-09-14,2026-09-07,T+7,Economy,4370.0,345,172,288,575,5750.0,Available,OTA,Valid,
4545,31,BOM-BLR,Akasa,AK618,2026-09-14,2026-09-13,T+1,Economy,4545.0,359,179,299,598,5980.0,Available,Airline Site,Valid,
4546,31,DEL-CCU,IndiGo,IN264,2026-09-14,2026-07-31,T+45,Economy,3253.0,257,128,214,428,4280.0,Available,Airline Site,Valid,
4547,31,DEL-CCU,IndiGo,IN621,2026-09-14,2026-08-15,T+30,Economy,4355.0,344,172,286,573,5730.0,Available,Airline Site,Valid,
4548,31,DEL-CCU,IndiGo,IN949,2026-09-14,2026-08-30,T+15,Economy,5563.0,439,220,366,732,7320.0,Available,OTA,Valid,
4549,31,DEL-CCU,IndiGo,IN757,2026-09-14,2026-09-07,T+7,Economy,6696.0,529,264,440,881,8810.0,Available,Airline Site,Valid,
4550,31,DEL-CCU,IndiGo,IN484,2026-09-14,2026-09-13,T+1,Economy,6011.0,475,237,396,791,7910.0,Available,OTA,Valid,
4551,31,DEL-CCU,Air India,AI650,2026-09-14,2026-07-31,T+45,Economy,2744.0,217,108,180,361,3610.0,Available,OTA,Valid,
4552,31,DEL-CCU,Air India,AI577,2026-09-14,2026-08-15,T+30,Economy,3679.0,290,145,242,484,4840.0,Available,OTA,Valid,
4553,31,DEL-CCU,Air India,AI582,2026-09-14,2026-08-30,T+15,Economy,4377.0,346,173,288,576,5760.0,Available,OTA,Valid,
4554,31,DEL-CCU,Air India,AI860,2026-09-14,2026-09-07,T+7,Economy,4629.0,365,183,304,609,6090.0,Available,OTA,Valid,
4555,31,DEL-CCU,Air India,AI742,2026-09-14,2026-09-13,T+1,Economy,5593.0,442,221,368,736,7360.0,Available,Airline Site,Valid,
4556,31,DEL-CCU,Akasa,AK265,2026-09-14,2026-07-31,T+45,Economy,2880.0,227,114,190,379,3790.0,Available,Airline Site,Valid,
4557,31,DEL-CCU,Akasa,AK678,2026-09-14,2026-08-15,T+30,Economy,3838.0,303,152,252,505,5050.0,Available,OTA,Valid,
4558,31,DEL-CCU,Akasa,AK906,2026-09-14,2026-08-30,T+15,Economy,5199.0,410,205,342,684,6840.0,Available,OTA,Valid,
4559,31,DEL-CCU,Akasa,AK159,2026-09-14,2026-09-07,T+7,Economy,5662.0,447,224,372,745,7450.0,Available,OTA,Valid,
4560,31,DEL-CCU,Akasa,AK598,2026-09-14,2026-09-13,T+1,Economy,6240.0,493,246,410,821,8210.0,Available,OTA,Valid,
4561,31,DEL-HYD,IndiGo,IN228,2026-09-14,2026-07-31,T+45,Economy,3518.0,278,139,232,463,4630.0,Available,OTA,Valid,
4562,31,DEL-HYD,IndiGo,IN306,2026-09-14,2026-08-15,T+30,Economy,4925.0,389,194,324,648,6480.0,Available,Airline Site,Valid,
4563,31,DEL-HYD,IndiGo,IN973,2026-09-14,2026-08-30,T+15,Economy,6232.0,492,246,410,820,8200.0,Available,Airline Site,Valid,
4564,31,DEL-HYD,IndiGo,IN493,2026-09-14,2026-09-07,T+7,Economy,6719.0,530,265,442,884,8840.0,Available,Airline Site,Valid,
4565,31,DEL-HYD,IndiGo,IN525,2026-09-14,2026-09-13,T+1,Economy,6528.0,515,258,430,859,8590.0,Available,OTA,Valid,
4566,31,DEL-HYD,Air India,AI523,2026-09-14,2026-07-31,T+45,Economy,3018.0,238,119,198,397,3970.0,Available,Airline Site,Valid,
4567,31,DEL-HYD,Air India,AI864,2026-09-14,2026-08-15,T+30,Economy,3822.0,302,151,252,503,5030.0,Available,Airline Site,Valid,
4568,31,DEL-HYD,Air India,AI132,2026-09-14,2026-08-30,T+15,Economy,4849.0,383,191,319,638,6380.0,Available,Airline Site,Valid,
4569,31,DEL-HYD,Air India,AI325,2026-09-14,2026-09-07,T+7,Economy,5130.0,405,202,338,675,6750.0,Available,Airline Site,Valid,
4570,31,DEL-HYD,Air India,AI842,2026-09-14,2026-09-13,T+1,Economy,5480.0,433,216,360,721,7210.0,Available,OTA,Valid,
4571,31,DEL-HYD,Akasa,AK732,2026-09-14,2026-07-31,T+45,Economy,3192.0,252,126,210,420,4200.0,Available,Airline Site,Valid,
4572,31,DEL-HYD,Akasa,AK173,2026-09-14,2026-08-15,T+30,Economy,4287.0,338,169,282,564,5640.0,Available,OTA,Valid,
4573,31,DEL-HYD,Akasa,AK380,2026-09-14,2026-08-30,T+15,Economy,5160.0,407,204,340,679,6790.0,Available,Airline Site,Valid,
4574,31,DEL-HYD,Akasa,AK458,2026-09-14,2026-09-07,T+7,Economy,5731.0,452,226,377,754,7540.0,Available,OTA,Valid,
4575,31,DEL-HYD,Akasa,AK544,2026-09-14,2026-09-13,T+1,Economy,7197.0,568,284,474,947,9470.0,Available,Airline Site,Valid,
4576,31,BOM-HYD,IndiGo,IN352,2026-09-14,2026-07-31,T+45,Economy,3018.0,238,119,198,397,3970.0,Available,Airline Site,Valid,
4577,31,BOM-HYD,IndiGo,IN698,2026-09-14,2026-08-15,T+30,Economy,3891.0,307,154,256,512,5120.0,Available,OTA,Valid,
4578,31,BOM-HYD,IndiGo,IN727,2026-09-14,2026-08-30,T+15,Economy,5389.0,425,213,354,709,7090.0,Available,OTA,Valid,
4579,31,BOM-HYD,IndiGo,IN287,2026-09-14,2026-09-07,T+7,Economy,5655.0,446,223,372,744,7440.0,Available,OTA,Valid,
4580,31,BOM-HYD,IndiGo,IN931,2026-09-14,2026-09-13,T+1,Economy,6042.0,477,238,398,795,7950.0,Available,Airline Site,Valid,
4581,31,BOM-HYD,Air India,AI933,2026-09-14,2026-07-31,T+45,Economy,2873.0,227,113,189,378,3780.0,Available,Airline Site,Valid,
4582,31,BOM-HYD,Air India,AI442,2026-09-14,2026-08-15,T+30,Economy,4051.0,320,160,266,533,5330.0,Available,Airline Site,Valid,
4583,31,BOM-HYD,Air India,AI377,2026-09-14,2026-08-30,T+15,Economy,5146.0,406,203,338,677,6770.0,Available,OTA,Valid,
4584,31,BOM-HYD,Air India,AI244,2026-09-14,2026-09-07,T+7,Economy,5677.0,448,224,374,747,7470.0,Available,Airline Site,Valid,
4585,31,BOM-HYD,Air India,AI873,2026-09-14,2026-09-13,T+1,Economy,5693.0,449,225,374,749,7490.0,Available,Airline Site,Valid,
4586,31,BOM-HYD,Akasa,AK848,2026-09-14,2026-07-31,T+45,Economy,2781.0,220,110,183,366,3660.0,Available,Airline Site,Valid,
4587,31,BOM-HYD,Akasa,AK694,2026-09-14,2026-08-15,T+30,Economy,3739.0,295,148,246,492,4920.0,Available,Airline Site,Valid,
4588,31,BOM-HYD,Akasa,AK813,2026-09-14,2026-08-30,T+15,Economy,4545.0,359,179,299,598,5980.0,Available,OTA,Valid,
4589,31,BOM-HYD,Akasa,AK943,2026-09-14,2026-09-07,T+7,Economy,5335.0,421,211,351,702,7020.0,Available,Airline Site,Valid,
4590,31,BOM-HYD,Akasa,AK396,2026-09-14,2026-09-13,T+1,Economy,5267.0,416,208,346,693,6930.0,Sold Out,OTA,Flagged,Sold out at collection time
4591,31,BLR-HYD,IndiGo,IN626,2026-09-14,2026-07-31,T+45,Economy,2857.0,226,113,188,376,3760.0,Available,OTA,Valid,
4592,31,BLR-HYD,IndiGo,IN840,2026-09-14,2026-08-15,T+30,Economy,3769.0,298,149,248,496,4960.0,Available,OTA,Valid,
4593,31,BLR-HYD,IndiGo,IN311,2026-09-14,2026-08-30,T+15,Economy,5183.0,409,205,341,682,6820.0,Available,OTA,Valid,
4594,31,BLR-HYD,IndiGo,IN334,2026-09-14,2026-09-07,T+7,Economy,4788.0,378,189,315,630,6300.0,Available,OTA,Valid,
4595,31,BLR-HYD,IndiGo,IN919,2026-09-14,2026-09-13,T+1,Economy,5221.0,412,206,344,687,6870.0,Sold Out,Airline Site,Flagged,Sold out at collection time
4596,31,BLR-HYD,Air India,AI515,2026-09-14,2026-07-31,T+45,Economy,2949.0,233,116,194,388,3880.0,Available,OTA,Valid,
4597,31,BLR-HYD,Air India,AI879,2026-09-14,2026-08-15,T+30,Economy,3831.0,302,151,252,504,5040.0,Available,Airline Site,Valid,
4598,31,BLR-HYD,Air India,AI957,2026-09-14,2026-08-30,T+15,Economy,4902.0,387,194,322,645,6450.0,Sold Out,OTA,Flagged,Sold out at collection time
4599,31,BLR-HYD,Air India,AI350,2026-09-14,2026-09-07,T+7,Economy,5981.0,472,236,394,787,7870.0,Available,Airline Site,Valid,
4600,31,BLR-HYD,Air India,AI823,2026-09-14,2026-09-13,T+1,Economy,5669.0,448,224,373,746,7460.0,Available,Airline Site,Valid,
4601,31,BLR-HYD,Akasa,AK289,2026-09-14,2026-07-31,T+45,Economy,2797.0,221,110,184,368,3680.0,Available,OTA,Valid,
4602,31,BLR-HYD,Akasa,AK807,2026-09-14,2026-08-15,T+30,Economy,4135.0,326,163,272,544,5440.0,Available,Airline Site,Valid,
4603,31,BLR-HYD,Akasa,AK241,2026-09-14,2026-08-30,T+15,Economy,5130.0,405,202,338,675,6750.0,Available,Airline Site,Valid,
4604,31,BLR-HYD,Akasa,AK127,2026-09-14,2026-09-07,T+7,Economy,4971.0,392,196,327,654,6540.0,Available,OTA,Valid,
4605,31,BLR-HYD,Akasa,AK362,2026-09-14,2026-09-13,T+1,Economy,5069.0,400,200,334,667,6670.0,Available,Airline Site,Valid,
4606,31,DEL-MAA,IndiGo,IN310,2026-09-14,2026-07-31,T+45,Economy,3085.0,244,122,203,406,4060.0,Available,Airline Site,Valid,
4607,31,DEL-MAA,IndiGo,IN384,2026-09-14,2026-08-15,T+30,Economy,3960.0,313,156,260,521,5210.0,Sold Out,OTA,Flagged,Sold out at collection time
4608,31,DEL-MAA,IndiGo,IN233,2026-09-14,2026-08-30,T+15,Economy,4994.0,394,197,328,657,6570.0,Available,Airline Site,Valid,
4609,31,DEL-MAA,IndiGo,IN770,2026-09-14,2026-09-07,T+7,Economy,5069.0,400,200,334,667,6670.0,Sold Out,Airline Site,Flagged,Sold out at collection time
4610,31,DEL-MAA,IndiGo,IN312,2026-09-14,2026-09-13,T+1,Economy,6467.0,511,255,426,851,8510.0,Available,OTA,Valid,
4611,31,DEL-MAA,Air India,AI757,2026-09-14,2026-07-31,T+45,Economy,2546.0,201,100,168,335,3350.0,Available,Airline Site,Valid,
4612,31,DEL-MAA,Air India,AI219,2026-09-14,2026-08-15,T+30,Economy,3603.0,284,142,237,474,4740.0,Available,Airline Site,Valid,
4613,31,DEL-MAA,Air India,AI443,2026-09-14,2026-08-30,T+15,Economy,4211.0,332,166,277,554,5540.0,Available,OTA,Valid,
4614,31,DEL-MAA,Air India,AI321,2026-09-14,2026-09-07,T+7,Economy,5038.0,398,199,332,663,6630.0,Available,OTA,Valid,
4615,31,DEL-MAA,Air India,AI724,2026-09-14,2026-09-13,T+1,Economy,5092.0,402,201,335,670,6700.0,Available,Airline Site,Valid,
4616,31,DEL-MAA,Akasa,AK297,2026-09-14,2026-07-31,T+45,Economy,2562.0,202,101,168,337,3370.0,Available,Airline Site,Valid,
4617,31,DEL-MAA,Akasa,AK465,2026-09-14,2026-08-15,T+30,Economy,3595.0,284,142,236,473,4730.0,Available,OTA,Valid,
4618,31,DEL-MAA,Akasa,AK987,2026-09-14,2026-08-30,T+15,Economy,4491.0,355,177,296,591,5910.0,Available,OTA,Valid,
4619,31,DEL-MAA,Akasa,AK740,2026-09-14,2026-09-07,T+7,Economy,5047.0,398,199,332,664,6640.0,Available,OTA,Valid,
4620,31,DEL-MAA,Akasa,AK954,2026-09-14,2026-09-13,T+1,Economy,5586.0,441,220,368,735,7350.0,Available,OTA,Valid,
4621,31,BOM-MAA,IndiGo,IN933,2026-09-14,2026-07-31,T+45,Economy,4370.0,345,172,288,575,5750.0,Available,Airline Site,Valid,
4622,31,BOM-MAA,IndiGo,IN499,2026-09-14,2026-08-15,T+30,Economy,5852.0,462,231,385,770,7700.0,Available,OTA,Valid,
4623,31,BOM-MAA,IndiGo,IN623,2026-09-14,2026-08-30,T+15,Economy,8071.0,637,319,531,1062,10620.0,Available,OTA,Valid,
4624,31,BOM-MAA,IndiGo,IN584,2026-09-14,2026-09-07,T+7,Economy,7942.0,627,314,522,1045,10450.0,Available,OTA,Valid,
4625,31,BOM-MAA,IndiGo,IN695,2026-09-14,2026-09-13,T+1,Economy,8253.0,652,326,543,1086,10860.0,Available,Airline Site,Valid,
4626,31,BOM-MAA,Air India,AI377,2026-09-14,2026-07-31,T+45,Economy,3952.0,312,156,260,520,5200.0,Available,OTA,Valid,
4627,31,BOM-MAA,Air India,AI338,2026-09-14,2026-08-15,T+30,Economy,5085.0,401,201,334,669,6690.0,Available,OTA,Valid,
4628,31,BOM-MAA,Air India,AI884,2026-09-14,2026-08-30,T+15,Economy,6095.0,481,241,401,802,8020.0,Available,OTA,Valid,
4629,31,BOM-MAA,Air India,AI307,2026-09-14,2026-09-07,T+7,Economy,7486.0,591,296,492,985,9850.0,Available,OTA,Valid,
4630,31,BOM-MAA,Air India,AI404,2026-09-14,2026-09-13,T+1,Economy,7813.0,617,308,514,1028,10280.0,Available,OTA,Valid,
4631,31,BOM-MAA,Akasa,AK814,2026-09-14,2026-07-31,T+45,Economy,3755.0,296,148,247,494,4940.0,Available,Airline Site,Valid,
4632,31,BOM-MAA,Akasa,AK329,2026-09-14,2026-08-15,T+30,Economy,5130.0,405,202,338,675,6750.0,Available,Airline Site,Valid,
4633,31,BOM-MAA,Akasa,AK661,2026-09-14,2026-08-30,T+15,Economy,6703.0,529,265,441,882,8820.0,Available,OTA,Valid,
4634,31,BOM-MAA,Akasa,AK522,2026-09-14,2026-09-07,T+7,Economy,6574.0,519,260,432,865,8650.0,Available,OTA,Valid,
4635,31,BOM-MAA,Akasa,AK679,2026-09-14,2026-09-13,T+1,Economy,7699.0,608,304,506,1013,10130.0,Available,Airline Site,Valid,
4636,31,CCU-BLR,IndiGo,IN179,2026-09-14,2026-07-31,T+45,Economy,2698.0,213,106,178,355,3550.0,Available,OTA,Valid,
4637,31,CCU-BLR,IndiGo,IN612,2026-09-14,2026-08-15,T+30,Economy,3785.0,299,149,249,498,4980.0,Available,OTA,Valid,
4638,31,CCU-BLR,IndiGo,IN301,2026-09-14,2026-08-30,T+15,Economy,4872.0,385,192,320,641,6410.0,Available,Airline Site,Valid,
4639,31,CCU-BLR,IndiGo,IN925,2026-09-14,2026-09-07,T+7,Economy,4355.0,344,172,286,573,5730.0,Available,Airline Site,Valid,
4640,31,CCU-BLR,IndiGo,IN270,2026-09-14,2026-09-13,T+1,Economy,5213.0,412,206,343,686,6860.0,Available,Airline Site,Valid,
4641,31,CCU-BLR,Air India,AI934,2026-09-14,2026-07-31,T+45,Economy,2767.0,218,109,182,364,3640.0,Available,Airline Site,Valid,
4642,31,CCU-BLR,Air India,AI849,2026-09-14,2026-08-15,T+30,Economy,3656.0,289,144,240,481,4810.0,Available,Airline Site,Valid,
4643,31,CCU-BLR,Air India,AI392,2026-09-14,2026-08-30,T+15,Economy,4446.0,351,176,292,585,5850.0,Available,Airline Site,Valid,
4644,31,CCU-BLR,Air India,AI891,2026-09-14,2026-09-07,T+7,Economy,5229.0,413,206,344,688,6880.0,Available,Airline Site,Valid,
4645,31,CCU-BLR,Air India,AI247,2026-09-14,2026-09-13,T+1,Economy,5267.0,416,208,346,693,6930.0,Available,Airline Site,Valid,
4646,31,CCU-BLR,Akasa,AK515,2026-09-14,2026-07-31,T+45,Economy,2454.0,194,97,162,323,3230.0,Available,Airline Site,Valid,
4647,31,CCU-BLR,Akasa,AK866,2026-09-14,2026-08-15,T+30,Economy,3375.0,266,133,222,444,4440.0,Available,OTA,Valid,
4648,31,CCU-BLR,Akasa,AK686,2026-09-14,2026-08-30,T+15,Economy,3778.0,298,149,248,497,4970.0,Available,Airline Site,Valid,
4649,31,CCU-BLR,Akasa,AK757,2026-09-14,2026-09-07,T+7,Economy,5061.0,400,200,333,666,6660.0,Available,OTA,Valid,
4650,31,CCU-BLR,Akasa,AK190,2026-09-14,2026-09-13,T+1,Economy,5298.0,418,209,348,697,6970.0,Available,OTA,Valid,
4651,32,DEL-BOM,IndiGo,IN323,2026-09-15,2026-08-01,T+45,Economy,4135.0,326,163,272,544,5440.0,Available,Airline Site,Valid,
4652,32,DEL-BOM,IndiGo,IN210,2026-09-15,2026-08-16,T+30,Economy,5389.0,425,213,354,709,7090.0,Available,Airline Site,Valid,
4653,32,DEL-BOM,IndiGo,IN352,2026-09-15,2026-08-31,T+15,Economy,6581.0,520,260,433,866,8660.0,Available,OTA,Valid,
4654,32,DEL-BOM,IndiGo,IN872,2026-09-15,2026-09-08,T+7,Economy,7949.0,628,314,523,1046,10460.0,Available,Airline Site,Valid,
4655,32,DEL-BOM,IndiGo,IN320,2026-09-15,2026-09-14,T+1,Economy,8034.0,634,317,528,1057,10570.0,Available,OTA,Valid,
4656,32,DEL-BOM,Air India,AI802,2026-09-15,2026-08-01,T+45,Economy,4757.0,376,188,313,626,6260.0,Available,Airline Site,Valid,
4657,32,DEL-BOM,Air India,AI658,2026-09-15,2026-08-16,T+30,Economy,6483.0,512,256,426,853,8530.0,Available,OTA,Valid,
4658,32,DEL-BOM,Air India,AI172,2026-09-15,2026-08-31,T+15,Economy,7372.0,582,291,485,970,9700.0,Available,OTA,Valid,
4659,32,DEL-BOM,Air India,AI357,2026-09-15,2026-09-08,T+7,Economy,9082.0,717,358,598,1195,11950.0,Available,Airline Site,Valid,
4660,32,DEL-BOM,Air India,AI389,2026-09-15,2026-09-14,T+1,Economy,8619.0,680,340,567,1134,11340.0,Available,Airline Site,Valid,
4661,32,DEL-BOM,Akasa,AK265,2026-09-15,2026-08-01,T+45,Economy,4734.0,374,187,312,623,6230.0,Available,Airline Site,Valid,
4662,32,DEL-BOM,Akasa,AK527,2026-09-15,2026-08-16,T+30,Economy,6210.0,490,245,408,817,8170.0,Available,Airline Site,Valid,
4663,32,DEL-BOM,Akasa,AK133,2026-09-15,2026-08-31,T+15,Economy,8011.0,632,316,527,1054,10540.0,Available,Airline Site,Valid,
4664,32,DEL-BOM,Akasa,AK352,2026-09-15,2026-09-08,T+7,Economy,9849.0,778,389,648,1296,12960.0,Available,Airline Site,Valid,
4665,32,DEL-BOM,Akasa,AK364,2026-09-15,2026-09-14,T+1,Economy,10944.0,864,432,720,1440,14400.0,Available,OTA,Valid,
4666,32,DEL-BLR,IndiGo,IN426,2026-09-15,2026-08-01,T+45,Economy,2143.0,169,85,141,282,2820.0,Available,OTA,Valid,
4667,32,DEL-BLR,IndiGo,IN787,2026-09-15,2026-08-16,T+30,Economy,2805.0,221,111,184,369,3690.0,Available,Airline Site,Valid,
4668,32,DEL-BLR,IndiGo,IN160,2026-09-15,2026-08-31,T+15,Economy,3534.0,279,140,232,465,4650.0,Available,OTA,Valid,
4669,32,DEL-BLR,IndiGo,IN188,2026-09-15,2026-09-08,T+7,Economy,3822.0,302,151,252,503,5030.0,Available,Airline Site,Valid,
4670,32,DEL-BLR,IndiGo,IN822,2026-09-15,2026-09-14,T+1,Economy,4051.0,320,160,266,533,5330.0,Available,OTA,Valid,
4671,32,DEL-BLR,Air India,AI410,2026-09-15,2026-08-01,T+45,Economy,2576.0,203,102,170,339,3390.0,Available,Airline Site,Valid,
4672,32,DEL-BLR,Air India,AI668,2026-09-15,2026-08-16,T+30,Economy,3322.0,262,131,218,437,4370.0,Available,Airline Site,Valid,
4673,32,DEL-BLR,Air India,AI960,2026-09-15,2026-08-31,T+15,Economy,3983.0,314,157,262,524,5240.0,Available,OTA,Valid,
4674,32,DEL-BLR,Air India,AI813,2026-09-15,2026-09-08,T+7,Economy,4636.0,366,183,305,610,6100.0,Available,Airline Site,Valid,
4675,32,DEL-BLR,Air India,AI622,2026-09-15,2026-09-14,T+1,Economy,5639.0,445,223,371,742,7420.0,Available,OTA,Valid,
4676,32,DEL-BLR,Akasa,AK344,2026-09-15,2026-08-01,T+45,Economy,2227.0,176,88,146,293,2930.0,Available,Airline Site,Valid,
4677,32,DEL-BLR,Akasa,AK408,2026-09-15,2026-08-16,T+30,Economy,2843.0,224,112,187,374,3740.0,Available,Airline Site,Valid,
4678,32,DEL-BLR,Akasa,AK901,2026-09-15,2026-08-31,T+15,Economy,3853.0,304,152,254,507,5070.0,Available,OTA,Valid,
4679,32,DEL-BLR,Akasa,AK221,2026-09-15,2026-09-08,T+7,Economy,3907.0,308,154,257,514,5140.0,Available,Airline Site,Valid,
4680,32,DEL-BLR,Akasa,AK443,2026-09-15,2026-09-14,T+1,Economy,3967.0,313,157,261,522,5220.0,Available,Airline Site,Valid,
4681,32,BOM-BLR,IndiGo,IN168,2026-09-15,2026-08-01,T+45,Economy,2120.0,167,84,140,279,2790.0,Available,OTA,Valid,
4682,32,BOM-BLR,IndiGo,IN430,2026-09-15,2026-08-16,T+30,Economy,3009.0,238,119,198,396,3960.0,Available,OTA,Valid,
4683,32,BOM-BLR,IndiGo,IN102,2026-09-15,2026-08-31,T+15,Economy,3944.0,311,156,260,519,5190.0,Available,OTA,Valid,
4684,32,BOM-BLR,IndiGo,IN166,2026-09-15,2026-09-08,T+7,Economy,3937.0,311,155,259,518,5180.0,Available,OTA,Valid,
4685,32,BOM-BLR,IndiGo,IN728,2026-09-15,2026-09-14,T+1,Economy,4499.0,355,178,296,592,5920.0,Available,OTA,Valid,
4686,32,BOM-BLR,Air India,AI712,2026-09-15,2026-08-01,T+45,Economy,2067.0,163,82,136,272,2720.0,Available,Airline Site,Valid,
4687,32,BOM-BLR,Air India,AI743,2026-09-15,2026-08-16,T+30,Economy,2569.0,203,101,169,338,3380.0,Available,OTA,Valid,
4688,32,BOM-BLR,Air India,AI779,2026-09-15,2026-08-31,T+15,Economy,3435.0,271,136,226,452,4520.0,Available,Airline Site,Valid,
4689,32,BOM-BLR,Air India,AI403,2026-09-15,2026-09-08,T+7,Economy,3845.0,304,152,253,506,5060.0,Available,Airline Site,Valid,
4690,32,BOM-BLR,Air India,AI566,2026-09-15,2026-09-14,T+1,Economy,4195.0,331,166,276,552,5520.0,Available,OTA,Valid,
4691,32,BOM-BLR,Akasa,AK126,2026-09-15,2026-08-01,T+45,Economy,1938.0,153,76,128,255,2550.0,Available,Airline Site,Valid,
4692,32,BOM-BLR,Akasa,AK184,2026-09-15,2026-08-16,T+30,Economy,2645.0,209,104,174,348,3480.0,Available,OTA,Valid,
4693,32,BOM-BLR,Akasa,AK938,2026-09-15,2026-08-31,T+15,Economy,3009.0,238,119,198,396,3960.0,Available,OTA,Valid,
4694,32,BOM-BLR,Akasa,AK906,2026-09-15,2026-09-08,T+7,Economy,3914.0,309,154,258,515,5150.0,Available,OTA,Valid,
4695,32,BOM-BLR,Akasa,AK105,2026-09-15,2026-09-14,T+1,Economy,4112.0,325,162,270,541,5410.0,Sold Out,OTA,Flagged,Sold out at collection time
4696,32,DEL-CCU,IndiGo,IN923,2026-09-15,2026-08-01,T+45,Economy,3101.0,245,122,204,408,4080.0,Available,OTA,Valid,
4697,32,DEL-CCU,IndiGo,IN583,2026-09-15,2026-08-16,T+30,Economy,3800.0,300,150,250,500,5000.0,Available,Airline Site,Valid,
4698,32,DEL-CCU,IndiGo,IN459,2026-09-15,2026-08-31,T+15,Economy,5001.0,395,197,329,658,6580.0,Available,Airline Site,Valid,
4699,32,DEL-CCU,IndiGo,IN251,2026-09-15,2026-09-08,T+7,Economy,5115.0,404,202,336,673,6730.0,Available,Airline Site,Valid,
4700,32,DEL-CCU,IndiGo,IN582,2026-09-15,2026-09-14,T+1,Economy,5798.0,458,229,382,763,7630.0,Available,Airline Site,Valid,
4701,32,DEL-CCU,Air India,AI709,2026-09-15,2026-08-01,T+45,Economy,2987.0,236,118,196,393,3930.0,Available,Airline Site,Valid,
4702,32,DEL-CCU,Air India,AI869,2026-09-15,2026-08-16,T+30,Economy,3785.0,299,149,249,498,4980.0,Available,OTA,Valid,
4703,32,DEL-CCU,Air India,AI481,2026-09-15,2026-08-31,T+15,Economy,5031.0,397,199,331,662,6620.0,Available,Airline Site,Valid,
4704,32,DEL-CCU,Air India,AI455,2026-09-15,2026-09-08,T+7,Economy,6011.0,475,237,396,791,7910.0,Available,OTA,Valid,
4705,32,DEL-CCU,Air India,AI553,2026-09-15,2026-09-14,T+1,Economy,5731.0,452,226,377,754,7540.0,Available,Airline Site,Valid,
4706,32,DEL-CCU,Akasa,AK945,2026-09-15,2026-08-01,T+45,Economy,3040.0,240,120,200,400,4000.0,Sold Out,OTA,Flagged,Sold out at collection time
4707,32,DEL-CCU,Akasa,AK780,2026-09-15,2026-08-16,T+30,Economy,4119.0,325,163,271,542,5420.0,Available,OTA,Valid,
4708,32,DEL-CCU,Akasa,AK877,2026-09-15,2026-08-31,T+15,Economy,5199.0,410,205,342,684,6840.0,Available,Airline Site,Valid,
4709,32,DEL-CCU,Akasa,AK117,2026-09-15,2026-09-08,T+7,Economy,5381.0,425,212,354,708,7080.0,Available,Airline Site,Valid,
4710,32,DEL-CCU,Akasa,AK394,2026-09-15,2026-09-14,T+1,Economy,6733.0,532,266,443,886,8860.0,Available,OTA,Valid,
4711,32,DEL-HYD,IndiGo,IN905,2026-09-15,2026-08-01,T+45,Economy,2957.0,233,117,194,389,3890.0,Available,Airline Site,Valid,
4712,32,DEL-HYD,IndiGo,IN580,2026-09-15,2026-08-16,T+30,Economy,4082.0,322,161,268,537,5370.0,Available,OTA,Valid,
4713,32,DEL-HYD,IndiGo,IN231,2026-09-15,2026-08-31,T+15,Economy,4856.0,383,192,320,639,6390.0,Available,Airline Site,Valid,
4714,32,DEL-HYD,IndiGo,IN668,2026-09-15,2026-09-08,T+7,Economy,4985.0,394,197,328,656,6560.0,Available,Airline Site,Valid,
4715,32,DEL-HYD,IndiGo,IN452,2026-09-15,2026-09-14,T+1,Economy,5137.0,406,203,338,676,6760.0,Available,Airline Site,Valid,
4716,32,DEL-HYD,Air India,AI891,2026-09-15,2026-08-01,T+45,Economy,3299.0,260,130,217,434,4340.0,Available,Airline Site,Valid,
4717,32,DEL-HYD,Air India,AI735,2026-09-15,2026-08-16,T+30,Economy,4294.0,339,170,282,565,5650.0,Available,OTA,Valid,
4718,32,DEL-HYD,Air India,AI345,2026-09-15,2026-08-31,T+15,Economy,5441.0,430,215,358,716,7160.0,Available,OTA,Valid,
4719,32,DEL-HYD,Air India,AI933,2026-09-15,2026-09-08,T+7,Economy,6149.0,485,243,404,809,8090.0,Available,OTA,Valid,
4720,32,DEL-HYD,Air India,AI903,2026-09-15,2026-09-14,T+1,Economy,7578.0,598,299,498,997,9970.0,Available,OTA,Valid,
4721,32,DEL-HYD,Akasa,AK291,2026-09-15,2026-08-01,T+45,Economy,3352.0,265,132,220,441,4410.0,Available,Airline Site,Valid,
4722,32,DEL-HYD,Akasa,AK540,2026-09-15,2026-08-16,T+30,Economy,4667.0,368,184,307,614,6140.0,Available,Airline Site,Valid,
4723,32,DEL-HYD,Akasa,AK256,2026-09-15,2026-08-31,T+15,Economy,5768.0,455,228,380,759,7590.0,Available,OTA,Valid,
4724,32,DEL-HYD,Akasa,AK149,2026-09-15,2026-09-08,T+7,Economy,5403.0,427,213,356,711,7110.0,Available,OTA,Valid,
4725,32,DEL-HYD,Akasa,AK874,2026-09-15,2026-09-14,T+1,Economy,6521.0,515,257,429,858,8580.0,Available,OTA,Valid,
4726,32,BOM-HYD,IndiGo,IN195,2026-09-15,2026-08-01,T+45,Economy,2827.0,223,112,186,372,3720.0,Available,OTA,Valid,
4727,32,BOM-HYD,IndiGo,IN701,2026-09-15,2026-08-16,T+30,Economy,3800.0,300,150,250,500,5000.0,Available,Airline Site,Valid,
4728,32,BOM-HYD,IndiGo,IN120,2026-09-15,2026-08-31,T+15,Economy,4400.0,347,174,290,579,5790.0,Available,Airline Site,Valid,
4729,32,BOM-HYD,IndiGo,IN728,2026-09-15,2026-09-08,T+7,Economy,5289.0,418,209,348,696,6960.0,Available,OTA,Valid,
4730,32,BOM-HYD,IndiGo,IN892,2026-09-15,2026-09-14,T+1,Economy,5396.0,426,213,355,710,7100.0,Available,Airline Site,Valid,
4731,32,BOM-HYD,Air India,AI388,2026-09-15,2026-08-01,T+45,Economy,2888.0,228,114,190,380,3800.0,Available,Airline Site,Valid,
4732,32,BOM-HYD,Air India,AI278,2026-09-15,2026-08-16,T+30,Economy,4241.0,335,167,279,558,5580.0,Available,Airline Site,Valid,
4733,32,BOM-HYD,Air India,AI565,2026-09-15,2026-08-31,T+15,Economy,5259.0,415,208,346,692,6920.0,Available,OTA,Valid,
4734,32,BOM-HYD,Air India,AI352,2026-09-15,2026-09-08,T+7,Economy,5077.0,401,200,334,668,6680.0,Available,OTA,Valid,
4735,32,BOM-HYD,Air India,AI446,2026-09-15,2026-09-14,T+1,Economy,6118.0,483,242,402,805,8050.0,Available,OTA,Valid,
4736,32,BOM-HYD,Akasa,AK278,2026-09-15,2026-08-01,T+45,Economy,3200.0,253,126,210,421,4210.0,Available,OTA,Valid,
4737,32,BOM-HYD,Akasa,AK477,2026-09-15,2026-08-16,T+30,Economy,4126.0,326,163,272,543,5430.0,Available,Airline Site,Valid,
4738,32,BOM-HYD,Akasa,AK772,2026-09-15,2026-08-31,T+15,Economy,6042.0,477,238,398,795,7950.0,Available,OTA,Valid,
4739,32,BOM-HYD,Akasa,AK285,2026-09-15,2026-09-08,T+7,Economy,6384.0,504,252,420,840,8400.0,Available,Airline Site,Valid,
4740,32,BOM-HYD,Akasa,AK929,2026-09-15,2026-09-14,T+1,Economy,6406.0,506,253,422,843,8430.0,Available,OTA,Valid,
4741,32,BLR-HYD,IndiGo,IN545,2026-09-15,2026-08-01,T+45,Economy,2721.0,215,107,179,358,3580.0,Available,Airline Site,Valid,
4742,32,BLR-HYD,IndiGo,IN402,2026-09-15,2026-08-16,T+30,Economy,3640.0,287,144,240,479,4790.0,Available,Airline Site,Valid,
4743,32,BLR-HYD,IndiGo,IN189,2026-09-15,2026-08-31,T+15,Economy,4895.0,386,193,322,644,6440.0,Available,Airline Site,Valid,
4744,32,BLR-HYD,IndiGo,IN346,2026-09-15,2026-09-08,T+7,Economy,5677.0,448,224,374,747,7470.0,Available,OTA,Valid,
4745,32,BLR-HYD,IndiGo,IN979,2026-09-15,2026-09-14,T+1,Economy,5389.0,425,213,354,709,7090.0,Available,Airline Site,Valid,
4746,32,BLR-HYD,Air India,AI869,2026-09-15,2026-08-01,T+45,Economy,2903.0,229,115,191,382,3820.0,Sold Out,Airline Site,Flagged,Sold out at collection time
4747,32,BLR-HYD,Air India,AI260,2026-09-15,2026-08-16,T+30,Economy,3610.0,285,142,238,475,4750.0,Available,OTA,Valid,
4748,32,BLR-HYD,Air India,AI466,2026-09-15,2026-08-31,T+15,Economy,5001.0,395,197,329,658,6580.0,Sold Out,Airline Site,Flagged,Sold out at collection time
4749,32,BLR-HYD,Air India,AI699,2026-09-15,2026-09-08,T+7,Economy,4712.0,372,186,310,620,6200.0,Sold Out,Airline Site,Flagged,Sold out at collection time
4750,32,BLR-HYD,Air India,AI733,2026-09-15,2026-09-14,T+1,Economy,5875.0,464,232,386,773,7730.0,Available,OTA,Valid,
4751,32,BLR-HYD,Akasa,AK122,2026-09-15,2026-08-01,T+45,Economy,2599.0,205,103,171,342,3420.0,Available,OTA,Valid,
4752,32,BLR-HYD,Akasa,AK288,2026-09-15,2026-08-16,T+30,Economy,3549.0,280,140,234,467,4670.0,Available,OTA,Valid,
4753,32,BLR-HYD,Akasa,AK816,2026-09-15,2026-08-31,T+15,Economy,4788.0,378,189,315,630,6300.0,Available,OTA,Valid,
4754,32,BLR-HYD,Akasa,AK102,2026-09-15,2026-09-08,T+7,Economy,4909.0,388,194,323,646,6460.0,Available,Airline Site,Valid,
4755,32,BLR-HYD,Akasa,AK898,2026-09-15,2026-09-14,T+1,Economy,4994.0,394,197,328,657,6570.0,Available,Airline Site,Valid,
4756,32,DEL-MAA,IndiGo,IN579,2026-09-15,2026-08-01,T+45,Economy,2645.0,209,104,174,348,3480.0,Available,Airline Site,Valid,
4757,32,DEL-MAA,IndiGo,IN551,2026-09-15,2026-08-16,T+30,Economy,3420.0,270,135,225,450,4500.0,Available,Airline Site,Valid,
4758,32,DEL-MAA,IndiGo,IN221,2026-09-15,2026-08-31,T+15,Economy,4477.0,353,177,294,589,5890.0,Available,OTA,Valid,
4759,32,DEL-MAA,IndiGo,IN206,2026-09-15,2026-09-08,T+7,Economy,4636.0,366,183,305,610,6100.0,Available,OTA,Valid,
4760,32,DEL-MAA,IndiGo,IN530,2026-09-15,2026-09-14,T+1,Economy,5890.0,465,232,388,775,7750.0,Available,OTA,Valid,
4761,32,DEL-MAA,Air India,AI877,2026-09-15,2026-08-01,T+45,Economy,2523.0,199,100,166,332,3320.0,Available,Airline Site,Valid,
4762,32,DEL-MAA,Air India,AI667,2026-09-15,2026-08-16,T+30,Economy,3223.0,254,127,212,424,4240.0,Available,OTA,Valid,
4763,32,DEL-MAA,Air India,AI778,2026-09-15,2026-08-31,T+15,Economy,4157.0,328,164,274,547,5470.0,Available,Airline Site,Valid,
4764,32,DEL-MAA,Air India,AI791,2026-09-15,2026-09-08,T+7,Economy,4332.0,342,171,285,570,5700.0,Available,OTA,Valid,
4765,32,DEL-MAA,Air India,AI552,2026-09-15,2026-09-14,T+1,Economy,5328.0,421,210,350,701,7010.0,Sold Out,OTA,Flagged,Sold out at collection time
4766,32,DEL-MAA,Akasa,AK254,2026-09-15,2026-08-01,T+45,Economy,2789.0,220,110,184,367,3670.0,Available,OTA,Valid,
4767,32,DEL-MAA,Akasa,AK259,2026-09-15,2026-08-16,T+30,Economy,3617.0,286,143,238,476,4760.0,Available,Airline Site,Valid,
4768,32,DEL-MAA,Akasa,AK837,2026-09-15,2026-08-31,T+15,Economy,4743.0,374,187,312,624,6240.0,Available,OTA,Valid,
4769,32,DEL-MAA,Akasa,AK185,2026-09-15,2026-09-08,T+7,Economy,5373.0,424,212,354,707,7070.0,Available,Airline Site,Valid,
4770,32,DEL-MAA,Akasa,AK141,2026-09-15,2026-09-14,T+1,Economy,5784.0,457,228,380,761,7610.0,Sold Out,Airline Site,Flagged,Sold out at collection time
4771,32,BOM-MAA,IndiGo,IN650,2026-09-15,2026-08-01,T+45,Economy,3883.0,307,153,256,511,5110.0,Available,Airline Site,Valid,
4772,32,BOM-MAA,IndiGo,IN174,2026-09-15,2026-08-16,T+30,Economy,5533.0,437,218,364,728,7280.0,Available,OTA,Valid,
4773,32,BOM-MAA,IndiGo,IN741,2026-09-15,2026-08-31,T+15,Economy,6536.0,516,258,430,860,8600.0,Available,OTA,Valid,
4774,32,BOM-MAA,IndiGo,IN590,2026-09-15,2026-09-08,T+7,Economy,6977.0,551,275,459,918,9180.0,Available,OTA,Valid,
4775,32,BOM-MAA,IndiGo,IN306,2026-09-15,2026-09-14,T+1,Economy,7159.0,565,283,471,942,9420.0,Available,OTA,Valid,
4776,32,BOM-MAA,Air India,AI449,2026-09-15,2026-08-01,T+45,Economy,4021.0,317,159,264,529,5290.0,Available,Airline Site,Valid,
4777,32,BOM-MAA,Air India,AI381,2026-09-15,2026-08-16,T+30,Economy,4886.0,386,193,322,643,6430.0,Available,Airline Site,Valid,
4778,32,BOM-MAA,Air India,AI267,2026-09-15,2026-08-31,T+15,Economy,7220.0,570,285,475,950,9500.0,Available,OTA,Valid,
4779,32,BOM-MAA,Air India,AI986,2026-09-15,2026-09-08,T+7,Economy,7037.0,556,278,463,926,9260.0,Available,Airline Site,Valid,
4780,32,BOM-MAA,Air India,AI924,2026-09-15,2026-09-14,T+1,Economy,8611.0,680,340,566,1133,11330.0,Available,Airline Site,Valid,
4781,32,BOM-MAA,Akasa,AK927,2026-09-15,2026-08-01,T+45,Economy,4347.0,343,172,286,572,5720.0,Available,OTA,Valid,
4782,32,BOM-MAA,Akasa,AK501,2026-09-15,2026-08-16,T+30,Economy,6194.0,489,244,408,815,8150.0,Available,OTA,Valid,
4783,32,BOM-MAA,Akasa,AK366,2026-09-15,2026-08-31,T+15,Economy,7835.0,619,309,516,1031,10310.0,Available,OTA,Valid,
4784,32,BOM-MAA,Akasa,AK385,2026-09-15,2026-09-08,T+7,Economy,8261.0,652,326,544,1087,10870.0,Available,OTA,Valid,
4785,32,BOM-MAA,Akasa,AK122,2026-09-15,2026-09-14,T+1,Economy,9515.0,751,376,626,1252,12520.0,Available,Airline Site,Valid,
4786,32,CCU-BLR,IndiGo,IN528,2026-09-15,2026-08-01,T+45,Economy,2827.0,223,112,186,372,3720.0,Available,OTA,Valid,
4787,32,CCU-BLR,IndiGo,IN788,2026-09-15,2026-08-16,T+30,Economy,3800.0,300,150,250,500,5000.0,Available,OTA,Valid,
4788,32,CCU-BLR,IndiGo,IN996,2026-09-15,2026-08-31,T+15,Economy,4994.0,394,197,328,657,6570.0,Available,OTA,Valid,
4789,32,CCU-BLR,IndiGo,IN857,2026-09-15,2026-09-08,T+7,Economy,4947.0,391,195,326,651,6510.0,Available,Airline Site,Valid,
4790,32,CCU-BLR,IndiGo,IN320,2026-09-15,2026-09-14,T+1,Economy,5761.0,455,227,379,758,7580.0,Available,OTA,Valid,
4791,32,CCU-BLR,Air India,AI408,2026-09-15,2026-08-01,T+45,Economy,2721.0,215,107,179,358,3580.0,Available,OTA,Valid,
4792,32,CCU-BLR,Air India,AI906,2026-09-15,2026-08-16,T+30,Economy,3762.0,297,148,248,495,4950.0,Available,OTA,Valid,
4793,32,CCU-BLR,Air India,AI806,2026-09-15,2026-08-31,T+15,Economy,4697.0,371,185,309,618,6180.0,Available,Airline Site,Valid,
4794,32,CCU-BLR,Air India,AI604,2026-09-15,2026-09-08,T+7,Economy,4819.0,380,190,317,634,6340.0,Available,OTA,Valid,
4795,32,CCU-BLR,Air India,AI219,2026-09-15,2026-09-14,T+1,Economy,5829.0,460,230,384,767,7670.0,Available,OTA,Valid,
4796,32,CCU-BLR,Akasa,AK335,2026-09-15,2026-08-01,T+45,Economy,2546.0,201,100,168,335,3350.0,Available,Airline Site,Valid,
4797,32,CCU-BLR,Akasa,AK796,2026-09-15,2026-08-16,T+30,Economy,3352.0,265,132,220,441,4410.0,Available,Airline Site,Valid,
4798,32,CCU-BLR,Akasa,AK760,2026-09-15,2026-08-31,T+15,Economy,4613.0,364,182,304,607,6070.0,Available,Airline Site,Valid,
4799,32,CCU-BLR,Akasa,AK815,2026-09-15,2026-09-08,T+7,Economy,5298.0,418,209,348,697,6970.0,Available,OTA,Valid,
4800,32,CCU-BLR,Akasa,AK599,2026-09-15,2026-09-14,T+1,Economy,4879.0,385,193,321,642,6420.0,Available,OTA,Valid,
4801,33,DEL-BOM,IndiGo,IN969,2026-09-16,2026-08-02,T+45,Economy,4287.0,338,169,282,564,5640.0,Available,OTA,Valid,
4802,33,DEL-BOM,IndiGo,IN241,2026-09-16,2026-08-17,T+30,Economy,5389.0,425,213,354,709,7090.0,Available,Airline Site,Valid,
4803,33,DEL-BOM,IndiGo,IN150,2026-09-16,2026-09-01,T+15,Economy,6719.0,530,265,442,884,8840.0,Available,OTA,Valid,
4804,33,DEL-BOM,IndiGo,IN497,2026-09-16,2026-09-09,T+7,Economy,7904.0,624,312,520,1040,10400.0,Available,Airline Site,Valid,
4805,33,DEL-BOM,IndiGo,IN533,2026-09-16,2026-09-15,T+1,Economy,8109.0,640,320,534,1067,10670.0,Available,OTA,Valid,
4806,33,DEL-BOM,Air India,AI807,2026-09-16,2026-08-02,T+45,Economy,4005.0,316,158,264,527,5270.0,Available,OTA,Valid,
4807,33,DEL-BOM,Air India,AI187,2026-09-16,2026-08-17,T+30,Economy,5602.0,442,221,368,737,7370.0,Available,OTA,Valid,
4808,33,DEL-BOM,Air India,AI793,2026-09-16,2026-09-01,T+15,Economy,6224.0,491,246,410,819,8190.0,Available,OTA,Valid,
4809,33,DEL-BOM,Air India,AI713,2026-09-16,2026-09-09,T+7,Economy,8581.0,677,339,564,1129,11290.0,Available,OTA,Valid,
4810,33,DEL-BOM,Air India,AI832,2026-09-16,2026-09-15,T+1,Economy,8999.0,710,355,592,1184,11840.0,Available,Airline Site,Valid,
4811,33,DEL-BOM,Akasa,AK881,2026-09-16,2026-08-02,T+45,Economy,4872.0,385,192,320,641,6410.0,Available,Airline Site,Valid,
4812,33,DEL-BOM,Akasa,AK995,2026-09-16,2026-08-17,T+30,Economy,6551.0,517,259,431,862,8620.0,Sold Out,Airline Site,Flagged,Sold out at collection time
4813,33,DEL-BOM,Akasa,AK212,2026-09-16,2026-09-01,T+15,Economy,8755.0,691,346,576,1152,11520.0,Available,Airline Site,Valid,
4814,33,DEL-BOM,Akasa,AK636,2026-09-16,2026-09-09,T+7,Economy,8960.0,707,354,590,1179,11790.0,Available,Airline Site,Valid,
4815,33,DEL-BOM,Akasa,AK162,2026-09-16,2026-09-15,T+1,Economy,9371.0,740,370,616,1233,12330.0,Available,OTA,Valid,
4816,33,DEL-BLR,IndiGo,IN177,2026-09-16,2026-08-02,T+45,Economy,2235.0,176,88,147,294,2940.0,Available,OTA,Valid,
4817,33,DEL-BLR,IndiGo,IN205,2026-09-16,2026-08-17,T+30,Economy,2926.0,231,116,192,385,3850.0,Available,Airline Site,Valid,
4818,33,DEL-BLR,IndiGo,IN460,2026-09-16,2026-09-01,T+15,Economy,3769.0,298,149,248,496,4960.0,Available,Airline Site,Valid,
4819,33,DEL-BLR,IndiGo,IN205,2026-09-16,2026-09-09,T+7,Economy,3815.0,301,151,251,502,5020.0,Available,OTA,Valid,
4820,33,DEL-BLR,IndiGo,IN598,2026-09-16,2026-09-15,T+1,Economy,4386.0,346,173,288,577,5770.0,Available,OTA,Valid,
4821,33,DEL-BLR,Air India,AI722,2026-09-16,2026-08-02,T+45,Economy,2387.0,188,94,157,314,3140.0,Sold Out,OTA,Flagged,Sold out at collection time
4822,33,DEL-BLR,Air India,AI514,2026-09-16,2026-08-17,T+30,Economy,3283.0,259,130,216,432,4320.0,Available,Airline Site,Valid,
4823,33,DEL-BLR,Air India,AI195,2026-09-16,2026-09-01,T+15,Economy,3845.0,304,152,253,506,5060.0,Available,OTA,Valid,
4824,33,DEL-BLR,Air India,AI532,2026-09-16,2026-09-09,T+7,Economy,4386.0,346,173,288,577,5770.0,Available,OTA,Valid,
4825,33,DEL-BLR,Air India,AI464,2026-09-16,2026-09-15,T+1,Economy,5047.0,398,199,332,664,6640.0,Available,Airline Site,Valid,
4826,33,DEL-BLR,Akasa,AK990,2026-09-16,2026-08-02,T+45,Economy,2311.0,182,91,152,304,3040.0,Sold Out,OTA,Flagged,Sold out at collection time
4827,33,DEL-BLR,Akasa,AK649,2026-09-16,2026-08-17,T+30,Economy,3322.0,262,131,218,437,4370.0,Available,Airline Site,Valid,
4828,33,DEL-BLR,Akasa,AK168,2026-09-16,2026-09-01,T+15,Economy,3876.0,306,153,255,510,5100.0,Available,OTA,Valid,
4829,33,DEL-BLR,Akasa,AK658,2026-09-16,2026-09-09,T+7,Economy,4363.0,344,172,287,574,5740.0,Available,OTA,Valid,
4830,33,DEL-BLR,Akasa,AK692,2026-09-16,2026-09-15,T+1,Economy,5494.0,434,217,362,723,7230.0,Available,Airline Site,Valid,
4831,33,BOM-BLR,IndiGo,IN895,2026-09-16,2026-08-02,T+45,Economy,1991.0,157,79,131,262,2620.0,Available,OTA,Valid,
4832,33,BOM-BLR,IndiGo,IN438,2026-09-16,2026-08-17,T+30,Economy,2705.0,214,107,178,356,3560.0,Available,OTA,Valid,
4833,33,BOM-BLR,IndiGo,IN596,2026-09-16,2026-09-01,T+15,Economy,3755.0,296,148,247,494,4940.0,Available,Airline Site,Valid,
4834,33,BOM-BLR,IndiGo,IN307,2026-09-16,2026-09-09,T+7,Economy,3504.0,277,138,230,461,4610.0,Sold Out,OTA,Flagged,Sold out at collection time
4835,33,BOM-BLR,IndiGo,IN573,2026-09-16,2026-09-15,T+1,Economy,3937.0,311,155,259,518,5180.0,Available,OTA,Valid,
4836,33,BOM-BLR,Air India,AI361,2026-09-16,2026-08-02,T+45,Economy,2083.0,164,82,137,274,2740.0,Available,OTA,Valid,
4837,33,BOM-BLR,Air India,AI268,2026-09-16,2026-08-17,T+30,Economy,2926.0,231,116,192,385,3850.0,Available,OTA,Valid,
4838,33,BOM-BLR,Air India,AI344,2026-09-16,2026-09-01,T+15,Economy,3792.0,299,150,250,499,4990.0,Sold Out,OTA,Flagged,Sold out at collection time
4839,33,BOM-BLR,Air India,AI107,2026-09-16,2026-09-09,T+7,Economy,4278.0,338,169,282,563,5630.0,Available,OTA,Valid,
4840,33,BOM-BLR,Air India,AI108,2026-09-16,2026-09-15,T+1,Economy,3853.0,304,152,254,507,5070.0,Available,Airline Site,Valid,
4841,33,BOM-BLR,Akasa,AK595,2026-09-16,2026-08-02,T+45,Economy,2067.0,163,82,136,272,2720.0,Available,OTA,Valid,
4842,33,BOM-BLR,Akasa,AK873,2026-09-16,2026-08-17,T+30,Economy,2880.0,227,114,190,379,3790.0,Available,OTA,Valid,
4843,33,BOM-BLR,Akasa,AK850,2026-09-16,2026-09-01,T+15,Economy,3268.0,258,129,215,430,4300.0,Available,OTA,Valid,
4844,33,BOM-BLR,Akasa,AK162,2026-09-16,2026-09-09,T+7,Economy,3778.0,298,149,248,497,4970.0,Sold Out,Airline Site,Flagged,Sold out at collection time
4845,33,BOM-BLR,Akasa,AK244,2026-09-16,2026-09-15,T+1,Economy,3808.0,301,150,250,501,5010.0,Available,OTA,Valid,
4846,33,DEL-CCU,IndiGo,IN794,2026-09-16,2026-08-02,T+45,Economy,2774.0,219,110,182,365,3650.0,Available,OTA,Valid,
4847,33,DEL-CCU,IndiGo,IN941,2026-09-16,2026-08-17,T+30,Economy,3921.0,310,155,258,516,5160.0,Available,OTA,Valid,
4848,33,DEL-CCU,IndiGo,IN733,2026-09-16,2026-09-01,T+15,Economy,5130.0,405,202,338,675,6750.0,Available,OTA,Valid,
4849,33,DEL-CCU,IndiGo,IN696,2026-09-16,2026-09-09,T+7,Economy,5913.0,467,233,389,778,7780.0,Available,Airline Site,Valid,
4850,33,DEL-CCU,IndiGo,IN544,2026-09-16,2026-09-15,T+1,Economy,5624.0,444,222,370,740,7400.0,Available,OTA,Valid,
4851,33,DEL-CCU,Air India,AI721,2026-09-16,2026-08-02,T+45,Economy,2850.0,225,112,188,375,3750.0,Available,OTA,Valid,
4852,33,DEL-CCU,Air India,AI394,2026-09-16,2026-08-17,T+30,Economy,3845.0,304,152,253,506,5060.0,Available,Airline Site,Valid,
4853,33,DEL-CCU,Air India,AI255,2026-09-16,2026-09-01,T+15,Economy,4499.0,355,178,296,592,5920.0,Available,OTA,Valid,
4854,33,DEL-CCU,Air India,AI488,2026-09-16,2026-09-09,T+7,Economy,6163.0,487,243,406,811,8110.0,Available,OTA,Valid,
4855,33,DEL-CCU,Air India,AI305,2026-09-16,2026-09-15,T+1,Economy,5411.0,427,214,356,712,7120.0,Available,Airline Site,Valid,
4856,33,DEL-CCU,Akasa,AK364,2026-09-16,2026-08-02,T+45,Economy,2660.0,210,105,175,350,3500.0,Available,Airline Site,Valid,
4857,33,DEL-CCU,Akasa,AK391,2026-09-16,2026-08-17,T+30,Economy,3633.0,287,143,239,478,4780.0,Available,Airline Site,Valid,
4858,33,DEL-CCU,Akasa,AK442,2026-09-16,2026-09-01,T+15,Economy,4636.0,366,183,305,610,6100.0,Available,Airline Site,Valid,
4859,33,DEL-CCU,Akasa,AK138,2026-09-16,2026-09-09,T+7,Economy,4788.0,378,189,315,630,6300.0,Available,Airline Site,Valid,
4860,33,DEL-CCU,Akasa,AK948,2026-09-16,2026-09-15,T+1,Economy,4886.0,386,193,322,643,6430.0,Available,OTA,Valid,
4861,33,DEL-HYD,IndiGo,IN685,2026-09-16,2026-08-02,T+45,Economy,3154.0,249,124,208,415,4150.0,Available,OTA,Valid,
4862,33,DEL-HYD,IndiGo,IN712,2026-09-16,2026-08-17,T+30,Economy,4582.0,362,181,302,603,6030.0,Available,Airline Site,Valid,
4863,33,DEL-HYD,IndiGo,IN612,2026-09-16,2026-09-01,T+15,Economy,5047.0,398,199,332,664,6640.0,Available,OTA,Valid,
4864,33,DEL-HYD,IndiGo,IN291,2026-09-16,2026-09-09,T+7,Economy,5837.0,461,230,384,768,7680.0,Available,OTA,Valid,
4865,33,DEL-HYD,IndiGo,IN358,2026-09-16,2026-09-15,T+1,Economy,6240.0,493,246,410,821,8210.0,Available,OTA,Valid,
4866,33,DEL-HYD,Air India,AI951,2026-09-16,2026-08-02,T+45,Economy,3435.0,271,136,226,452,4520.0,Available,Airline Site,Valid,
4867,33,DEL-HYD,Air India,AI606,2026-09-16,2026-08-17,T+30,Economy,4339.0,343,171,286,571,5710.0,Available,OTA,Valid,
4868,33,DEL-HYD,Air India,AI630,2026-09-16,2026-09-01,T+15,Economy,5700.0,450,225,375,750,7500.0,Available,OTA,Valid,
4869,33,DEL-HYD,Air India,AI706,2026-09-16,2026-09-09,T+7,Economy,6528.0,515,258,430,859,8590.0,Available,OTA,Valid,
4870,33,DEL-HYD,Air India,AI140,2026-09-16,2026-09-15,T+1,Economy,7251.0,572,286,477,954,9540.0,Available,Airline Site,Valid,
4871,33,DEL-HYD,Akasa,AK411,2026-09-16,2026-08-02,T+45,Economy,2805.0,221,111,184,369,3690.0,Available,OTA,Valid,
4872,33,DEL-HYD,Akasa,AK703,2026-09-16,2026-08-17,T+30,Economy,3983.0,314,157,262,524,5240.0,Sold Out,OTA,Flagged,Sold out at collection time
4873,33,DEL-HYD,Akasa,AK607,2026-09-16,2026-09-01,T+15,Economy,4773.0,377,188,314,628,6280.0,Available,OTA,Valid,
4874,33,DEL-HYD,Akasa,AK158,2026-09-16,2026-09-09,T+7,Economy,5875.0,464,232,386,773,7730.0,Available,Airline Site,Valid,
4875,33,DEL-HYD,Akasa,AK530,2026-09-16,2026-09-15,T+1,Economy,6453.0,509,255,424,849,8490.0,Available,Airline Site,Valid,
4876,33,BOM-HYD,IndiGo,IN113,2026-09-16,2026-08-02,T+45,Economy,3147.0,248,124,207,414,4140.0,Available,Airline Site,Valid,
4877,33,BOM-HYD,IndiGo,IN153,2026-09-16,2026-08-17,T+30,Economy,3974.0,314,157,262,523,5230.0,Available,Airline Site,Valid,
4878,33,BOM-HYD,IndiGo,IN216,2026-09-16,2026-09-01,T+15,Economy,4971.0,392,196,327,654,6540.0,Available,OTA,Valid,
4879,33,BOM-HYD,IndiGo,IN145,2026-09-16,2026-09-09,T+7,Economy,6536.0,516,258,430,860,8600.0,Available,Airline Site,Valid,
4880,33,BOM-HYD,IndiGo,IN166,2026-09-16,2026-09-15,T+1,Economy,6406.0,506,253,422,843,8430.0,Available,Airline Site,Valid,
4881,33,BOM-HYD,Air India,AI150,2026-09-16,2026-08-02,T+45,Economy,3200.0,253,126,210,421,4210.0,Available,Airline Site,Valid,
4882,33,BOM-HYD,Air India,AI190,2026-09-16,2026-08-17,T+30,Economy,4301.0,340,170,283,566,5660.0,Available,OTA,Valid,
4883,33,BOM-HYD,Air India,AI758,2026-09-16,2026-09-01,T+15,Economy,5259.0,415,208,346,692,6920.0,Sold Out,Airline Site,Flagged,Sold out at collection time
4884,33,BOM-HYD,Air India,AI750,2026-09-16,2026-09-09,T+7,Economy,5351.0,422,211,352,704,7040.0,Available,Airline Site,Valid,
4885,33,BOM-HYD,Air India,AI879,2026-09-16,2026-09-15,T+1,Economy,6331.0,500,250,416,833,8330.0,Available,OTA,Valid,
4886,33,BOM-HYD,Akasa,AK967,2026-09-16,2026-08-02,T+45,Economy,3366.0,266,133,222,443,4430.0,Sold Out,OTA,Flagged,Sold out at collection time
4887,33,BOM-HYD,Akasa,AK948,2026-09-16,2026-08-17,T+30,Economy,4621.0,365,182,304,608,6080.0,Available,Airline Site,Valid,
4888,33,BOM-HYD,Akasa,AK661,2026-09-16,2026-09-01,T+15,Economy,5077.0,401,200,334,668,6680.0,Available,Airline Site,Valid,
4889,33,BOM-HYD,Akasa,AK609,2026-09-16,2026-09-09,T+7,Economy,5602.0,442,221,368,737,7370.0,Available,OTA,Valid,
4890,33,BOM-HYD,Akasa,AK242,2026-09-16,2026-09-15,T+1,Economy,6825.0,539,269,449,898,8980.0,Available,Airline Site,Valid,
4891,33,BLR-HYD,IndiGo,IN517,2026-09-16,2026-08-02,T+45,Economy,2683.0,212,106,176,353,3530.0,Available,OTA,Valid,
4892,33,BLR-HYD,IndiGo,IN206,2026-09-16,2026-08-17,T+30,Economy,3808.0,301,150,250,501,5010.0,Available,OTA,Valid,
4893,33,BLR-HYD,IndiGo,IN200,2026-09-16,2026-09-01,T+15,Economy,4621.0,365,182,304,608,6080.0,Available,OTA,Valid,
4894,33,BLR-HYD,IndiGo,IN773,2026-09-16,2026-09-09,T+7,Economy,5146.0,406,203,338,677,6770.0,Available,Airline Site,Valid,
4895,33,BLR-HYD,IndiGo,IN657,2026-09-16,2026-09-15,T+1,Economy,5320.0,420,210,350,700,7000.0,Available,OTA,Valid,
4896,33,BLR-HYD,Air India,AI894,2026-09-16,2026-08-02,T+45,Economy,2645.0,209,104,174,348,3480.0,Available,Airline Site,Valid,
4897,33,BLR-HYD,Air India,AI706,2026-09-16,2026-08-17,T+30,Economy,3557.0,281,140,234,468,4680.0,Available,OTA,Valid,
4898,33,BLR-HYD,Air India,AI950,2026-09-16,2026-09-01,T+15,Economy,4446.0,351,176,292,585,5850.0,Available,Airline Site,Valid,
4899,33,BLR-HYD,Air India,AI558,2026-09-16,2026-09-09,T+7,Economy,5153.0,407,203,339,678,6780.0,Available,Airline Site,Valid,
4900,33,BLR-HYD,Air India,AI432,2026-09-16,2026-09-15,T+1,Economy,6156.0,486,243,405,810,8100.0,Available,Airline Site,Valid,
4901,33,BLR-HYD,Akasa,AK425,2026-09-16,2026-08-02,T+45,Economy,2866.0,226,113,188,377,3770.0,Available,Airline Site,Valid,
4902,33,BLR-HYD,Akasa,AK588,2026-09-16,2026-08-17,T+30,Economy,3724.0,294,147,245,490,4900.0,Available,Airline Site,Valid,
4903,33,BLR-HYD,Akasa,AK956,2026-09-16,2026-09-01,T+15,Economy,5031.0,397,199,331,662,6620.0,Available,OTA,Valid,
4904,33,BLR-HYD,Akasa,AK670,2026-09-16,2026-09-09,T+7,Economy,5016.0,396,198,330,660,6600.0,Available,Airline Site,Valid,
4905,33,BLR-HYD,Akasa,AK827,2026-09-16,2026-09-15,T+1,Economy,5791.0,457,229,381,762,7620.0,Available,OTA,Valid,
4906,33,DEL-MAA,IndiGo,IN437,2026-09-16,2026-08-02,T+45,Economy,2789.0,220,110,184,367,3670.0,Available,Airline Site,Valid,
4907,33,DEL-MAA,IndiGo,IN242,2026-09-16,2026-08-17,T+30,Economy,3831.0,302,151,252,504,5040.0,Available,OTA,Valid,
4908,33,DEL-MAA,IndiGo,IN195,2026-09-16,2026-09-01,T+15,Economy,4947.0,391,195,326,651,6510.0,Available,OTA,Valid,
4909,33,DEL-MAA,IndiGo,IN415,2026-09-16,2026-09-09,T+7,Economy,4575.0,361,181,301,602,6020.0,Available,Airline Site,Valid,
4910,33,DEL-MAA,IndiGo,IN892,2026-09-16,2026-09-15,T+1,Economy,5001.0,395,197,329,658,6580.0,Sold Out,Airline Site,Flagged,Sold out at collection time
4911,33,DEL-MAA,Air India,AI635,2026-09-16,2026-08-02,T+45,Economy,2667.0,211,105,176,351,3510.0,Available,OTA,Valid,
4912,33,DEL-MAA,Air India,AI150,2026-09-16,2026-08-17,T+30,Economy,3496.0,276,138,230,460,4600.0,Available,Airline Site,Valid,
4913,33,DEL-MAA,Air India,AI118,2026-09-16,2026-09-01,T+15,Economy,4757.0,376,188,313,626,6260.0,Available,Airline Site,Valid,
4914,33,DEL-MAA,Air India,AI759,2026-09-16,2026-09-09,T+7,Economy,4667.0,368,184,307,614,6140.0,Available,Airline Site,Valid,
4915,33,DEL-MAA,Air India,AI872,2026-09-16,2026-09-15,T+1,Economy,5244.0,414,207,345,690,6900.0,Available,OTA,Valid,
4916,33,DEL-MAA,Akasa,AK285,2026-09-16,2026-08-02,T+45,Economy,2797.0,221,110,184,368,3680.0,Available,Airline Site,Valid,
4917,33,DEL-MAA,Akasa,AK221,2026-09-16,2026-08-17,T+30,Economy,3755.0,296,148,247,494,4940.0,Available,Airline Site,Valid,
4918,33,DEL-MAA,Akasa,AK113,2026-09-16,2026-09-01,T+15,Economy,4864.0,384,192,320,640,6400.0,Available,OTA,Valid,
4919,33,DEL-MAA,Akasa,AK239,2026-09-16,2026-09-09,T+7,Economy,5403.0,427,213,356,711,7110.0,Available,Airline Site,Valid,
4920,33,DEL-MAA,Akasa,AK533,2026-09-16,2026-09-15,T+1,Economy,6422.0,507,254,422,845,8450.0,Available,OTA,Valid,
4921,33,BOM-MAA,IndiGo,IN125,2026-09-16,2026-08-02,T+45,Economy,4005.0,316,158,264,527,5270.0,Available,OTA,Valid,
4922,33,BOM-MAA,IndiGo,IN194,2026-09-16,2026-08-17,T+30,Economy,5450.0,430,215,358,717,7170.0,Available,OTA,Valid,
4923,33,BOM-MAA,IndiGo,IN711,2026-09-16,2026-09-01,T+15,Economy,6673.0,527,263,439,878,8780.0,Available,OTA,Valid,
4924,33,BOM-MAA,IndiGo,IN361,2026-09-16,2026-09-09,T+7,Economy,7987.0,631,315,526,1051,10510.0,Sold Out,OTA,Flagged,Sold out at collection time
4925,33,BOM-MAA,IndiGo,IN313,2026-09-16,2026-09-15,T+1,Economy,8132.0,642,321,535,1070,10700.0,Available,OTA,Valid,
4926,33,BOM-MAA,Air India,AI841,2026-09-16,2026-08-02,T+45,Economy,3747.0,296,148,246,493,4930.0,Available,OTA,Valid,
4927,33,BOM-MAA,Air India,AI649,2026-09-16,2026-08-17,T+30,Economy,5358.0,423,212,352,705,7050.0,Available,OTA,Valid,
4928,33,BOM-MAA,Air India,AI303,2026-09-16,2026-09-01,T+15,Economy,6422.0,507,254,422,845,8450.0,Available,OTA,Valid,
4929,33,BOM-MAA,Air India,AI675,2026-09-16,2026-09-09,T+7,Economy,7311.0,577,289,481,962,9620.0,Available,Airline Site,Valid,
4930,33,BOM-MAA,Air India,AI770,2026-09-16,2026-09-15,T+1,Economy,8216.0,649,324,540,1081,10810.0,Available,OTA,Valid,
4931,33,BOM-MAA,Akasa,AK321,2026-09-16,2026-08-02,T+45,Economy,4180.0,330,165,275,550,5500.0,Available,OTA,Valid,
4932,33,BOM-MAA,Akasa,AK346,2026-09-16,2026-08-17,T+30,Economy,5768.0,455,228,380,759,7590.0,Available,OTA,Valid,
4933,33,BOM-MAA,Akasa,AK104,2026-09-16,2026-09-01,T+15,Economy,6939.0,548,274,456,913,9130.0,Available,OTA,Valid,
4934,33,BOM-MAA,Akasa,AK766,2026-09-16,2026-09-09,T+7,Economy,7410.0,585,292,488,975,9750.0,Available,Airline Site,Valid,
4935,33,BOM-MAA,Akasa,AK407,2026-09-16,2026-09-15,T+1,Economy,8702.0,687,344,572,1145,11450.0,Available,OTA,Valid,
4936,33,CCU-BLR,IndiGo,IN124,2026-09-16,2026-08-02,T+45,Economy,2569.0,203,101,169,338,3380.0,Available,OTA,Valid,
4937,33,CCU-BLR,IndiGo,IN838,2026-09-16,2026-08-17,T+30,Economy,3389.0,268,134,223,446,4460.0,Sold Out,Airline Site,Flagged,Sold out at collection time
4938,33,CCU-BLR,IndiGo,IN269,2026-09-16,2026-09-01,T+15,Economy,4491.0,355,177,296,591,5910.0,Available,Airline Site,Valid,
4939,33,CCU-BLR,IndiGo,IN276,2026-09-16,2026-09-09,T+7,Economy,4400.0,347,174,290,579,5790.0,Available,Airline Site,Valid,
4940,33,CCU-BLR,IndiGo,IN557,2026-09-16,2026-09-15,T+1,Economy,5503.0,434,217,362,724,7240.0,Available,OTA,Valid,
4941,33,CCU-BLR,Air India,AI376,2026-09-16,2026-08-02,T+45,Economy,2767.0,218,109,182,364,3640.0,Available,OTA,Valid,
4942,33,CCU-BLR,Air India,AI104,2026-09-16,2026-08-17,T+30,Economy,3891.0,307,154,256,512,5120.0,Available,Airline Site,Valid,
4943,33,CCU-BLR,Air India,AI672,2026-09-16,2026-09-01,T+15,Economy,4180.0,330,165,275,550,5500.0,Available,Airline Site,Valid,
4944,33,CCU-BLR,Air India,AI805,2026-09-16,2026-09-09,T+7,Economy,5069.0,400,200,334,667,6670.0,Available,Airline Site,Valid,
4945,33,CCU-BLR,Air India,AI773,2026-09-16,2026-09-15,T+1,Economy,5251.0,415,207,346,691,6910.0,Available,Airline Site,Valid,
4946,33,CCU-BLR,Akasa,AK242,2026-09-16,2026-08-02,T+45,Economy,2508.0,198,99,165,330,3300.0,Available,OTA,Valid,
4947,33,CCU-BLR,Akasa,AK800,2026-09-16,2026-08-17,T+30,Economy,3458.0,273,136,228,455,4550.0,Available,Airline Site,Valid,
4948,33,CCU-BLR,Akasa,AK952,2026-09-16,2026-09-01,T+15,Economy,4400.0,347,174,290,579,5790.0,Available,Airline Site,Valid,
4949,33,CCU-BLR,Akasa,AK202,2026-09-16,2026-09-09,T+7,Economy,4241.0,335,167,279,558,5580.0,Available,Airline Site,Valid,
4950,33,CCU-BLR,Akasa,AK381,2026-09-16,2026-09-15,T+1,Economy,5176.0,409,204,340,681,6810.0,Available,Airline Site,Valid,
4951,34,DEL-BOM,IndiGo,IN664,2026-09-17,2026-08-03,T+45,Economy,4195.0,331,166,276,552,5520.0,Available,OTA,Valid,
4952,34,DEL-BOM,IndiGo,IN452,2026-09-17,2026-08-18,T+30,Economy,6149.0,485,243,404,809,8090.0,Available,Airline Site,Valid,
4953,34,DEL-BOM,IndiGo,IN641,2026-09-17,2026-09-02,T+15,Economy,7274.0,574,287,478,957,9570.0,Available,OTA,Valid,
4954,34,DEL-BOM,IndiGo,IN182,2026-09-17,2026-09-10,T+7,Economy,7691.0,607,304,506,1012,10120.0,Available,OTA,Valid,
4955,34,DEL-BOM,IndiGo,IN943,2026-09-17,2026-09-16,T+1,Economy,9797.0,773,387,644,1289,12890.0,Available,Airline Site,Valid,
4956,34,DEL-BOM,Air India,AI781,2026-09-17,2026-08-03,T+45,Economy,4499.0,355,178,296,592,5920.0,Available,OTA,Valid,
4957,34,DEL-BOM,Air India,AI873,2026-09-17,2026-08-18,T+30,Economy,6058.0,478,239,398,797,7970.0,Available,OTA,Valid,
4958,34,DEL-BOM,Air India,AI527,2026-09-17,2026-09-02,T+15,Economy,8360.0,660,330,550,1100,11000.0,Available,Airline Site,Valid,
4959,34,DEL-BOM,Air India,AI566,2026-09-17,2026-09-10,T+7,Economy,8588.0,678,339,565,1130,11300.0,Available,OTA,Valid,
4960,34,DEL-BOM,Air India,AI963,2026-09-17,2026-09-16,T+1,Economy,8573.0,677,338,564,1128,11280.0,Available,Airline Site,Valid,
4961,34,DEL-BOM,Akasa,AK533,2026-09-17,2026-08-03,T+45,Economy,4651.0,367,184,306,612,6120.0,Available,Airline Site,Valid,
4962,34,DEL-BOM,Akasa,AK203,2026-09-17,2026-08-18,T+30,Economy,6437.0,508,254,424,847,8470.0,Available,OTA,Valid,
4963,34,DEL-BOM,Akasa,AK221,2026-09-17,2026-09-02,T+15,Economy,7129.0,563,281,469,938,9380.0,Available,OTA,Valid,
4964,34,DEL-BOM,Akasa,AK736,2026-09-17,2026-09-10,T+7,Economy,8382.0,662,331,552,1103,11030.0,Available,OTA,Valid,
4965,34,DEL-BOM,Akasa,AK952,2026-09-17,2026-09-16,T+1,Economy,9424.0,744,372,620,1240,12400.0,Available,Airline Site,Valid,
4966,34,DEL-BLR,IndiGo,IN175,2026-09-17,2026-08-03,T+45,Economy,2166.0,171,86,142,285,2850.0,Available,OTA,Valid,
4967,34,DEL-BLR,IndiGo,IN133,2026-09-17,2026-08-18,T+30,Economy,3078.0,243,122,202,405,4050.0,Available,Airline Site,Valid,
4968,34,DEL-BLR,IndiGo,IN793,2026-09-17,2026-09-02,T+15,Economy,3937.0,311,155,259,518,5180.0,Available,OTA,Valid,
4969,34,DEL-BLR,IndiGo,IN202,2026-09-17,2026-09-10,T+7,Economy,4119.0,325,163,271,542,5420.0,Available,Airline Site,Valid,
4970,34,DEL-BLR,IndiGo,IN894,2026-09-17,2026-09-16,T+1,Economy,4135.0,326,163,272,544,5440.0,Available,Airline Site,Valid,
4971,34,DEL-BLR,Air India,AI773,2026-09-17,2026-08-03,T+45,Economy,2280.0,180,90,150,300,3000.0,Available,Airline Site,Valid,
4972,34,DEL-BLR,Air India,AI935,2026-09-17,2026-08-18,T+30,Economy,2812.0,222,111,185,370,3700.0,Available,OTA,Valid,
4973,34,DEL-BLR,Air India,AI248,2026-09-17,2026-09-02,T+15,Economy,3755.0,296,148,247,494,4940.0,Available,Airline Site,Valid,
4974,34,DEL-BLR,Air India,AI582,2026-09-17,2026-09-10,T+7,Economy,3769.0,298,149,248,496,4960.0,Available,OTA,Valid,
4975,34,DEL-BLR,Air India,AI720,2026-09-17,2026-09-16,T+1,Economy,4430.0,350,175,292,583,5830.0,Available,Airline Site,Valid,
4976,34,DEL-BLR,Akasa,AK392,2026-09-17,2026-08-03,T+45,Economy,2341.0,185,92,154,308,3080.0,Available,Airline Site,Valid,
4977,34,DEL-BLR,Akasa,AK824,2026-09-17,2026-08-18,T+30,Economy,3413.0,269,135,224,449,4490.0,Available,OTA,Valid,
4978,34,DEL-BLR,Akasa,AK481,2026-09-17,2026-09-02,T+15,Economy,3983.0,314,157,262,524,5240.0,Available,Airline Site,Valid,
4979,34,DEL-BLR,Akasa,AK976,2026-09-17,2026-09-10,T+7,Economy,4985.0,394,197,328,656,6560.0,Available,OTA,Valid,
4980,34,DEL-BLR,Akasa,AK209,2026-09-17,2026-09-16,T+1,Economy,4909.0,388,194,323,646,6460.0,Available,OTA,Valid,
4981,34,BOM-BLR,IndiGo,IN719,2026-09-17,2026-08-03,T+45,Economy,2173.0,172,86,143,286,2860.0,Available,OTA,Valid,
4982,34,BOM-BLR,IndiGo,IN318,2026-09-17,2026-08-18,T+30,Economy,3040.0,240,120,200,400,4000.0,Available,Airline Site,Valid,
4983,34,BOM-BLR,IndiGo,IN729,2026-09-17,2026-09-02,T+15,Economy,3762.0,297,148,248,495,4950.0,Available,Airline Site,Valid,
4984,34,BOM-BLR,IndiGo,IN939,2026-09-17,2026-09-10,T+7,Economy,4203.0,332,166,276,553,5530.0,Available,Airline Site,Valid,
4985,34,BOM-BLR,IndiGo,IN506,2026-09-17,2026-09-16,T+1,Economy,3883.0,307,153,256,511,5110.0,Available,Airline Site,Valid,
4986,34,BOM-BLR,Air India,AI545,2026-09-17,2026-08-03,T+45,Economy,2227.0,176,88,146,293,2930.0,Available,Airline Site,Valid,
4987,34,BOM-BLR,Air India,AI678,2026-09-17,2026-08-18,T+30,Economy,3048.0,241,120,200,401,4010.0,Available,OTA,Valid,
4988,34,BOM-BLR,Air India,AI399,2026-09-17,2026-09-02,T+15,Economy,3717.0,293,147,244,489,4890.0,Available,Airline Site,Valid,
4989,34,BOM-BLR,Air India,AI360,2026-09-17,2026-09-10,T+7,Economy,3960.0,313,156,260,521,5210.0,Available,Airline Site,Valid,
4990,34,BOM-BLR,Air India,AI106,2026-09-17,2026-09-16,T+1,Economy,4051.0,320,160,266,533,5330.0,Available,OTA,Valid,
4991,34,BOM-BLR,Akasa,AK668,2026-09-17,2026-08-03,T+45,Economy,2189.0,173,86,144,288,2880.0,Available,Airline Site,Valid,
4992,34,BOM-BLR,Akasa,AK454,2026-09-17,2026-08-18,T+30,Economy,3002.0,237,118,198,395,3950.0,Available,Airline Site,Valid,
4993,34,BOM-BLR,Akasa,AK563,2026-09-17,2026-09-02,T+15,Economy,3778.0,298,149,248,497,4970.0,Available,Airline Site,Valid,
4994,34,BOM-BLR,Akasa,AK378,2026-09-17,2026-09-10,T+7,Economy,3937.0,311,155,259,518,5180.0,Sold Out,Airline Site,Flagged,Sold out at collection time
4995,34,BOM-BLR,Akasa,AK570,2026-09-17,2026-09-16,T+1,Economy,4225.0,334,167,278,556,5560.0,Available,OTA,Valid,
4996,34,DEL-CCU,IndiGo,IN534,2026-09-17,2026-08-03,T+45,Economy,2926.0,231,116,192,385,3850.0,Available,Airline Site,Valid,
4997,34,DEL-CCU,IndiGo,IN950,2026-09-17,2026-08-18,T+30,Economy,3883.0,307,153,256,511,5110.0,Available,Airline Site,Valid,
4998,34,DEL-CCU,IndiGo,IN992,2026-09-17,2026-09-02,T+15,Economy,4879.0,385,193,321,642,6420.0,Available,Airline Site,Valid,
4999,34,DEL-CCU,IndiGo,IN161,2026-09-17,2026-09-10,T+7,Economy,5221.0,412,206,344,687,6870.0,Available,OTA,Valid,
5000,34,DEL-CCU,IndiGo,IN340,2026-09-17,2026-09-16,T+1,Economy,5373.0,424,212,354,707,7070.0,Available,Airline Site,Valid,
5001,34,DEL-CCU,Air India,AI663,2026-09-17,2026-08-03,T+45,Economy,2797.0,221,110,184,368,3680.0,Available,Airline Site,Valid,
5002,34,DEL-CCU,Air India,AI635,2026-09-17,2026-08-18,T+30,Economy,4104.0,324,162,270,540,5400.0,Available,OTA,Valid,
5003,34,DEL-CCU,Air India,AI343,2026-09-17,2026-09-02,T+15,Economy,4712.0,372,186,310,620,6200.0,Available,Airline Site,Valid,
5004,34,DEL-CCU,Air India,AI351,2026-09-17,2026-09-10,T+7,Economy,5669.0,448,224,373,746,7460.0,Available,Airline Site,Valid,
5005,34,DEL-CCU,Air India,AI823,2026-09-17,2026-09-16,T+1,Economy,5784.0,457,228,380,761,7610.0,Available,OTA,Valid,
5006,34,DEL-CCU,Akasa,AK462,2026-09-17,2026-08-03,T+45,Economy,2835.0,224,112,186,373,3730.0,Available,OTA,Valid,
5007,34,DEL-CCU,Akasa,AK151,2026-09-17,2026-08-18,T+30,Economy,3930.0,310,155,258,517,5170.0,Available,Airline Site,Valid,
5008,34,DEL-CCU,Akasa,AK375,2026-09-17,2026-09-02,T+15,Economy,4895.0,386,193,322,644,6440.0,Available,Airline Site,Valid,
5009,34,DEL-CCU,Akasa,AK958,2026-09-17,2026-09-10,T+7,Economy,5920.0,467,234,390,779,7790.0,Available,Airline Site,Valid,
5010,34,DEL-CCU,Akasa,AK641,2026-09-17,2026-09-16,T+1,Economy,5434.0,429,214,358,715,7150.0,Available,Airline Site,Valid,
5011,34,DEL-HYD,IndiGo,IN758,2026-09-17,2026-08-03,T+45,Economy,3223.0,254,127,212,424,4240.0,Available,OTA,Valid,
5012,34,DEL-HYD,IndiGo,IN583,2026-09-17,2026-08-18,T+30,Economy,4621.0,365,182,304,608,6080.0,Available,OTA,Valid,
5013,34,DEL-HYD,IndiGo,IN217,2026-09-17,2026-09-02,T+15,Economy,5342.0,422,211,352,703,7030.0,Available,OTA,Valid,
5014,34,DEL-HYD,IndiGo,IN549,2026-09-17,2026-09-10,T+7,Economy,5906.0,466,233,388,777,7770.0,Available,Airline Site,Valid,
5015,34,DEL-HYD,IndiGo,IN612,2026-09-17,2026-09-16,T+1,Economy,6992.0,552,276,460,920,9200.0,Available,Airline Site,Valid,
5016,34,DEL-HYD,Air India,AI209,2026-09-17,2026-08-03,T+45,Economy,3397.0,268,134,224,447,4470.0,Available,OTA,Valid,
5017,34,DEL-HYD,Air India,AI894,2026-09-17,2026-08-18,T+30,Economy,4750.0,375,188,312,625,6250.0,Available,Airline Site,Valid,
5018,34,DEL-HYD,Air India,AI606,2026-09-17,2026-09-02,T+15,Economy,6285.0,496,248,414,827,8270.0,Available,Airline Site,Valid,
5019,34,DEL-HYD,Air India,AI637,2026-09-17,2026-09-10,T+7,Economy,6156.0,486,243,405,810,8100.0,Available,OTA,Valid,
5020,34,DEL-HYD,Air India,AI846,2026-09-17,2026-09-16,T+1,Economy,7288.0,575,288,480,959,9590.0,Available,OTA,Valid,
5021,34,DEL-HYD,Akasa,AK906,2026-09-17,2026-08-03,T+45,Economy,3275.0,259,129,216,431,4310.0,Available,OTA,Valid,
5022,34,DEL-HYD,Akasa,AK844,2026-09-17,2026-08-18,T+30,Economy,4278.0,338,169,282,563,5630.0,Available,OTA,Valid,
5023,34,DEL-HYD,Akasa,AK924,2026-09-17,2026-09-02,T+15,Economy,5997.0,473,237,394,789,7890.0,Available,Airline Site,Valid,
5024,34,DEL-HYD,Akasa,AK787,2026-09-17,2026-09-10,T+7,Economy,6392.0,505,252,420,841,8410.0,Available,Airline Site,Valid,
5025,34,DEL-HYD,Akasa,AK715,2026-09-17,2026-09-16,T+1,Economy,6285.0,496,248,414,827,8270.0,Available,OTA,Valid,
5026,34,BOM-HYD,IndiGo,IN356,2026-09-17,2026-08-03,T+45,Economy,3237.0,256,128,213,426,4260.0,Available,OTA,Valid,
5027,34,BOM-HYD,IndiGo,IN707,2026-09-17,2026-08-18,T+30,Economy,4538.0,358,179,298,597,5970.0,Available,OTA,Valid,
5028,34,BOM-HYD,IndiGo,IN664,2026-09-17,2026-09-02,T+15,Economy,6035.0,476,238,397,794,7940.0,Available,Airline Site,Valid,
5029,34,BOM-HYD,IndiGo,IN325,2026-09-17,2026-09-10,T+7,Economy,5517.0,436,218,363,726,7260.0,Available,Airline Site,Valid,
5030,34,BOM-HYD,IndiGo,IN963,2026-09-17,2026-09-16,T+1,Economy,6491.0,512,256,427,854,8540.0,Available,OTA,Valid,
5031,34,BOM-HYD,Air India,AI898,2026-09-17,2026-08-03,T+45,Economy,3207.0,253,127,211,422,4220.0,Available,Airline Site,Valid,
5032,34,BOM-HYD,Air India,AI159,2026-09-17,2026-08-18,T+30,Economy,4218.0,333,166,278,555,5550.0,Available,Airline Site,Valid,
5033,34,BOM-HYD,Air India,AI370,2026-09-17,2026-09-02,T+15,Economy,4940.0,390,195,325,650,6500.0,Sold Out,Airline Site,Flagged,Sold out at collection time
5034,34,BOM-HYD,Air India,AI562,2026-09-17,2026-09-10,T+7,Economy,5845.0,461,231,384,769,7690.0,Available,Airline Site,Valid,
5035,34,BOM-HYD,Air India,AI297,2026-09-17,2026-09-16,T+1,Economy,5859.0,463,231,386,771,7710.0,Sold Out,Airline Site,Flagged,Sold out at collection time
5036,34,BOM-HYD,Akasa,AK510,2026-09-17,2026-08-03,T+45,Economy,3131.0,247,124,206,412,4120.0,Available,OTA,Valid,
5037,34,BOM-HYD,Akasa,AK727,2026-09-17,2026-08-18,T+30,Economy,4013.0,317,158,264,528,5280.0,Available,OTA,Valid,
5038,34,BOM-HYD,Akasa,AK391,2026-09-17,2026-09-02,T+15,Economy,5510.0,435,218,362,725,7250.0,Available,OTA,Valid,
5039,34,BOM-HYD,Akasa,AK265,2026-09-17,2026-09-10,T+7,Economy,5745.0,454,227,378,756,7560.0,Available,Airline Site,Valid,
5040,34,BOM-HYD,Akasa,AK385,2026-09-17,2026-09-16,T+1,Economy,5457.0,431,215,359,718,7180.0,Available,OTA,Valid,
5041,34,BLR-HYD,IndiGo,IN666,2026-09-17,2026-08-03,T+45,Economy,3275.0,259,129,216,431,4310.0,Available,Airline Site,Valid,
5042,34,BLR-HYD,IndiGo,IN109,2026-09-17,2026-08-18,T+30,Economy,4734.0,374,187,312,623,6230.0,Available,OTA,Valid,
5043,34,BLR-HYD,IndiGo,IN974,2026-09-17,2026-09-02,T+15,Economy,5267.0,416,208,346,693,6930.0,Available,OTA,Valid,
5044,34,BLR-HYD,IndiGo,IN517,2026-09-17,2026-09-10,T+7,Economy,5867.0,463,232,386,772,7720.0,Available,Airline Site,Valid,
5045,34,BLR-HYD,IndiGo,IN475,2026-09-17,2026-09-16,T+1,Economy,6004.0,474,237,395,790,7900.0,Available,OTA,Valid,
5046,34,BLR-HYD,Air India,AI205,2026-09-17,2026-08-03,T+45,Economy,3177.0,251,125,209,418,4180.0,Available,OTA,Valid,
5047,34,BLR-HYD,Air India,AI674,2026-09-17,2026-08-18,T+30,Economy,4211.0,332,166,277,554,5540.0,Available,Airline Site,Valid,
5048,34,BLR-HYD,Air India,AI638,2026-09-17,2026-09-02,T+15,Economy,5525.0,436,218,364,727,7270.0,Available,Airline Site,Valid,
5049,34,BLR-HYD,Air India,AI270,2026-09-17,2026-09-10,T+7,Economy,5928.0,468,234,390,780,7800.0,Available,Airline Site,Valid,
5050,34,BLR-HYD,Air India,AI113,2026-09-17,2026-09-16,T+1,Economy,6802.0,537,268,448,895,8950.0,Available,OTA,Valid,
5051,34,BLR-HYD,Akasa,AK812,2026-09-17,2026-08-03,T+45,Economy,3283.0,259,130,216,432,4320.0,Available,OTA,Valid,
5052,34,BLR-HYD,Akasa,AK299,2026-09-17,2026-08-18,T+30,Economy,4332.0,342,171,285,570,5700.0,Available,Airline Site,Valid,
5053,34,BLR-HYD,Akasa,AK581,2026-09-17,2026-09-02,T+15,Economy,5723.0,452,226,376,753,7530.0,Available,OTA,Valid,
5054,34,BLR-HYD,Akasa,AK968,2026-09-17,2026-09-10,T+7,Economy,5616.0,443,222,370,739,7390.0,Sold Out,Airline Site,Flagged,Sold out at collection time
5055,34,BLR-HYD,Akasa,AK715,2026-09-17,2026-09-16,T+1,Economy,6201.0,490,245,408,816,8160.0,Available,OTA,Valid,
5056,34,DEL-MAA,IndiGo,IN531,2026-09-17,2026-08-03,T+45,Economy,2910.0,230,115,192,383,3830.0,Available,Airline Site,Valid,
5057,34,DEL-MAA,IndiGo,IN661,2026-09-17,2026-08-18,T+30,Economy,4157.0,328,164,274,547,5470.0,Available,Airline Site,Valid,
5058,34,DEL-MAA,IndiGo,IN850,2026-09-17,2026-09-02,T+15,Economy,4757.0,376,188,313,626,6260.0,Available,Airline Site,Valid,
5059,34,DEL-MAA,IndiGo,IN450,2026-09-17,2026-09-10,T+7,Economy,5054.0,399,200,332,665,6650.0,Available,OTA,Valid,
5060,34,DEL-MAA,IndiGo,IN857,2026-09-17,2026-09-16,T+1,Economy,5373.0,424,212,354,707,7070.0,Available,Airline Site,Valid,
5061,34,DEL-MAA,Air India,AI951,2026-09-17,2026-08-03,T+45,Economy,2926.0,231,116,192,385,3850.0,Available,OTA,Valid,
5062,34,DEL-MAA,Air India,AI208,2026-09-17,2026-08-18,T+30,Economy,4135.0,326,163,272,544,5440.0,Available,Airline Site,Valid,
5063,34,DEL-MAA,Air India,AI138,2026-09-17,2026-09-02,T+15,Economy,5031.0,397,199,331,662,6620.0,Available,OTA,Valid,
5064,34,DEL-MAA,Air India,AI466,2026-09-17,2026-09-10,T+7,Economy,5099.0,403,201,336,671,6710.0,Available,Airline Site,Valid,
5065,34,DEL-MAA,Air India,AI425,2026-09-17,2026-09-16,T+1,Economy,6125.0,484,242,403,806,8060.0,Available,OTA,Valid,
5066,34,DEL-MAA,Akasa,AK108,2026-09-17,2026-08-03,T+45,Economy,2744.0,217,108,180,361,3610.0,Available,OTA,Valid,
5067,34,DEL-MAA,Akasa,AK854,2026-09-17,2026-08-18,T+30,Economy,3731.0,295,147,246,491,4910.0,Available,Airline Site,Valid,
5068,34,DEL-MAA,Akasa,AK777,2026-09-17,2026-09-02,T+15,Economy,4757.0,376,188,313,626,6260.0,Available,OTA,Valid,
5069,34,DEL-MAA,Akasa,AK846,2026-09-17,2026-09-10,T+7,Economy,4667.0,368,184,307,614,6140.0,Sold Out,Airline Site,Flagged,Sold out at collection time
5070,34,DEL-MAA,Akasa,AK751,2026-09-17,2026-09-16,T+1,Economy,5784.0,457,228,380,761,7610.0,Available,Airline Site,Valid,
5071,34,BOM-MAA,IndiGo,IN620,2026-09-17,2026-08-03,T+45,Economy,4325.0,341,171,284,569,5690.0,Available,Airline Site,Valid,
5072,34,BOM-MAA,IndiGo,IN296,2026-09-17,2026-08-18,T+30,Economy,5707.0,451,225,376,751,7510.0,Available,OTA,Valid,
5073,34,BOM-MAA,IndiGo,IN223,2026-09-17,2026-09-02,T+15,Economy,6787.0,536,268,446,893,8930.0,Available,Airline Site,Valid,
5074,34,BOM-MAA,IndiGo,IN823,2026-09-17,2026-09-10,T+7,Economy,8831.0,697,349,581,1162,11620.0,Available,OTA,Valid,
5075,34,BOM-MAA,IndiGo,IN274,2026-09-17,2026-09-16,T+1,Economy,7873.0,622,311,518,1036,10360.0,Available,OTA,Valid,
5076,34,BOM-MAA,Air India,AI959,2026-09-17,2026-08-03,T+45,Economy,3762.0,297,148,248,495,4950.0,Available,Airline Site,Valid,
5077,34,BOM-MAA,Air India,AI289,2026-09-17,2026-08-18,T+30,Economy,5038.0,398,199,332,663,6630.0,Available,OTA,Valid,
5078,34,BOM-MAA,Air India,AI196,2026-09-17,2026-09-02,T+15,Economy,6171.0,487,244,406,812,8120.0,Available,Airline Site,Valid,
5079,34,BOM-MAA,Air India,AI374,2026-09-17,2026-09-10,T+7,Economy,7091.0,560,280,466,933,9330.0,Available,OTA,Valid,
5080,34,BOM-MAA,Air India,AI131,2026-09-17,2026-09-16,T+1,Economy,7037.0,556,278,463,926,9260.0,Available,OTA,Valid,
5081,34,BOM-MAA,Akasa,AK814,2026-09-17,2026-08-03,T+45,Economy,3769.0,298,149,248,496,4960.0,Available,OTA,Valid,
5082,34,BOM-MAA,Akasa,AK193,2026-09-17,2026-08-18,T+30,Economy,5130.0,405,202,338,675,6750.0,Available,OTA,Valid,
5083,34,BOM-MAA,Akasa,AK526,2026-09-17,2026-09-02,T+15,Economy,6848.0,541,270,450,901,9010.0,Available,Airline Site,Valid,
5084,34,BOM-MAA,Akasa,AK205,2026-09-17,2026-09-10,T+7,Economy,7379.0,583,291,486,971,9710.0,Available,OTA,Valid,
5085,34,BOM-MAA,Akasa,AK823,2026-09-17,2026-09-16,T+1,Economy,7144.0,564,282,470,940,9400.0,Available,Airline Site,Valid,
5086,34,CCU-BLR,IndiGo,IN958,2026-09-17,2026-08-03,T+45,Economy,2394.0,189,94,158,315,3150.0,Available,Airline Site,Valid,
5087,34,CCU-BLR,IndiGo,IN620,2026-09-17,2026-08-18,T+30,Economy,3397.0,268,134,224,447,4470.0,Available,Airline Site,Valid,
5088,34,CCU-BLR,IndiGo,IN941,2026-09-17,2026-09-02,T+15,Economy,3960.0,313,156,260,521,5210.0,Available,Airline Site,Valid,
5089,34,CCU-BLR,IndiGo,IN427,2026-09-17,2026-09-10,T+7,Economy,4704.0,371,186,310,619,6190.0,Available,Airline Site,Valid,
5090,34,CCU-BLR,IndiGo,IN279,2026-09-17,2026-09-16,T+1,Economy,5282.0,417,208,348,695,6950.0,Sold Out,Airline Site,Flagged,Sold out at collection time
5091,34,CCU-BLR,Air India,AI697,2026-09-17,2026-08-03,T+45,Economy,2387.0,188,94,157,314,3140.0,Available,OTA,Valid,
5092,34,CCU-BLR,Air India,AI683,2026-09-17,2026-08-18,T+30,Economy,3344.0,264,132,220,440,4400.0,Available,Airline Site,Valid,
5093,34,CCU-BLR,Air India,AI356,2026-09-17,2026-09-02,T+15,Economy,4021.0,317,159,264,529,5290.0,Available,Airline Site,Valid,
5094,34,CCU-BLR,Air India,AI872,2026-09-17,2026-09-10,T+7,Economy,4674.0,369,184,308,615,6150.0,Available,Airline Site,Valid,
5095,34,CCU-BLR,Air India,AI902,2026-09-17,2026-09-16,T+1,Economy,5365.0,424,212,353,706,7060.0,Available,Airline Site,Valid,
5096,34,CCU-BLR,Akasa,AK102,2026-09-17,2026-08-03,T+45,Economy,2371.0,187,94,156,312,3120.0,Available,Airline Site,Valid,
5097,34,CCU-BLR,Akasa,AK519,2026-09-17,2026-08-18,T+30,Economy,3214.0,254,127,212,423,4230.0,Available,OTA,Valid,
5098,34,CCU-BLR,Akasa,AK335,2026-09-17,2026-09-02,T+15,Economy,4271.0,337,169,281,562,5620.0,Available,OTA,Valid,
5099,34,CCU-BLR,Akasa,AK855,2026-09-17,2026-09-10,T+7,Economy,4241.0,335,167,279,558,5580.0,Available,OTA,Valid,
5100,34,CCU-BLR,Akasa,AK138,2026-09-17,2026-09-16,T+1,Economy,5312.0,419,210,350,699,6990.0,Available,OTA,Valid,
5101,35,DEL-BOM,IndiGo,IN492,2026-09-18,2026-08-04,T+45,Economy,4294.0,339,170,282,565,5650.0,Available,Airline Site,Valid,
5102,35,DEL-BOM,IndiGo,IN560,2026-09-18,2026-08-19,T+30,Economy,5761.0,455,227,379,758,7580.0,Available,OTA,Valid,
5103,35,DEL-BOM,IndiGo,IN982,2026-09-18,2026-09-03,T+15,Economy,7509.0,593,296,494,988,9880.0,Available,OTA,Valid,
5104,35,DEL-BOM,IndiGo,IN591,2026-09-18,2026-09-11,T+7,Economy,8459.0,668,334,556,1113,11130.0,Available,Airline Site,Valid,
5105,35,DEL-BOM,IndiGo,IN719,2026-09-18,2026-09-17,T+1,Economy,8109.0,640,320,534,1067,10670.0,Available,OTA,Valid,
5106,35,DEL-BOM,Air India,AI959,2026-09-18,2026-08-04,T+45,Economy,4400.0,347,174,290,579,5790.0,Available,OTA,Valid,
5107,35,DEL-BOM,Air India,AI227,2026-09-18,2026-08-19,T+30,Economy,5700.0,450,225,375,750,7500.0,Available,Airline Site,Valid,
5108,35,DEL-BOM,Air India,AI917,2026-09-18,2026-09-03,T+15,Economy,6818.0,538,269,448,897,8970.0,Available,OTA,Valid,
5109,35,DEL-BOM,Air India,AI566,2026-09-18,2026-09-11,T+7,Economy,7585.0,599,299,499,998,9980.0,Available,OTA,Valid,
5110,35,DEL-BOM,Air India,AI725,2026-09-18,2026-09-17,T+1,Economy,10047.0,793,397,661,1322,13220.0,Available,OTA,Valid,
5111,35,DEL-BOM,Akasa,AK651,2026-09-18,2026-08-04,T+45,Economy,4568.0,361,180,300,601,6010.0,Available,OTA,Valid,
5112,35,DEL-BOM,Akasa,AK209,2026-09-18,2026-08-19,T+30,Economy,6118.0,483,242,402,805,8050.0,Available,Airline Site,Valid,
5113,35,DEL-BOM,Akasa,AK543,2026-09-18,2026-09-03,T+15,Economy,8543.0,674,337,562,1124,11240.0,Available,Airline Site,Valid,
5114,35,DEL-BOM,Akasa,AK184,2026-09-18,2026-09-11,T+7,Economy,9386.0,741,370,618,1235,12350.0,Available,Airline Site,Valid,
5115,35,DEL-BOM,Akasa,AK833,2026-09-18,2026-09-17,T+1,Economy,9811.0,775,387,646,1291,12910.0,Available,OTA,Valid,
5116,35,DEL-BLR,IndiGo,IN845,2026-09-18,2026-08-04,T+45,Economy,2227.0,176,88,146,293,2930.0,Available,OTA,Valid,
5117,35,DEL-BLR,IndiGo,IN532,2026-09-18,2026-08-19,T+30,Economy,2903.0,229,115,191,382,3820.0,Available,Airline Site,Valid,
5118,35,DEL-BLR,IndiGo,IN367,2026-09-18,2026-09-03,T+15,Economy,3755.0,296,148,247,494,4940.0,Available,Airline Site,Valid,
5119,35,DEL-BLR,IndiGo,IN476,2026-09-18,2026-09-11,T+7,Economy,3990.0,315,158,262,525,5250.0,Available,OTA,Valid,
5120,35,DEL-BLR,IndiGo,IN384,2026-09-18,2026-09-17,T+1,Economy,4568.0,361,180,300,601,6010.0,Available,Airline Site,Valid,
5121,35,DEL-BLR,Air India,AI824,2026-09-18,2026-08-04,T+45,Economy,2341.0,185,92,154,308,3080.0,Available,Airline Site,Valid,
5122,35,DEL-BLR,Air India,AI238,2026-09-18,2026-08-19,T+30,Economy,3131.0,247,124,206,412,4120.0,Available,OTA,Valid,
5123,35,DEL-BLR,Air India,AI545,2026-09-18,2026-09-03,T+15,Economy,4386.0,346,173,288,577,5770.0,Available,Airline Site,Valid,
5124,35,DEL-BLR,Air India,AI227,2026-09-18,2026-09-11,T+7,Economy,4917.0,388,194,324,647,6470.0,Available,Airline Site,Valid,
5125,35,DEL-BLR,Air India,AI982,2026-09-18,2026-09-17,T+1,Economy,5107.0,403,202,336,672,6720.0,Available,Airline Site,Valid,
5126,35,DEL-BLR,Akasa,AK538,2026-09-18,2026-08-04,T+45,Economy,2371.0,187,94,156,312,3120.0,Available,OTA,Valid,
5127,35,DEL-BLR,Akasa,AK908,2026-09-18,2026-08-19,T+30,Economy,3214.0,254,127,212,423,4230.0,Available,OTA,Valid,
5128,35,DEL-BLR,Akasa,AK762,2026-09-18,2026-09-03,T+15,Economy,4051.0,320,160,266,533,5330.0,Available,Airline Site,Valid,
5129,35,DEL-BLR,Akasa,AK672,2026-09-18,2026-09-11,T+7,Economy,4575.0,361,181,301,602,6020.0,Available,OTA,Valid,
5130,35,DEL-BLR,Akasa,AK326,2026-09-18,2026-09-17,T+1,Economy,4332.0,342,171,285,570,5700.0,Sold Out,Airline Site,Flagged,Sold out at collection time
5131,35,BOM-BLR,IndiGo,IN691,2026-09-18,2026-08-04,T+45,Economy,1900.0,150,75,125,250,2500.0,Available,OTA,Valid,
5132,35,BOM-BLR,IndiGo,IN764,2026-09-18,2026-08-19,T+30,Economy,2485.0,196,98,164,327,3270.0,Available,OTA,Valid,
5133,35,BOM-BLR,IndiGo,IN477,2026-09-18,2026-09-03,T+15,Economy,3329.0,263,131,219,438,4380.0,Available,OTA,Valid,
5134,35,BOM-BLR,IndiGo,IN877,2026-09-18,2026-09-11,T+7,Economy,3565.0,281,141,234,469,4690.0,Available,Airline Site,Valid,
5135,35,BOM-BLR,IndiGo,IN152,2026-09-18,2026-09-17,T+1,Economy,3739.0,295,148,246,492,4920.0,Available,OTA,Valid,
5136,35,BOM-BLR,Air India,AI743,2026-09-18,2026-08-04,T+45,Economy,1938.0,153,76,128,255,2550.0,Available,OTA,Valid,
5137,35,BOM-BLR,Air India,AI865,2026-09-18,2026-08-19,T+30,Economy,2667.0,211,105,176,351,3510.0,Available,Airline Site,Valid,
5138,35,BOM-BLR,Air India,AI790,2026-09-18,2026-09-03,T+15,Economy,3161.0,250,125,208,416,4160.0,Available,Airline Site,Valid,
5139,35,BOM-BLR,Air India,AI531,2026-09-18,2026-09-11,T+7,Economy,3458.0,273,136,228,455,4550.0,Available,Airline Site,Valid,
5140,35,BOM-BLR,Air India,AI227,2026-09-18,2026-09-17,T+1,Economy,3861.0,305,152,254,508,5080.0,Available,OTA,Valid,
5141,35,BOM-BLR,Akasa,AK538,2026-09-18,2026-08-04,T+45,Economy,1984.0,157,78,130,261,2610.0,Available,OTA,Valid,
5142,35,BOM-BLR,Akasa,AK501,2026-09-18,2026-08-19,T+30,Economy,2789.0,220,110,184,367,3670.0,Available,OTA,Valid,
5143,35,BOM-BLR,Akasa,AK667,2026-09-18,2026-09-03,T+15,Economy,3511.0,277,139,231,462,4620.0,Available,OTA,Valid,
5144,35,BOM-BLR,Akasa,AK607,2026-09-18,2026-09-11,T+7,Economy,3952.0,312,156,260,520,5200.0,Available,OTA,Valid,
5145,35,BOM-BLR,Akasa,AK765,2026-09-18,2026-09-17,T+1,Economy,4180.0,330,165,275,550,5500.0,Available,OTA,Valid,
5146,35,DEL-CCU,IndiGo,IN294,2026-09-18,2026-08-04,T+45,Economy,3055.0,241,121,201,402,4020.0,Available,OTA,Valid,
5147,35,DEL-CCU,IndiGo,IN990,2026-09-18,2026-08-19,T+30,Economy,4408.0,348,174,290,580,5800.0,Sold Out,Airline Site,Flagged,Sold out at collection time
5148,35,DEL-CCU,IndiGo,IN670,2026-09-18,2026-09-03,T+15,Economy,5206.0,411,206,342,685,6850.0,Available,Airline Site,Valid,
5149,35,DEL-CCU,IndiGo,IN987,2026-09-18,2026-09-11,T+7,Economy,5396.0,426,213,355,710,7100.0,Available,OTA,Valid,
5150,35,DEL-CCU,IndiGo,IN555,2026-09-18,2026-09-17,T+1,Economy,5959.0,470,235,392,784,7840.0,Available,OTA,Valid,
5151,35,DEL-CCU,Air India,AI312,2026-09-18,2026-08-04,T+45,Economy,2714.0,214,107,178,357,3570.0,Available,Airline Site,Valid,
5152,35,DEL-CCU,Air India,AI907,2026-09-18,2026-08-19,T+30,Economy,3488.0,275,138,230,459,4590.0,Sold Out,Airline Site,Flagged,Sold out at collection time
5153,35,DEL-CCU,Air India,AI134,2026-09-18,2026-09-03,T+15,Economy,4629.0,365,183,304,609,6090.0,Available,OTA,Valid,
5154,35,DEL-CCU,Air India,AI253,2026-09-18,2026-09-11,T+7,Economy,5085.0,401,201,334,669,6690.0,Available,OTA,Valid,
5155,35,DEL-CCU,Air India,AI637,2026-09-18,2026-09-17,T+1,Economy,5754.0,454,227,378,757,7570.0,Available,OTA,Valid,
5156,35,DEL-CCU,Akasa,AK284,2026-09-18,2026-08-04,T+45,Economy,3002.0,237,118,198,395,3950.0,Available,Airline Site,Valid,
5157,35,DEL-CCU,Akasa,AK132,2026-09-18,2026-08-19,T+30,Economy,4325.0,341,171,284,569,5690.0,Available,Airline Site,Valid,
5158,35,DEL-CCU,Akasa,AK577,2026-09-18,2026-09-03,T+15,Economy,5396.0,426,213,355,710,7100.0,Sold Out,Airline Site,Flagged,Sold out at collection time
5159,35,DEL-CCU,Akasa,AK934,2026-09-18,2026-09-11,T+7,Economy,5275.0,416,208,347,694,6940.0,Available,OTA,Valid,
5160,35,DEL-CCU,Akasa,AK714,2026-09-18,2026-09-17,T+1,Economy,6491.0,512,256,427,854,8540.0,Available,OTA,Valid,
5161,35,DEL-HYD,IndiGo,IN425,2026-09-18,2026-08-04,T+45,Economy,3443.0,272,136,226,453,4530.0,Available,OTA,Valid,
5162,35,DEL-HYD,IndiGo,IN536,2026-09-18,2026-08-19,T+30,Economy,4872.0,385,192,320,641,6410.0,Available,OTA,Valid,
5163,35,DEL-HYD,IndiGo,IN195,2026-09-18,2026-09-03,T+15,Economy,5943.0,469,235,391,782,7820.0,Available,OTA,Valid,
5164,35,DEL-HYD,IndiGo,IN387,2026-09-18,2026-09-11,T+7,Economy,6741.0,532,266,444,887,8870.0,Available,OTA,Valid,
5165,35,DEL-HYD,IndiGo,IN900,2026-09-18,2026-09-17,T+1,Economy,7045.0,556,278,464,927,9270.0,Available,Airline Site,Valid,
5166,35,DEL-HYD,Air India,AI236,2026-09-18,2026-08-04,T+45,Economy,3322.0,262,131,218,437,4370.0,Available,OTA,Valid,
5167,35,DEL-HYD,Air India,AI117,2026-09-18,2026-08-19,T+30,Economy,4811.0,380,190,316,633,6330.0,Available,Airline Site,Valid,
5168,35,DEL-HYD,Air India,AI338,2026-09-18,2026-09-03,T+15,Economy,5335.0,421,211,351,702,7020.0,Available,Airline Site,Valid,
5169,35,DEL-HYD,Air India,AI290,2026-09-18,2026-09-11,T+7,Economy,6673.0,527,263,439,878,8780.0,Available,OTA,Valid,
5170,35,DEL-HYD,Air India,AI958,2026-09-18,2026-09-17,T+1,Economy,7288.0,575,288,480,959,9590.0,Available,Airline Site,Valid,
5171,35,DEL-HYD,Akasa,AK168,2026-09-18,2026-08-04,T+45,Economy,3382.0,267,134,222,445,4450.0,Available,OTA,Valid,
5172,35,DEL-HYD,Akasa,AK644,2026-09-18,2026-08-19,T+30,Economy,4309.0,340,170,284,567,5670.0,Available,Airline Site,Valid,
5173,35,DEL-HYD,Akasa,AK988,2026-09-18,2026-09-03,T+15,Economy,5328.0,421,210,350,701,7010.0,Available,Airline Site,Valid,
5174,35,DEL-HYD,Akasa,AK612,2026-09-18,2026-09-11,T+7,Economy,5959.0,470,235,392,784,7840.0,Available,OTA,Valid,
5175,35,DEL-HYD,Akasa,AK947,2026-09-18,2026-09-17,T+1,Economy,6757.0,533,267,444,889,8890.0,Available,Airline Site,Valid,
5176,35,BOM-HYD,IndiGo,IN864,2026-09-18,2026-08-04,T+45,Economy,3018.0,238,119,198,397,3970.0,Available,Airline Site,Valid,
5177,35,BOM-HYD,IndiGo,IN616,2026-09-18,2026-08-19,T+30,Economy,4112.0,325,162,270,541,5410.0,Available,Airline Site,Valid,
5178,35,BOM-HYD,IndiGo,IN650,2026-09-18,2026-09-03,T+15,Economy,5494.0,434,217,362,723,7230.0,Available,OTA,Valid,
5179,35,BOM-HYD,IndiGo,IN985,2026-09-18,2026-09-11,T+7,Economy,5586.0,441,220,368,735,7350.0,Available,OTA,Valid,
5180,35,BOM-HYD,IndiGo,IN308,2026-09-18,2026-09-17,T+1,Economy,5251.0,415,207,346,691,6910.0,Available,Airline Site,Valid,
5181,35,BOM-HYD,Air India,AI626,2026-09-18,2026-08-04,T+45,Economy,3025.0,239,119,199,398,3980.0,Available,OTA,Valid,
5182,35,BOM-HYD,Air India,AI890,2026-09-18,2026-08-19,T+30,Economy,4507.0,356,178,296,593,5930.0,Available,Airline Site,Valid,
5183,35,BOM-HYD,Air India,AI639,2026-09-18,2026-09-03,T+15,Economy,5237.0,413,207,344,689,6890.0,Available,OTA,Valid,
5184,35,BOM-HYD,Air India,AI600,2026-09-18,2026-09-11,T+7,Economy,6080.0,480,240,400,800,8000.0,Available,OTA,Valid,
5185,35,BOM-HYD,Air India,AI734,2026-09-18,2026-09-17,T+1,Economy,6072.0,479,240,400,799,7990.0,Available,OTA,Valid,
5186,35,BOM-HYD,Akasa,AK274,2026-09-18,2026-08-04,T+45,Economy,3306.0,261,130,218,435,4350.0,Available,OTA,Valid,
5187,35,BOM-HYD,Akasa,AK959,2026-09-18,2026-08-19,T+30,Economy,4325.0,341,171,284,569,5690.0,Available,Airline Site,Valid,
5188,35,BOM-HYD,Akasa,AK735,2026-09-18,2026-09-03,T+15,Economy,5282.0,417,208,348,695,6950.0,Available,Airline Site,Valid,
5189,35,BOM-HYD,Akasa,AK325,2026-09-18,2026-09-11,T+7,Economy,6498.0,513,256,428,855,8550.0,Available,Airline Site,Valid,
5190,35,BOM-HYD,Akasa,AK142,2026-09-18,2026-09-17,T+1,Economy,6673.0,527,263,439,878,8780.0,Available,Airline Site,Valid,
5191,35,BLR-HYD,IndiGo,IN365,2026-09-18,2026-08-04,T+45,Economy,2691.0,212,106,177,354,3540.0,Available,Airline Site,Valid,
5192,35,BLR-HYD,IndiGo,IN805,2026-09-18,2026-08-19,T+30,Economy,3496.0,276,138,230,460,4600.0,Available,OTA,Valid,
5193,35,BLR-HYD,IndiGo,IN347,2026-09-18,2026-09-03,T+15,Economy,4743.0,374,187,312,624,6240.0,Available,Airline Site,Valid,
5194,35,BLR-HYD,IndiGo,IN204,2026-09-18,2026-09-11,T+7,Economy,5579.0,440,220,367,734,7340.0,Available,OTA,Valid,
5195,35,BLR-HYD,IndiGo,IN402,2026-09-18,2026-09-17,T+1,Economy,5153.0,407,203,339,678,6780.0,Available,Airline Site,Valid,
5196,35,BLR-HYD,Air India,AI185,2026-09-18,2026-08-04,T+45,Economy,2789.0,220,110,184,367,3670.0,Available,OTA,Valid,
5197,35,BLR-HYD,Air India,AI164,2026-09-18,2026-08-19,T+30,Economy,3853.0,304,152,254,507,5070.0,Available,Airline Site,Valid,
5198,35,BLR-HYD,Air India,AI403,2026-09-18,2026-09-03,T+15,Economy,4621.0,365,182,304,608,6080.0,Sold Out,OTA,Flagged,Sold out at collection time
5199,35,BLR-HYD,Air India,AI202,2026-09-18,2026-09-11,T+7,Economy,5457.0,431,215,359,718,7180.0,Available,OTA,Valid,
5200,35,BLR-HYD,Air India,AI779,2026-09-18,2026-09-17,T+1,Economy,5586.0,441,220,368,735,7350.0,Available,OTA,Valid,
5201,35,BLR-HYD,Akasa,AK343,2026-09-18,2026-08-04,T+45,Economy,2971.0,235,117,196,391,3910.0,Available,OTA,Valid,
5202,35,BLR-HYD,Akasa,AK222,2026-09-18,2026-08-19,T+30,Economy,3967.0,313,157,261,522,5220.0,Available,Airline Site,Valid,
5203,35,BLR-HYD,Akasa,AK516,2026-09-18,2026-09-03,T+15,Economy,4963.0,392,196,326,653,6530.0,Available,OTA,Valid,
5204,35,BLR-HYD,Akasa,AK414,2026-09-18,2026-09-11,T+7,Economy,5199.0,410,205,342,684,6840.0,Available,Airline Site,Valid,
5205,35,BLR-HYD,Akasa,AK811,2026-09-18,2026-09-17,T+1,Economy,5411.0,427,214,356,712,7120.0,Available,OTA,Valid,
5206,35,DEL-MAA,IndiGo,IN960,2026-09-18,2026-08-04,T+45,Economy,2622.0,207,104,172,345,3450.0,Available,Airline Site,Valid,
5207,35,DEL-MAA,IndiGo,IN919,2026-09-18,2026-08-19,T+30,Economy,3291.0,260,130,216,433,4330.0,Available,OTA,Valid,
5208,35,DEL-MAA,IndiGo,IN615,2026-09-18,2026-09-03,T+15,Economy,4400.0,347,174,290,579,5790.0,Available,Airline Site,Valid,
5209,35,DEL-MAA,IndiGo,IN611,2026-09-18,2026-09-11,T+7,Economy,5115.0,404,202,336,673,6730.0,Available,OTA,Valid,
5210,35,DEL-MAA,IndiGo,IN955,2026-09-18,2026-09-17,T+1,Economy,4902.0,387,194,322,645,6450.0,Available,OTA,Valid,
5211,35,DEL-MAA,Air India,AI377,2026-09-18,2026-08-04,T+45,Economy,3002.0,237,118,198,395,3950.0,Available,Airline Site,Valid,
5212,35,DEL-MAA,Air India,AI682,2026-09-18,2026-08-19,T+30,Economy,4126.0,326,163,272,543,5430.0,Available,OTA,Valid,
5213,35,DEL-MAA,Air India,AI664,2026-09-18,2026-09-03,T+15,Economy,5267.0,416,208,346,693,6930.0,Available,Airline Site,Valid,
5214,35,DEL-MAA,Air India,AI131,2026-09-18,2026-09-11,T+7,Economy,5906.0,466,233,388,777,7770.0,Sold Out,OTA,Flagged,Sold out at collection time
5215,35,DEL-MAA,Air India,AI447,2026-09-18,2026-09-17,T+1,Economy,6719.0,530,265,442,884,8840.0,Available,Airline Site,Valid,
5216,35,DEL-MAA,Akasa,AK225,2026-09-18,2026-08-04,T+45,Economy,2667.0,211,105,176,351,3510.0,Available,OTA,Valid,
5217,35,DEL-MAA,Akasa,AK834,2026-09-18,2026-08-19,T+30,Economy,3389.0,268,134,223,446,4460.0,Available,OTA,Valid,
5218,35,DEL-MAA,Akasa,AK922,2026-09-18,2026-09-03,T+15,Economy,4704.0,371,186,310,619,6190.0,Available,Airline Site,Valid,
5219,35,DEL-MAA,Akasa,AK509,2026-09-18,2026-09-11,T+7,Economy,5655.0,446,223,372,744,7440.0,Sold Out,OTA,Flagged,Sold out at collection time
5220,35,DEL-MAA,Akasa,AK277,2026-09-18,2026-09-17,T+1,Economy,4833.0,382,191,318,636,6360.0,Available,Airline Site,Valid,
5221,35,BOM-MAA,IndiGo,IN588,2026-09-18,2026-08-04,T+45,Economy,3891.0,307,154,256,512,5120.0,Available,OTA,Valid,
5222,35,BOM-MAA,IndiGo,IN449,2026-09-18,2026-08-19,T+30,Economy,5472.0,432,216,360,720,7200.0,Sold Out,Airline Site,Flagged,Sold out at collection time
5223,35,BOM-MAA,IndiGo,IN614,2026-09-18,2026-09-03,T+15,Economy,6210.0,490,245,408,817,8170.0,Available,OTA,Valid,
5224,35,BOM-MAA,IndiGo,IN365,2026-09-18,2026-09-11,T+7,Economy,7524.0,594,297,495,990,9900.0,Available,Airline Site,Valid,
5225,35,BOM-MAA,IndiGo,IN961,2026-09-18,2026-09-17,T+1,Economy,8656.0,683,342,570,1139,11390.0,Available,Airline Site,Valid,
5226,35,BOM-MAA,Air India,AI622,2026-09-18,2026-08-04,T+45,Economy,3785.0,299,149,249,498,4980.0,Available,OTA,Valid,
5227,35,BOM-MAA,Air India,AI728,2026-09-18,2026-08-19,T+30,Economy,5069.0,400,200,334,667,6670.0,Available,Airline Site,Valid,
5228,35,BOM-MAA,Air India,AI153,2026-09-18,2026-09-03,T+15,Economy,5852.0,462,231,385,770,7700.0,Available,Airline Site,Valid,
5229,35,BOM-MAA,Air India,AI705,2026-09-18,2026-09-11,T+7,Economy,7578.0,598,299,498,997,9970.0,Sold Out,Airline Site,Flagged,Sold out at collection time
5230,35,BOM-MAA,Air India,AI988,2026-09-18,2026-09-17,T+1,Economy,8725.0,689,344,574,1148,11480.0,Available,OTA,Valid,
5231,35,BOM-MAA,Akasa,AK383,2026-09-18,2026-08-04,T+45,Economy,3686.0,291,146,242,485,4850.0,Available,OTA,Valid,
5232,35,BOM-MAA,Akasa,AK691,2026-09-18,2026-08-19,T+30,Economy,4994.0,394,197,328,657,6570.0,Available,Airline Site,Valid,
5233,35,BOM-MAA,Akasa,AK224,2026-09-18,2026-09-03,T+15,Economy,6049.0,478,239,398,796,7960.0,Available,OTA,Valid,
5234,35,BOM-MAA,Akasa,AK916,2026-09-18,2026-09-11,T+7,Economy,7372.0,582,291,485,970,9700.0,Available,OTA,Valid,
5235,35,BOM-MAA,Akasa,AK835,2026-09-18,2026-09-17,T+1,Economy,7760.0,613,306,510,1021,10210.0,Available,OTA,Valid,
5236,35,CCU-BLR,IndiGo,IN676,2026-09-18,2026-08-04,T+45,Economy,2622.0,207,104,172,345,3450.0,Available,OTA,Valid,
5237,35,CCU-BLR,IndiGo,IN674,2026-09-18,2026-08-19,T+30,Economy,3420.0,270,135,225,450,4500.0,Available,OTA,Valid,
5238,35,CCU-BLR,IndiGo,IN518,2026-09-18,2026-09-03,T+15,Economy,4940.0,390,195,325,650,6500.0,Available,Airline Site,Valid,
5239,35,CCU-BLR,IndiGo,IN326,2026-09-18,2026-09-11,T+7,Economy,5267.0,416,208,346,693,6930.0,Available,OTA,Valid,
5240,35,CCU-BLR,IndiGo,IN361,2026-09-18,2026-09-17,T+1,Economy,5427.0,428,214,357,714,7140.0,Available,OTA,Valid,
5241,35,CCU-BLR,Air India,AI954,2026-09-18,2026-08-04,T+45,Economy,2728.0,215,108,180,359,3590.0,Available,OTA,Valid,
5242,35,CCU-BLR,Air India,AI270,2026-09-18,2026-08-19,T+30,Economy,3626.0,286,143,238,477,4770.0,Available,Airline Site,Valid,
5243,35,CCU-BLR,Air India,AI268,2026-09-18,2026-09-03,T+15,Economy,4795.0,379,189,316,631,6310.0,Available,Airline Site,Valid,
5244,35,CCU-BLR,Air India,AI323,2026-09-18,2026-09-11,T+7,Economy,5229.0,413,206,344,688,6880.0,Available,OTA,Valid,
5245,35,CCU-BLR,Air India,AI622,2026-09-18,2026-09-17,T+1,Economy,5038.0,398,199,332,663,6630.0,Available,OTA,Valid,
5246,35,CCU-BLR,Akasa,AK532,2026-09-18,2026-08-04,T+45,Economy,2615.0,206,103,172,344,3440.0,Available,OTA,Valid,
5247,35,CCU-BLR,Akasa,AK725,2026-09-18,2026-08-19,T+30,Economy,3496.0,276,138,230,460,4600.0,Available,OTA,Valid,
5248,35,CCU-BLR,Akasa,AK591,2026-09-18,2026-09-03,T+15,Economy,4187.0,331,165,276,551,5510.0,Available,OTA,Valid,
5249,35,CCU-BLR,Akasa,AK586,2026-09-18,2026-09-11,T+7,Economy,4978.0,393,196,328,655,6550.0,Available,Airline Site,Valid,
5250,35,CCU-BLR,Akasa,AK183,2026-09-18,2026-09-17,T+1,Economy,4864.0,384,192,320,640,6400.0,Available,OTA,Valid,
5251,35,DEL-BOM,Air India,AI837,2026-10-18,2026-09-03,T+45,Economy,3504.0,277,138,230,461,4610.0,Available,Scraped (technical demo site),Valid,
5252,35,DEL-BOM,IndiGo,6E668,2026-10-18,2026-09-03,T+45,Economy,3527.0,278,139,232,464,4640.0,Available,Scraped (technical demo site),Valid,
5253,35,DEL-BOM,Akasa Air,QP519,2026-10-18,2026-09-03,T+45,Economy,3701.0,292,146,244,487,4870.0,Available,Scraped (technical demo site),Valid,
5254,35,DEL-BOM,IndiGo,6E737,2026-10-18,2026-09-03,T+45,Economy,4005.0,316,158,264,527,5270.0,Available,Scraped (technical demo site),Valid,
5255,35,DEL-BOM,Akasa Air,QP338,2026-10-18,2026-09-03,T+45,Economy,4028.0,318,159,265,530,5300.0,Available,Scraped (technical demo site),Valid,
5256,35,DEL-BOM,Air India,AI241,2026-10-18,2026-09-03,T+45,Economy,4066.0,321,160,268,535,5350.0,Available,Scraped (technical demo site),Valid,
5257,35,DEL-BOM,Air India,AI146,2026-10-18,2026-09-03,T+45,Economy,4515.0,356,178,297,594,5940.0,Available,Scraped (technical demo site),Valid,
5258,35,DEL-BOM,IndiGo,6E196,2026-10-18,2026-09-03,T+45,Economy,4529.0,358,179,298,596,5960.0,Available,Scraped (technical demo site),Valid,
5259,35,DEL-BOM,Air India,AI149,2026-10-03,2026-09-03,T+30,Economy,4734.0,374,187,312,623,6230.0,Available,Scraped (technical demo site),Valid,
5260,35,DEL-BOM,Akasa Air,QP221,2026-10-03,2026-09-03,T+30,Economy,5411.0,427,214,356,712,7120.0,Available,Scraped (technical demo site),Valid,
5261,35,DEL-BOM,IndiGo,6E730,2026-10-03,2026-09-03,T+30,Economy,5555.0,439,219,366,731,7310.0,Available,Scraped (technical demo site),Valid,
5262,35,DEL-BOM,Air India,AI295,2026-10-03,2026-09-03,T+30,Economy,5798.0,458,229,382,763,7630.0,Available,Scraped (technical demo site),Valid,
5263,35,DEL-BOM,Akasa Air,QP106,2026-10-03,2026-09-03,T+30,Economy,5837.0,461,230,384,768,7680.0,Available,Scraped (technical demo site),Valid,
5264,35,DEL-BOM,IndiGo,6E157,2026-10-03,2026-09-03,T+30,Economy,6498.0,513,256,428,855,8550.0,Available,Scraped (technical demo site),Valid,
5265,35,DEL-BOM,IndiGo,6E110,2026-09-18,2026-09-03,T+15,Economy,6505.0,514,257,428,856,8560.0,Available,Scraped (technical demo site),Valid,
5266,35,DEL-BOM,Akasa Air,QP882,2026-09-18,2026-09-03,T+15,Economy,6931.0,547,274,456,912,9120.0,Available,Scraped (technical demo site),Valid,
5267,35,DEL-BOM,Air India,AI782,2026-09-18,2026-09-03,T+15,Economy,7099.0,560,280,467,934,9340.0,Available,Scraped (technical demo site),Valid,
5268,35,DEL-BOM,IndiGo,6E720,2026-09-18,2026-09-03,T+15,Economy,7304.0,577,288,480,961,9610.0,Available,Scraped (technical demo site),Valid,
5269,35,DEL-BOM,Akasa Air,QP419,2026-09-18,2026-09-03,T+15,Economy,7638.0,603,302,502,1005,10050.0,Available,Scraped (technical demo site),Valid,
5270,35,DEL-BOM,Air India,AI640,2026-09-18,2026-09-03,T+15,Economy,8345.0,659,329,549,1098,10980.0,Available,Scraped (technical demo site),Valid,
5271,35,DEL-BOM,Air India,AI118,2026-09-10,2026-09-03,T+7,Economy,6802.0,537,268,448,895,8950.0,Available,Scraped (technical demo site),Valid,
5272,35,DEL-BOM,Air India,AI388,2026-09-10,2026-09-03,T+7,Economy,7053.0,557,278,464,928,9280.0,Available,Scraped (technical demo site),Valid,
5273,35,DEL-BOM,Akasa Air,QP132,2026-09-10,2026-09-03,T+7,Economy,7213.0,569,285,474,949,9490.0,Available,Scraped (technical demo site),Valid,
5274,35,DEL-BOM,IndiGo,6E841,2026-09-10,2026-09-03,T+7,Economy,7403.0,584,292,487,974,9740.0,Available,Scraped (technical demo site),Valid,
5275,35,DEL-BOM,IndiGo,6E271,2026-09-10,2026-09-03,T+7,Economy,7676.0,606,303,505,1010,10100.0,Available,Scraped (technical demo site),Valid,
5276,35,DEL-BOM,Akasa Air,QP717,2026-09-10,2026-09-03,T+7,Economy,8824.0,697,348,580,1161,11610.0,Available,Scraped (technical demo site),Valid,
5277,35,DEL-BOM,IndiGo,6E462,2026-09-10,2026-09-03,T+7,Economy,8976.0,709,354,590,1181,11810.0,Available,Scraped (technical demo site),Valid,
5278,35,DEL-BOM,Air India,AI884,2026-09-10,2026-09-03,T+7,Economy,9165.0,724,362,603,1206,12060.0,Available,Scraped (technical demo site),Valid,
5279,35,DEL-BOM,Akasa Air,QP633,2026-09-04,2026-09-03,T+1,Economy,7091.0,560,280,466,933,9330.0,Available,Scraped (technical demo site),Valid,
5280,35,DEL-BOM,IndiGo,6E820,2026-09-04,2026-09-03,T+1,Economy,7099.0,560,280,467,934,9340.0,Available,Scraped (technical demo site),Valid,
5281,35,DEL-BOM,Akasa Air,QP134,2026-09-04,2026-09-03,T+1,Economy,7327.0,578,289,482,964,9640.0,Available,Scraped (technical demo site),Valid,
5282,35,DEL-BOM,Air India,AI443,2026-09-04,2026-09-03,T+1,Economy,7493.0,592,296,493,986,9860.0,Available,Scraped (technical demo site),Valid,
5283,35,DEL-BOM,IndiGo,6E426,2026-09-04,2026-09-03,T+1,Economy,8041.0,635,317,529,1058,10580.0,Available,Scraped (technical demo site),Valid,
5284,35,DEL-BOM,Air India,AI752,2026-09-04,2026-09-03,T+1,Economy,8649.0,683,341,569,1138,11380.0,Available,Scraped (technical demo site),Valid,
5285,35,DEL-BOM,IndiGo,6E172,2026-09-04,2026-09-03,T+1,Economy,9766.0,771,386,642,1285,12850.0,Available,Scraped (technical demo site),Valid,
5286,35,DEL-BOM,Air India,AI642,2026-09-04,2026-09-03,T+1,Economy,9789.0,773,386,644,1288,12880.0,Available,Scraped (technical demo site),Valid,
5287,35,DEL-BLR,Akasa Air,QP792,2026-10-18,2026-09-03,T+45,Economy,3792.0,299,150,250,499,4990.0,Available,Scraped (technical demo site),Valid,
5288,35,DEL-BLR,IndiGo,6E592,2026-10-18,2026-09-03,T+45,Economy,3808.0,301,150,250,501,5010.0,Available,Scraped (technical demo site),Valid,
5289,35,DEL-BLR,Akasa Air,QP877,2026-10-18,2026-09-03,T+45,Economy,4225.0,334,167,278,556,5560.0,Available,Scraped (technical demo site),Valid,
5290,35,DEL-BLR,IndiGo,6E297,2026-10-18,2026-09-03,T+45,Economy,4545.0,359,179,299,598,5980.0,Available,Scraped (technical demo site),Valid,
5291,35,DEL-BLR,IndiGo,6E680,2026-10-18,2026-09-03,T+45,Economy,4690.0,370,185,308,617,6170.0,Available,Scraped (technical demo site),Valid,
5292,35,DEL-BLR,Air India,AI136,2026-10-18,2026-09-03,T+45,Economy,4803.0,379,190,316,632,6320.0,Available,Scraped (technical demo site),Valid,
5293,35,DEL-BLR,Air India,AI872,2026-10-18,2026-09-03,T+45,Economy,4971.0,392,196,327,654,6540.0,Available,Scraped (technical demo site),Valid,
5294,35,DEL-BLR,IndiGo,6E479,2026-10-03,2026-09-03,T+30,Economy,4886.0,386,193,322,643,6430.0,Available,Scraped (technical demo site),Valid,
5295,35,DEL-BLR,Akasa Air,QP171,2026-10-03,2026-09-03,T+30,Economy,5054.0,399,200,332,665,6650.0,Available,Scraped (technical demo site),Valid,
5296,35,DEL-BLR,IndiGo,6E382,2026-10-03,2026-09-03,T+30,Economy,5381.0,425,212,354,708,7080.0,Available,Scraped (technical demo site),Valid,
5297,35,DEL-BLR,Akasa Air,QP549,2026-10-03,2026-09-03,T+30,Economy,5593.0,442,221,368,736,7360.0,Available,Scraped (technical demo site),Valid,
5298,35,DEL-BLR,Air India,AI620,2026-10-03,2026-09-03,T+30,Economy,5646.0,446,223,372,743,7430.0,Available,Scraped (technical demo site),Valid,
5299,35,DEL-BLR,Air India,AI469,2026-10-03,2026-09-03,T+30,Economy,5798.0,458,229,382,763,7630.0,Available,Scraped (technical demo site),Valid,
5300,35,DEL-BLR,IndiGo,6E880,2026-10-03,2026-09-03,T+30,Economy,6726.0,531,266,442,885,8850.0,Available,Scraped (technical demo site),Valid,
5301,35,DEL-BLR,Air India,AI189,2026-09-18,2026-09-03,T+15,Economy,6673.0,527,263,439,878,8780.0,Available,Scraped (technical demo site),Valid,
5302,35,DEL-BLR,IndiGo,6E714,2026-09-18,2026-09-03,T+15,Economy,6840.0,540,270,450,900,9000.0,Available,Scraped (technical demo site),Valid,
5303,35,DEL-BLR,Air India,AI235,2026-09-18,2026-09-03,T+15,Economy,6901.0,545,272,454,908,9080.0,Available,Scraped (technical demo site),Valid,
5304,35,DEL-BLR,IndiGo,6E113,2026-09-18,2026-09-03,T+15,Economy,7426.0,586,293,488,977,9770.0,Available,Scraped (technical demo site),Flagged,Outlier fare for this route
5305,35,DEL-BLR,Akasa Air,QP846,2026-09-18,2026-09-03,T+15,Economy,7691.0,607,304,506,1012,10120.0,Available,Scraped (technical demo site),Flagged,Outlier fare for this route
5306,35,DEL-BLR,Akasa Air,QP585,2026-09-18,2026-09-03,T+15,Economy,7995.0,631,316,526,1052,10520.0,Available,Scraped (technical demo site),Flagged,Outlier fare for this route
5307,35,DEL-BLR,Air India,AI380,2026-09-18,2026-09-03,T+15,Economy,8109.0,640,320,534,1067,10670.0,Available,Scraped (technical demo site),Flagged,Outlier fare for this route
5308,35,DEL-BLR,IndiGo,6E556,2026-09-18,2026-09-03,T+15,Economy,8368.0,661,330,550,1101,11010.0,Available,Scraped (technical demo site),Flagged,Outlier fare for this route
5309,35,DEL-BLR,IndiGo,6E539,2026-09-10,2026-09-03,T+7,Economy,7578.0,598,299,498,997,9970.0,Available,Scraped (technical demo site),Flagged,Outlier fare for this route
5310,35,DEL-BLR,Air India,AI756,2026-09-10,2026-09-03,T+7,Economy,7935.0,626,313,522,1044,10440.0,Available,Scraped (technical demo site),Flagged,Outlier fare for this route
5311,35,DEL-BLR,IndiGo,6E619,2026-09-10,2026-09-03,T+7,Economy,8163.0,644,322,537,1074,10740.0,Available,Scraped (technical demo site),Flagged,Outlier fare for this route
5312,35,DEL-BLR,Air India,AI464,2026-09-10,2026-09-03,T+7,Economy,8246.0,651,326,542,1085,10850.0,Available,Scraped (technical demo site),Flagged,Outlier fare for this route
5313,35,DEL-BLR,IndiGo,6E875,2026-09-10,2026-09-03,T+7,Economy,8345.0,659,329,549,1098,10980.0,Available,Scraped (technical demo site),Flagged,Outlier fare for this route
5314,35,DEL-BLR,Akasa Air,QP506,2026-09-10,2026-09-03,T+7,Economy,8467.0,668,334,557,1114,11140.0,Available,Scraped (technical demo site),Flagged,Outlier fare for this route
5315,35,DEL-BLR,Akasa Air,QP893,2026-09-10,2026-09-03,T+7,Economy,9098.0,718,359,598,1197,11970.0,Available,Scraped (technical demo site),Flagged,Outlier fare for this route
5316,35,DEL-BLR,Air India,AI805,2026-09-04,2026-09-03,T+1,Economy,7304.0,577,288,480,961,9610.0,Available,Scraped (technical demo site),Flagged,Outlier fare for this route
5317,35,DEL-BLR,Akasa Air,QP367,2026-09-04,2026-09-03,T+1,Economy,8109.0,640,320,534,1067,10670.0,Available,Scraped (technical demo site),Flagged,Outlier fare for this route
5318,35,DEL-BLR,Akasa Air,QP755,2026-09-04,2026-09-03,T+1,Economy,8125.0,641,321,534,1069,10690.0,Available,Scraped (technical demo site),Flagged,Outlier fare for this route
5319,35,DEL-BLR,IndiGo,6E105,2026-09-04,2026-09-03,T+1,Economy,8284.0,654,327,545,1090,10900.0,Available,Scraped (technical demo site),Flagged,Outlier fare for this route
5320,35,DEL-BLR,Air India,AI121,2026-09-04,2026-09-03,T+1,Economy,9371.0,740,370,616,1233,12330.0,Available,Scraped (technical demo site),Flagged,Outlier fare for this route
5321,35,DEL-BLR,IndiGo,6E671,2026-09-04,2026-09-03,T+1,Economy,9888.0,781,390,650,1301,13010.0,Available,Scraped (technical demo site),Flagged,Outlier fare for this route
